kommun,year,uppform_aganderatt_antal
0114,2012,16311
0114,2013,16511
0114,2014,16875
0114,2015,16892
0114,2016,17083
0114,2017,17133
0114,2018,17185
0114,2019,17200
0114,2020,17269
0114,2021,17255
0114,2022,17331
0114,2023,17139
0115,2012,21318
0115,2013,21643
0115,2014,21908
0115,2015,22102
0115,2016,22971
0115,2017,23364
0115,2018,23499
0115,2019,23714
0115,2020,23796
0115,2021,23749
0115,2022,23843
0115,2023,23817
0117,2012,29909
0117,2013,29980
0117,2014,30281
0117,2015,30626
0117,2016,31663
0117,2017,31934
0117,2018,32121
0117,2019,32353
0117,2020,32813
0117,2021,33212
0117,2022,33443
0117,2023,33331
0120,2012,28438
0120,2013,28469
0120,2014,28830
0120,2015,29096
0120,2016,29742
0120,2017,30480
0120,2018,30490
0120,2019,30532
0120,2020,30790
0120,2021,31234
0120,2022,31144
0120,2023,30731
0123,2012,28521
0123,2013,28650
0123,2014,28778
0123,2015,28826
0123,2016,29493
0123,2017,29406
0123,2018,29334
0123,2019,29280
0123,2020,29105
0123,2021,29132
0123,2022,29245
0123,2023,29069
0125,2012,20067
0125,2013,20091
0125,2014,20271
0125,2015,20414
0125,2016,21364
0125,2017,21616
0125,2018,21756
0125,2019,21777
0125,2020,21780
0125,2021,21922
0125,2022,22083
0125,2023,21972
0126,2012,51127
0126,2013,51663
0126,2014,52404
0126,2015,52751
0126,2016,53721
0126,2017,54278
0126,2018,54483
0126,2019,54789
0126,2020,55061
0126,2021,55269
0126,2022,55523
0126,2023,55137
0127,2012,32563
0127,2013,32824
0127,2014,33698
0127,2015,33906
0127,2016,34528
0127,2017,32158
0127,2018,35074
0127,2019,35401
0127,2020,35327
0127,2021,35759
0127,2022,35814
0127,2023,35479
0128,2012,9087
0128,2013,9152
0128,2014,9303
0128,2015,9456
0128,2016,9557
0128,2017,9552
0128,2018,9585
0128,2019,9511
0128,2020,9545
0128,2021,9629
0128,2022,9663
0128,2023,9601
0136,2012,35333
0136,2013,35781
0136,2014,36192
0136,2015,36517
0136,2016,37690
0136,2017,38008
0136,2018,37957
0136,2019,38206
0136,2020,38418
0136,2021,38713
0136,2022,38812
0136,2023,38768
0138,2012,25387
0138,2013,25415
0138,2014,25936
0138,2015,26071
0138,2016,26232
0138,2017,26237
0138,2018,26295
0138,2019,26193
0138,2020,26129
0138,2021,26259
0138,2022,26245
0138,2023,25954
0139,2012,12010
0139,2013,11993
0139,2014,12144
0139,2015,12201
0139,2016,13325
0139,2017,13370
0139,2018,13431
0139,2019,13490
0139,2020,13516
0139,2021,13499
0139,2022,13580
0139,2023,13450
0140,2012,7352
0140,2013,7361
0140,2014,7440
0140,2015,7673
0140,2016,7764
0140,2017,7844
0140,2018,7857
0140,2019,7830
0140,2020,7808
0140,2021,7830
0140,2022,7813
0140,2023,7755
0160,2012,41790
0160,2013,41755
0160,2014,42237
0160,2015,42348
0160,2016,42660
0160,2017,42684
0160,2018,42680
0160,2019,42535
0160,2020,43210
0160,2021,42964
0160,2022,42977
0160,2023,42684
0162,2012,21333
0162,2013,21461
0162,2014,21561
0162,2015,21698
0162,2016,21805
0162,2017,21695
0162,2018,21667
0162,2019,21401
0162,2020,21223
0162,2021,21089
0162,2022,21019
0162,2023,20789
0163,2012,34739
0163,2013,34857
0163,2014,35036
0163,2015,34996
0163,2016,35089
0163,2017,35008
0163,2018,35064
0163,2019,35113
0163,2020,35088
0163,2021,35234
0163,2022,35102
0163,2023,34740
0180,2012,124623
0180,2013,125423
0180,2014,126293
0180,2015,126888
0180,2016,127547
0180,2017,127852
0180,2018,128050
0180,2019,128041
0180,2020,127676
0180,2021,127735
0180,2022,128112
0180,2023,127617
0181,2012,29668
0181,2013,29851
0181,2014,30322
0181,2015,30665
0181,2016,31511
0181,2017,31980
0181,2018,32085
0181,2019,32248
0181,2020,32076
0181,2021,31947
0181,2022,32225
0181,2023,32076
0182,2012,44958
0182,2013,45164
0182,2014,45422
0182,2015,45936
0182,2016,46443
0182,2017,46545
0182,2018,46444
0182,2019,46538
0182,2020,46538
0182,2021,46541
0182,2022,46689
0182,2023,46387
0183,2012,3531
0183,2013,3570
0183,2014,3673
0183,2015,3650
0183,2016,4606
0183,2017,4622
0183,2018,4606
0183,2019,4622
0183,2020,4586
0183,2021,4545
0183,2022,4555
0183,2023,4508
0184,2012,1320
0184,2013,1318
0184,2014,1361
0184,2015,1352
0184,2016,1855
0184,2017,1873
0184,2018,1937
0184,2019,1909
0184,2020,2227
0184,2021,2367
0184,2022,2431
0184,2023,2307
0186,2012,21805
0186,2013,21800
0186,2014,21930
0186,2015,22004
0186,2016,22353
0186,2017,22316
0186,2018,22383
0186,2019,22453
0186,2020,22332
0186,2021,22145
0186,2022,22448
0186,2023,22356
0187,2012,7033
0187,2013,6987
0187,2014,6996
0187,2015,7055
0187,2016,7273
0187,2017,7314
0187,2018,7288
0187,2019,7250
0187,2020,7202
0187,2021,7214
0187,2022,7169
0187,2023,7073
0188,2012,33725
0188,2013,34299
0188,2014,35069
0188,2015,35673
0188,2016,37876
0188,2017,38553
0188,2018,38910
0188,2019,39168
0188,2020,39783
0188,2021,40239
0188,2022,40259
0188,2023,39892
0191,2012,16085
0191,2013,16431
0191,2014,16632
0191,2015,16742
0191,2016,17613
0191,2017,17816
0191,2018,18047
0191,2019,18111
0191,2020,18099
0191,2021,18191
0191,2022,18241
0191,2023,18202
0192,2012,13903
0192,2013,13854
0192,2014,13982
0192,2015,13974
0192,2016,14448
0192,2017,14545
0192,2018,14715
0192,2019,14730
0192,2020,14836
0192,2021,14941
0192,2022,14926
0192,2023,14839
0305,2012,14686
0305,2013,14745
0305,2014,14753
0305,2015,14911
0305,2016,15229
0305,2017,15390
0305,2018,15534
0305,2019,15511
0305,2020,15545
0305,2021,15613
0305,2022,15587
0305,2023,15480
0319,2012,6593
0319,2013,6581
0319,2014,6598
0319,2015,6574
0319,2016,6637
0319,2017,6604
0319,2018,6632
0319,2019,6653
0319,2020,6667
0319,2021,6714
0319,2022,6688
0319,2023,6682
0330,2012,10725
0330,2013,10893
0330,2014,11032
0330,2015,11263
0330,2016,11658
0330,2017,11838
0330,2018,11930
0330,2019,11840
0330,2020,11869
0330,2021,11966
0330,2022,12112
0330,2023,12161
0331,2012,10392
0331,2013,10406
0331,2014,10397
0331,2015,10399
0331,2016,10651
0331,2017,10640
0331,2018,10666
0331,2019,10647
0331,2020,10708
0331,2021,10804
0331,2022,10830
0331,2023,10722
0360,2012,13657
0360,2013,13591
0360,2014,13549
0360,2015,13625
0360,2016,13752
0360,2017,13697
0360,2018,13798
0360,2019,13738
0360,2020,13677
0360,2021,13750
0360,2022,13717
0360,2023,13573
0380,2012,74859
0380,2013,75500
0380,2014,75935
0380,2015,76790
0380,2016,78389
0380,2017,78467
0380,2018,78130
0380,2019,77972
0380,2020,77894
0380,2021,79358
0380,2022,80005
0380,2023,79839
0381,2012,24437
0381,2013,24468
0381,2014,24638
0381,2015,24743
0381,2016,25146
0381,2017,25230
0381,2018,25412
0381,2019,25615
0381,2020,25905
0381,2021,26220
0381,2022,26208
0381,2023,26266
0382,2012,14970
0382,2013,15030
0382,2014,15164
0382,2015,15166
0382,2016,15302
0382,2017,15280
0382,2018,15301
0382,2019,15332
0382,2020,15279
0382,2021,15381
0382,2022,15265
0382,2023,15083
0428,2012,6330
0428,2013,6218
0428,2014,6314
0428,2015,6284
0428,2016,6359
0428,2017,6331
0428,2018,6291
0428,2019,6283
0428,2020,6268
0428,2021,6260
0428,2022,6259
0428,2023,6166
0461,2012,7104
0461,2013,7164
0461,2014,7252
0461,2015,7330
0461,2016,7521
0461,2017,7571
0461,2018,7601
0461,2019,7592
0461,2020,7591
0461,2021,7492
0461,2022,7575
0461,2023,7529
0480,2012,25512
0480,2013,25575
0480,2014,25668
0480,2015,25708
0480,2016,26265
0480,2017,26191
0480,2018,26143
0480,2019,26101
0480,2020,26143
0480,2021,26280
0480,2022,26174
0480,2023,26055
0481,2012,5485
0481,2013,5481
0481,2014,5440
0481,2015,5462
0481,2016,5484
0481,2017,5541
0481,2018,5514
0481,2019,5557
0481,2020,5559
0481,2021,5588
0481,2022,5544
0481,2023,5475
0482,2012,9984
0482,2013,9830
0482,2014,9827
0482,2015,9741
0482,2016,9874
0482,2017,9792
0482,2018,9713
0482,2019,9603
0482,2020,9533
0482,2021,9413
0482,2022,9332
0482,2023,9214
0483,2012,16927
0483,2013,16864
0483,2014,16683
0483,2015,16625
0483,2016,17027
0483,2017,16958
0483,2018,16992
0483,2019,17002
0483,2020,17024
0483,2021,16915
0483,2022,16811
0483,2023,16784
0484,2012,42385
0484,2013,42333
0484,2014,42525
0484,2015,42453
0484,2016,43169
0484,2017,43211
0484,2018,43201
0484,2019,43232
0484,2020,43249
0484,2021,43420
0484,2022,43276
0484,2023,42968
0486,2012,19364
0486,2013,19186
0486,2014,19973
0486,2015,20183
0486,2016,20497
0486,2017,20806
0486,2018,20932
0486,2019,21185
0486,2020,21246
0486,2021,21499
0486,2022,21492
0486,2023,21284
0488,2012,8244
0488,2013,8203
0488,2014,8188
0488,2015,8115
0488,2016,8573
0488,2017,8595
0488,2018,8565
0488,2019,8559
0488,2020,8571
0488,2021,8579
0488,2022,8472
0488,2023,8405
0509,2012,4267
0509,2013,4197
0509,2014,4214
0509,2015,4189
0509,2016,4273
0509,2017,4253
0509,2018,4204
0509,2019,4215
0509,2020,4236
0509,2021,4210
0509,2022,4198
0509,2023,4162
0512,2012,3046
0512,2013,3040
0512,2014,3083
0512,2015,3053
0512,2016,3071
0512,2017,3081
0512,2018,3081
0512,2019,3098
0512,2020,3085
0512,2021,3065
0512,2022,3045
0512,2023,3014
0513,2012,7311
0513,2013,7257
0513,2014,7245
0513,2015,7208
0513,2016,7383
0513,2017,7324
0513,2018,7311
0513,2019,7355
0513,2020,7428
0513,2021,7418
0513,2022,7393
0513,2023,7327
0560,2012,3899
0560,2013,3892
0560,2014,3926
0560,2015,3903
0560,2016,3939
0560,2017,3974
0560,2018,3962
0560,2019,3955
0560,2020,3962
0560,2021,3964
0560,2022,3940
0560,2023,3971
0561,2012,8400
0561,2013,8350
0561,2014,8275
0561,2015,8292
0561,2016,8414
0561,2017,8406
0561,2018,8338
0561,2019,8318
0561,2020,8291
0561,2021,8285
0561,2022,8235
0561,2023,8153
0562,2012,12503
0562,2013,12513
0562,2014,12548
0562,2015,12556
0562,2016,12730
0562,2017,12650
0562,2018,12722
0562,2019,12781
0562,2020,12726
0562,2021,12739
0562,2022,12669
0562,2023,12549
0563,2012,5787
0563,2013,5735
0563,2014,5735
0563,2015,5731
0563,2016,5816
0563,2017,5848
0563,2018,5879
0563,2019,5816
0563,2020,5786
0563,2021,5779
0563,2022,5729
0563,2023,5642
0580,2012,60258
0580,2013,60263
0580,2014,61397
0580,2015,61812
0580,2016,62896
0580,2017,63142
0580,2018,63554
0580,2019,63881
0580,2020,63989
0580,2021,64034
0580,2022,63896
0580,2023,63653
0581,2012,54738
0581,2013,54971
0581,2014,55449
0581,2015,55802
0581,2016,56840
0581,2017,57192
0581,2018,57605
0581,2019,58003
0581,2020,58190
0581,2021,58568
0581,2022,58956
0581,2023,59112
0582,2012,9992
0582,2013,9989
0582,2014,10094
0582,2015,10059
0582,2016,10328
0582,2017,10391
0582,2018,10442
0582,2019,10392
0582,2020,10431
0582,2021,10484
0582,2022,10417
0582,2023,10336
0583,2012,24947
0583,2013,24887
0583,2014,24983
0583,2015,25080
0583,2016,25282
0583,2017,25330
0583,2018,25341
0583,2019,25198
0583,2020,25190
0583,2021,25189
0583,2022,25227
0583,2023,25081
0584,2012,4481
0584,2013,4469
0584,2014,4488
0584,2015,4488
0584,2016,4461
0584,2017,4503
0584,2018,4483
0584,2019,4428
0584,2020,4445
0584,2021,4420
0584,2022,4415
0584,2023,4405
0586,2012,16539
0586,2013,16451
0586,2014,16426
0586,2015,16484
0586,2016,16469
0586,2017,16673
0586,2018,16830
0586,2019,16984
0586,2020,17107
0586,2021,17227
0586,2022,17352
0586,2023,17404
0604,2012,4902
0604,2013,4870
0604,2014,4896
0604,2015,4893
0604,2016,5047
0604,2017,5131
0604,2018,5149
0604,2019,5157
0604,2020,5107
0604,2021,5171
0604,2022,5140
0604,2023,5111
0617,2012,6725
0617,2013,6683
0617,2014,6670
0617,2015,6620
0617,2016,6654
0617,2017,6744
0617,2018,6718
0617,2019,6687
0617,2020,6642
0617,2021,6627
0617,2022,6584
0617,2023,6483
0642,2012,5427
0642,2013,5379
0642,2014,5424
0642,2015,5443
0642,2016,5555
0642,2017,5575
0642,2018,5565
0642,2019,5550
0642,2020,5609
0642,2021,5608
0642,2022,5597
0642,2023,5606
0643,2012,8763
0643,2013,8868
0643,2014,9065
0643,2015,9287
0643,2016,9536
0643,2017,9619
0643,2018,9698
0643,2019,9713
0643,2020,9937
0643,2021,9962
0643,2022,9948
0643,2023,9896
0662,2012,19799
0662,2013,19659
0662,2014,19624
0662,2015,19607
0662,2016,19659
0662,2017,19574
0662,2018,19621
0662,2019,19667
0662,2020,19595
0662,2021,19640
0662,2022,19607
0662,2023,19407
0665,2012,9922
0665,2013,9917
0665,2014,9955
0665,2015,9965
0665,2016,10101
0665,2017,10253
0665,2018,10379
0665,2019,10498
0665,2020,10570
0665,2021,10760
0665,2022,10890
0665,2023,10802
0680,2012,67017
0680,2013,66841
0680,2014,67275
0680,2015,67414
0680,2016,68496
0680,2017,68780
0680,2018,69080
0680,2019,69367
0680,2020,69690
0680,2021,69734
0680,2022,69707
0680,2023,69626
0682,2012,19278
0682,2013,19162
0682,2014,19236
0682,2015,19280
0682,2016,19550
0682,2017,19615
0682,2018,19757
0682,2019,19763
0682,2020,19865
0682,2021,19951
0682,2022,20031
0682,2023,19823
0683,2012,21217
0683,2013,21142
0683,2014,21255
0683,2015,21325
0683,2016,21517
0683,2017,21513
0683,2018,21509
0683,2019,21438
0683,2020,21335
0683,2021,21339
0683,2022,21245
0683,2023,21043
0684,2012,8141
0684,2013,8102
0684,2014,8099
0684,2015,8135
0684,2016,8361
0684,2017,8384
0684,2018,8387
0684,2019,8429
0684,2020,8479
0684,2021,8473
0684,2022,8555
0684,2023,8490
0685,2012,19106
0685,2013,19047
0685,2014,19031
0685,2015,19034
0685,2016,19346
0685,2017,19469
0685,2018,19540
0685,2019,19460
0685,2020,19538
0685,2021,19532
0685,2022,19493
0685,2023,19234
0686,2012,10649
0686,2013,10601
0686,2014,10717
0686,2015,10782
0686,2016,10916
0686,2017,10970
0686,2018,11014
0686,2019,11058
0686,2020,11090
0686,2021,11068
0686,2022,11128
0686,2023,11121
0687,2012,10391
0687,2013,10357
0687,2014,10389
0687,2015,10327
0687,2016,10471
0687,2017,10419
0687,2018,10350
0687,2019,10327
0687,2020,10240
0687,2021,10226
0687,2022,10139
0687,2023,10153
0760,2012,7074
0760,2013,7058
0760,2014,7022
0760,2015,7018
0760,2016,7137
0760,2017,7117
0760,2018,7072
0760,2019,7053
0760,2020,7006
0760,2021,6976
0760,2022,6936
0760,2023,6877
0761,2012,6121
0761,2013,6102
0761,2014,6030
0761,2015,6096
0761,2016,6175
0761,2017,6140
0761,2018,6069
0761,2019,6066
0761,2020,6050
0761,2021,6010
0761,2022,5964
0761,2023,5882
0763,2012,9447
0763,2013,9388
0763,2014,9372
0763,2015,9296
0763,2016,9483
0763,2017,9473
0763,2018,9440
0763,2019,9375
0763,2020,9346
0763,2021,9279
0763,2022,9300
0763,2023,9218
0764,2012,13955
0764,2013,13922
0764,2014,13973
0764,2015,13974
0764,2016,14112
0764,2017,14153
0764,2018,14137
0764,2019,14156
0764,2020,14183
0764,2021,14318
0764,2022,14316
0764,2023,14303
0765,2012,11119
0765,2013,11118
0765,2014,11161
0765,2015,11229
0765,2016,11377
0765,2017,11463
0765,2018,11617
0765,2019,11660
0765,2020,11725
0765,2021,11756
0765,2022,11734
0765,2023,11646
0767,2012,7138
0767,2013,7156
0767,2014,7087
0767,2015,7094
0767,2016,7166
0767,2017,7219
0767,2018,7162
0767,2019,7108
0767,2020,7243
0767,2021,7260
0767,2022,7205
0767,2023,7178
0780,2012,44258
0780,2013,44281
0780,2014,44492
0780,2015,44618
0780,2016,45142
0780,2017,45413
0780,2018,45335
0780,2019,45723
0780,2020,45745
0780,2021,45934
0780,2022,45967
0780,2023,45951
0781,2012,18674
0781,2013,18481
0781,2014,18510
0781,2015,18468
0781,2016,18784
0781,2017,18900
0781,2018,18879
0781,2019,18810
0781,2020,18709
0781,2021,18696
0781,2022,18678
0781,2023,18485
0821,2012,4680
0821,2013,4623
0821,2014,4629
0821,2015,4618
0821,2016,4710
0821,2017,4723
0821,2018,4711
0821,2019,4595
0821,2020,4518
0821,2021,4520
0821,2022,4522
0821,2023,4422
0834,2012,5631
0834,2013,5540
0834,2014,5623
0834,2015,5562
0834,2016,5683
0834,2017,5710
0834,2018,5695
0834,2019,5694
0834,2020,5745
0834,2021,5729
0834,2022,5650
0834,2023,5626
0840,2012,11764
0840,2013,11756
0840,2014,12107
0840,2015,12149
0840,2016,12341
0840,2017,12393
0840,2018,12317
0840,2019,12369
0840,2020,12538
0840,2021,12582
0840,2022,12661
0840,2023,12694
0860,2012,10012
0860,2013,9914
0860,2014,9906
0860,2015,9841
0860,2016,9957
0860,2017,9976
0860,2018,9970
0860,2019,9948
0860,2020,9950
0860,2021,9950
0860,2022,9929
0860,2023,9834
0861,2012,9772
0861,2013,9767
0861,2014,9812
0861,2015,9794
0861,2016,9953
0861,2017,9990
0861,2018,9947
0861,2019,9801
0861,2020,9739
0861,2021,9755
0861,2022,9800
0861,2023,9689
0862,2012,7038
0862,2013,6971
0862,2014,6910
0862,2015,6933
0862,2016,7035
0862,2017,7005
0862,2018,6938
0862,2019,6999
0862,2020,6940
0862,2021,6877
0862,2022,6866
0862,2023,6695
0880,2012,32487
0880,2013,32602
0880,2014,32849
0880,2015,33085
0880,2016,33570
0880,2017,33709
0880,2018,33882
0880,2019,33997
0880,2020,34212
0880,2021,34399
0880,2022,34660
0880,2023,34487
0881,2012,13094
0881,2013,13014
0881,2014,13051
0881,2015,13000
0881,2016,13022
0881,2017,13074
0881,2018,13038
0881,2019,13046
0881,2020,13084
0881,2021,13076
0881,2022,13063
0881,2023,12951
0882,2012,16309
0882,2013,16305
0882,2014,16282
0882,2015,16249
0882,2016,16360
0882,2017,16462
0882,2018,16513
0882,2019,16462
0882,2020,16402
0882,2021,16478
0882,2022,16354
0882,2023,16239
0883,2012,22361
0883,2013,22187
0883,2014,22172
0883,2015,22129
0883,2016,22348
0883,2017,22365
0883,2018,22332
0883,2019,22301
0883,2020,22204
0883,2021,22250
0883,2022,22201
0883,2023,22046
0884,2012,10732
0884,2013,10577
0884,2014,10569
0884,2015,10522
0884,2016,10624
0884,2017,10526
0884,2018,10501
0884,2019,10418
0884,2020,10461
0884,2021,10404
0884,2022,10333
0884,2023,10233
0885,2012,8501
0885,2013,8419
0885,2014,8481
0885,2015,8357
0885,2016,8573
0885,2017,8591
0885,2018,8588
0885,2019,8464
0885,2020,8463
0885,2021,8463
0885,2022,8396
0885,2023,8269
0980,2012,36471
0980,2013,36152
0980,2014,36032
0980,2015,35776
0980,2016,36496
0980,2017,36622
0980,2018,36646
0980,2019,36536
0980,2020,36751
0980,2021,37157
0980,2022,37190
0980,2023,36910
1060,2012,9117
1060,2013,9043
1060,2014,8995
1060,2015,8977
1060,2016,9042
1060,2017,9056
1060,2018,9001
1060,2019,8967
1060,2020,8920
1060,2021,8934
1060,2022,8830
1060,2023,8827
1080,2012,38217
1080,2013,38083
1080,2014,38309
1080,2015,38522
1080,2016,39817
1080,2017,40128
1080,2018,40176
1080,2019,40124
1080,2020,40188
1080,2021,40304
1080,2022,40275
1080,2023,40000
1081,2012,20114
1081,2013,19996
1081,2014,20026
1081,2015,19963
1081,2016,20400
1081,2017,20407
1081,2018,20435
1081,2019,20441
1081,2020,20352
1081,2021,20285
1081,2022,20107
1081,2023,19945
1082,2012,19990
1082,2013,19903
1082,2014,19869
1082,2015,19988
1082,2016,20199
1082,2017,20084
1082,2018,20125
1082,2019,20214
1082,2020,20183
1082,2021,20056
1082,2022,20147
1082,2023,20006
1083,2012,12298
1083,2013,12295
1083,2014,12310
1083,2015,12419
1083,2016,12544
1083,2017,12566
1083,2018,12465
1083,2019,12468
1083,2020,12469
1083,2021,12440
1083,2022,12412
1083,2023,12343
1214,2012,10185
1214,2013,10166
1214,2014,10195
1214,2015,10271
1214,2016,10614
1214,2017,10653
1214,2018,10711
1214,2019,10823
1214,2020,10779
1214,2021,10874
1214,2022,10938
1214,2023,10910
1230,2012,16314
1230,2013,16502
1230,2014,16676
1230,2015,16721
1230,2016,17226
1230,2017,17662
1230,2018,18002
1230,2019,18350
1230,2020,18503
1230,2021,18443
1230,2022,18725
1230,2023,18765
1231,2012,7722
1231,2013,7821
1231,2014,7847
1231,2015,7927
1231,2016,7985
1231,2017,8043
1231,2018,8093
1231,2019,8162
1231,2020,8075
1231,2021,8132
1231,2022,8154
1231,2023,8093
1233,2012,28553
1233,2013,28516
1233,2014,28614
1233,2015,28910
1233,2016,29618
1233,2017,29837
1233,2018,29991
1233,2019,30048
1233,2020,30102
1233,2021,29959
1233,2022,30352
1233,2023,30044
1256,2012,10480
1256,2013,10407
1256,2014,10502
1256,2015,10537
1256,2016,10609
1256,2017,10640
1256,2018,10642
1256,2019,10705
1256,2020,10714
1256,2021,10732
1256,2022,10676
1256,2023,10500
1257,2012,7193
1257,2013,7211
1257,2014,7263
1257,2015,7287
1257,2016,7398
1257,2017,7416
1257,2018,7487
1257,2019,7515
1257,2020,7610
1257,2021,7683
1257,2022,7677
1257,2023,7580
1260,2012,10674
1260,2013,10607
1260,2014,10645
1260,2015,10614
1260,2016,10768
1260,2017,10844
1260,2018,10851
1260,2019,10863
1260,2020,10731
1260,2021,10712
1260,2022,10749
1260,2023,10546
1261,2012,20867
1261,2013,20940
1261,2014,21117
1261,2015,21368
1261,2016,21630
1261,2017,22020
1261,2018,22192
1261,2019,22223
1261,2020,22247
1261,2021,22230
1261,2022,22148
1261,2023,22010
1262,2012,16796
1262,2013,16990
1262,2014,17250
1262,2015,17366
1262,2016,17866
1262,2017,17941
1262,2018,17997
1262,2019,17928
1262,2020,17930
1262,2021,17891
1262,2022,17812
1262,2023,17619
1263,2012,14524
1263,2013,14589
1263,2014,14547
1263,2015,14652
1263,2016,15106
1263,2017,15134
1263,2018,15202
1263,2019,15167
1263,2020,15339
1263,2021,15424
1263,2022,15517
1263,2023,15512
1264,2012,10825
1264,2013,10777
1264,2014,10845
1264,2015,10935
1264,2016,11096
1264,2017,11229
1264,2018,11309
1264,2019,11280
1264,2020,11372
1264,2021,11562
1264,2022,11559
1264,2023,11594
1265,2012,14925
1265,2013,14957
1265,2014,15034
1265,2015,15078
1265,2016,15342
1265,2017,15501
1265,2018,15485
1265,2019,15444
1265,2020,15568
1265,2021,15619
1265,2022,15642
1265,2023,15494
1266,2012,11452
1266,2013,11417
1266,2014,11443
1266,2015,11455
1266,2016,11693
1266,2017,11882
1266,2018,11986
1266,2019,11964
1266,2020,12025
1266,2021,12158
1266,2022,12129
1266,2023,12002
1267,2012,12564
1267,2013,12677
1267,2014,12809
1267,2015,12898
1267,2016,13205
1267,2017,13344
1267,2018,13449
1267,2019,13513
1267,2020,13646
1267,2021,13723
1267,2022,13864
1267,2023,13766
1270,2012,9211
1270,2013,9116
1270,2014,9232
1270,2015,9324
1270,2016,9534
1270,2017,9563
1270,2018,9638
1270,2019,9681
1270,2020,9691
1270,2021,9676
1270,2022,9718
1270,2023,9609
1272,2012,9247
1272,2013,9259
1272,2014,9328
1272,2015,9378
1272,2016,9448
1272,2017,9381
1272,2018,9333
1272,2019,9330
1272,2020,9252
1272,2021,9266
1272,2022,9222
1272,2023,9185
1273,2012,9008
1273,2013,9074
1273,2014,9115
1273,2015,9130
1273,2016,9176
1273,2017,9158
1273,2018,9253
1273,2019,9232
1273,2020,9211
1273,2021,9263
1273,2022,9282
1273,2023,9198
1275,2012,4164
1275,2013,4145
1275,2014,4136
1275,2015,4127
1275,2016,4110
1275,2017,4157
1275,2018,4170
1275,2019,4219
1275,2020,4198
1275,2021,4158
1275,2022,4107
1275,2023,4083
1276,2012,11187
1276,2013,11157
1276,2014,11231
1276,2015,11299
1276,2016,11598
1276,2017,11713
1276,2018,11691
1276,2019,11709
1276,2020,11675
1276,2021,11641
1276,2022,11742
1276,2023,11636
1277,2012,9449
1277,2013,9450
1277,2014,9490
1277,2015,9530
1277,2016,9753
1277,2017,9821
1277,2018,9864
1277,2019,9793
1277,2020,9820
1277,2021,9804
1277,2022,9805
1277,2023,9792
1278,2012,11152
1278,2013,11194
1278,2014,11244
1278,2015,11191
1278,2016,11394
1278,2017,11410
1278,2018,11355
1278,2019,11311
1278,2020,11440
1278,2021,11590
1278,2022,11516
1278,2023,11343
1280,2012,67670
1280,2013,68258
1280,2014,68878
1280,2015,69559
1280,2016,70730
1280,2017,71489
1280,2018,72453
1280,2019,72586
1280,2020,72989
1280,2021,73117
1280,2022,73327
1280,2023,73118
1281,2012,42865
1281,2013,43025
1281,2014,43197
1281,2015,43348
1281,2016,44416
1281,2017,44344
1281,2018,44153
1281,2019,43964
1281,2020,44644
1281,2021,44450
1281,2022,44274
1281,2023,44055
1282,2012,16018
1282,2013,15985
1282,2014,16186
1282,2015,16362
1282,2016,16811
1282,2017,16979
1282,2018,17060
1282,2019,17207
1282,2020,17214
1282,2021,17210
1282,2022,17809
1282,2023,17767
1283,2012,49346
1283,2013,49515
1283,2014,49879
1283,2015,50277
1283,2016,51237
1283,2017,51629
1283,2018,51653
1283,2019,52035
1283,2020,52144
1283,2021,52138
1283,2022,52046
1283,2023,51602
1284,2012,19139
1284,2013,19129
1284,2014,19086
1284,2015,19229
1284,2016,19427
1284,2017,19572
1284,2018,19440
1284,2019,19486
1284,2020,19378
1284,2021,19279
1284,2022,19099
1284,2023,18825
1285,2012,19769
1285,2013,19714
1285,2014,19691
1285,2015,19779
1285,2016,19938
1285,2017,19830
1285,2018,19792
1285,2019,19797
1285,2020,19904
1285,2021,19918
1285,2022,19770
1285,2023,19562
1286,2012,16145
1286,2013,16117
1286,2014,16218
1286,2015,16327
1286,2016,16869
1286,2017,16975
1286,2018,16900
1286,2019,16942
1286,2020,16890
1286,2021,16828
1286,2022,16607
1286,2023,16412
1287,2012,25065
1287,2013,25217
1287,2014,25446
1287,2015,25700
1287,2016,26537
1287,2017,26813
1287,2018,26911
1287,2019,26815
1287,2020,26834
1287,2021,26873
1287,2022,26951
1287,2023,26791
1290,2012,48996
1290,2013,48842
1290,2014,49046
1290,2015,49247
1290,2016,49760
1290,2017,49906
1290,2018,50185
1290,2019,50109
1290,2020,50419
1290,2021,50453
1290,2022,50192
1290,2023,50096
1291,2012,13525
1291,2013,13442
1291,2014,13403
1291,2015,13367
1291,2016,13479
1291,2017,13461
1291,2018,13322
1291,2019,13190
1291,2020,13271
1291,2021,13132
1291,2022,12968
1291,2023,12930
1292,2012,24873
1292,2013,24824
1292,2014,24930
1292,2015,25042
1292,2016,25448
1292,2017,25682
1292,2018,25798
1292,2019,25942
1292,2020,26149
1292,2021,26491
1292,2022,26545
1292,2023,26447
1293,2012,34361
1293,2013,34107
1293,2014,34320
1293,2015,34413
1293,2016,34756
1293,2017,34955
1293,2018,35056
1293,2019,34978
1293,2020,34941
1293,2021,35002
1293,2022,34813
1293,2023,34619
1315,2012,7620
1315,2013,7573
1315,2014,7649
1315,2015,7640
1315,2016,7782
1315,2017,7798
1315,2018,7805
1315,2019,7688
1315,2020,7710
1315,2021,7697
1315,2022,7589
1315,2023,7522
1380,2012,51063
1380,2013,51102
1380,2014,51477
1380,2015,52021
1380,2016,52787
1380,2017,53247
1380,2018,53483
1380,2019,53688
1380,2020,53859
1380,2021,54085
1380,2022,53981
1380,2023,53972
1381,2012,19005
1381,2013,18964
1381,2014,19111
1381,2015,19257
1381,2016,19611
1381,2017,19791
1381,2018,20001
1381,2019,20133
1381,2020,20174
1381,2021,20443
1381,2022,20414
1381,2023,20368
1382,2012,28477
1382,2013,28452
1382,2014,28715
1382,2015,28940
1382,2016,29561
1382,2017,29725
1382,2018,29816
1382,2019,30002
1382,2020,30150
1382,2021,30390
1382,2022,30381
1382,2023,30300
1383,2012,37231
1383,2013,37578
1383,2014,37775
1383,2015,38011
1383,2016,38740
1383,2017,39031
1383,2018,39341
1383,2019,39774
1383,2020,40258
1383,2021,40611
1383,2022,40846
1383,2023,40844
1384,2012,59417
1384,2013,59721
1384,2014,60191
1384,2015,60512
1384,2016,61762
1384,2017,62400
1384,2018,62935
1384,2019,63241
1384,2020,63527
1384,2021,63748
1384,2022,63772
1384,2023,63706
1401,2012,26444
1401,2013,26600
1401,2014,26893
1401,2015,27142
1401,2016,27749
1401,2017,28029
1401,2018,28153
1401,2019,28234
1401,2020,28276
1401,2021,28404
1401,2022,28526
1401,2023,28422
1402,2012,19563
1402,2013,19714
1402,2014,19957
1402,2015,20031
1402,2016,20097
1402,2017,20195
1402,2018,20346
1402,2019,20219
1402,2020,20198
1402,2021,20121
1402,2022,20106
1402,2023,20134
1407,2012,11118
1407,2013,11134
1407,2014,11168
1407,2015,11128
1407,2016,11248
1407,2017,11235
1407,2018,11210
1407,2019,11177
1407,2020,11193
1407,2021,11070
1407,2022,10943
1407,2023,10860
1415,2012,17234
1415,2013,17123
1415,2014,17492
1415,2015,17645
1415,2016,17970
1415,2017,18121
1415,2018,18211
1415,2019,18352
1415,2020,18517
1415,2021,18677
1415,2022,18794
1415,2023,18741
1419,2012,12711
1419,2013,12571
1419,2014,12558
1419,2015,12574
1419,2016,13107
1419,2017,13089
1419,2018,13009
1419,2019,12914
1419,2020,12909
1419,2021,13000
1419,2022,12846
1419,2023,12726
1421,2012,12407
1421,2013,12339
1421,2014,12371
1421,2015,12369
1421,2016,12376
1421,2017,12378
1421,2018,12340
1421,2019,12389
1421,2020,12455
1421,2021,12457
1421,2022,12456
1421,2023,12351
1427,2012,6445
1427,2013,6346
1427,2014,6278
1427,2015,6304
1427,2016,6359
1427,2017,6277
1427,2018,6206
1427,2019,6205
1427,2020,6238
1427,2021,6234
1427,2022,6241
1427,2023,6132
1430,2012,7863
1430,2013,7790
1430,2014,7834
1430,2015,7746
1430,2016,7896
1430,2017,7919
1430,2018,7908
1430,2019,7877
1430,2020,7886
1430,2021,7843
1430,2022,7828
1430,2023,7753
1435,2012,9750
1435,2013,9750
1435,2014,9773
1435,2015,9834
1435,2016,10021
1435,2017,10028
1435,2018,10012
1435,2019,10032
1435,2020,10069
1435,2021,10139
1435,2022,10142
1435,2023,9981
1438,2012,3457
1438,2013,3450
1438,2014,3475
1438,2015,3462
1438,2016,3451
1438,2017,3412
1438,2018,3408
1438,2019,3410
1438,2020,3416
1438,2021,3431
1438,2022,3367
1438,2023,3336
1439,2012,5234
1439,2013,5152
1439,2014,5090
1439,2015,5087
1439,2016,5153
1439,2017,5107
1439,2018,5123
1439,2019,5132
1439,2020,5113
1439,2021,5044
1439,2022,5012
1439,2023,4963
1440,2012,19079
1440,2013,19220
1440,2014,19334
1440,2015,19319
1440,2016,19699
1440,2017,19927
1440,2018,20259
1440,2019,20326
1440,2020,20468
1440,2021,20575
1440,2022,20597
1440,2023,20596
1441,2012,30697
1441,2013,30836
1441,2014,31208
1441,2015,31577
1441,2016,32034
1441,2017,32446
1441,2018,32644
1441,2019,32669
1441,2020,32907
1441,2021,33134
1441,2022,33015
1441,2023,32935
1442,2012,8178
1442,2013,8180
1442,2014,8179
1442,2015,8199
1442,2016,8289
1442,2017,8323
1442,2018,8378
1442,2019,8350
1442,2020,8427
1442,2021,8414
1442,2022,8395
1442,2023,8383
1443,2012,6722
1443,2013,6732
1443,2014,6820
1443,2015,6853
1443,2016,7064
1443,2017,7115
1443,2018,7163
1443,2019,7241
1443,2020,7191
1443,2021,7257
1443,2022,7199
1443,2023,7146
1444,2012,4484
1444,2013,4457
1444,2014,4443
1444,2015,4432
1444,2016,4477
1444,2017,4481
1444,2018,4427
1444,2019,4385
1444,2020,4369
1444,2021,4368
1444,2022,4328
1444,2023,4284
1445,2012,4547
1445,2013,4500
1445,2014,4509
1445,2015,4550
1445,2016,4613
1445,2017,4553
1445,2018,4568
1445,2019,4517
1445,2020,4591
1445,2021,4566
1445,2022,4524
1445,2023,4493
1446,2012,4810
1446,2013,4827
1446,2014,4850
1446,2015,4747
1446,2016,4782
1446,2017,4791
1446,2018,4792
1446,2019,4779
1446,2020,4812
1446,2021,4834
1446,2022,4906
1446,2023,4861
1447,2012,4134
1447,2013,4071
1447,2014,4056
1447,2015,4020
1447,2016,4038
1447,2017,4040
1447,2018,3976
1447,2019,3965
1447,2020,3937
1447,2021,3911
1447,2022,3922
1447,2023,3900
1452,2012,9180
1452,2013,9090
1452,2014,9167
1452,2015,9102
1452,2016,9206
1452,2017,9288
1452,2018,9257
1452,2019,9257
1452,2020,9261
1452,2021,9269
1452,2022,9211
1452,2023,9181
1460,2012,7368
1460,2013,7276
1460,2014,7226
1460,2015,7132
1460,2016,7176
1460,2017,7144
1460,2018,7125
1460,2019,7034
1460,2020,7007
1460,2021,6905
1460,2022,6820
1460,2023,6733
1461,2012,6813
1461,2013,6748
1461,2014,6695
1461,2015,6739
1461,2016,6823
1461,2017,6823
1461,2018,6818
1461,2019,6292
1461,2020,6707
1461,2021,6636
1461,2022,6656
1461,2023,6610
1462,2012,9613
1462,2013,9612
1462,2014,9749
1462,2015,9862
1462,2016,10198
1462,2017,10425
1462,2018,10454
1462,2019,10480
1462,2020,10604
1462,2021,10748
1462,2022,10786
1462,2023,10750
1463,2012,24746
1463,2013,24619
1463,2014,24704
1463,2015,24704
1463,2016,24965
1463,2017,25082
1463,2018,25065
1463,2019,25009
1463,2020,25053
1463,2021,25143
1463,2022,25278
1463,2023,25276
1465,2012,8227
1465,2013,8229
1465,2014,8193
1465,2015,8207
1465,2016,8296
1465,2017,8332
1465,2018,8313
1465,2019,8346
1465,2020,8264
1465,2021,8355
1465,2022,8343
1465,2023,8278
1466,2012,7079
1466,2013,7055
1466,2014,7080
1466,2015,6987
1466,2016,7083
1466,2017,7080
1466,2018,7048
1466,2019,6992
1466,2020,6998
1466,2021,7012
1466,2022,7019
1466,2023,6939
1470,2012,12441
1470,2013,12373
1470,2014,12332
1470,2015,12360
1470,2016,12507
1470,2017,12618
1470,2018,12577
1470,2019,12570
1470,2020,12505
1470,2021,12483
1470,2022,12392
1470,2023,12330
1471,2012,10002
1471,2013,9902
1471,2014,9907
1471,2015,9867
1471,2016,10061
1471,2017,10039
1471,2018,9926
1471,2019,9868
1471,2020,9808
1471,2021,9776
1471,2022,9779
1471,2023,9618
1472,2012,7516
1472,2013,7515
1472,2014,7523
1472,2015,7550
1472,2016,7616
1472,2017,7619
1472,2018,7555
1472,2019,7466
1472,2020,7475
1472,2021,7459
1472,2022,7465
1472,2023,7397
1473,2012,6642
1473,2013,6555
1473,2014,6475
1473,2015,6531
1473,2016,6619
1473,2017,6616
1473,2018,6537
1473,2019,6522
1473,2020,6504
1473,2021,6528
1473,2022,6458
1473,2023,6434
1480,2012,142743
1480,2013,143413
1480,2014,144750
1480,2015,145721
1480,2016,147290
1480,2017,148134
1480,2018,148934
1480,2019,149136
1480,2020,149415
1480,2021,149311
1480,2022,149253
1480,2023,148501
1481,2012,32386
1481,2013,32343
1481,2014,32919
1481,2015,33079
1481,2016,33585
1481,2017,33642
1481,2018,33775
1481,2019,34074
1481,2020,33910
1481,2021,33836
1481,2022,33839
1481,2023,33673
1482,2012,26157
1482,2013,26209
1482,2014,26434
1482,2015,26703
1482,2016,27671
1482,2017,28149
1482,2018,28430
1482,2019,28714
1482,2020,29035
1482,2021,29064
1482,2022,29115
1482,2023,28957
1484,2012,9134
1484,2013,9017
1484,2014,9056
1484,2015,9069
1484,2016,9094
1484,2017,9032
1484,2018,8963
1484,2019,8914
1484,2020,8830
1484,2021,8843
1484,2022,8764
1484,2023,8648
1485,2012,27519
1485,2013,27452
1485,2014,27876
1485,2015,27992
1485,2016,28624
1485,2017,28917
1485,2018,29036
1485,2019,29213
1485,2020,29272
1485,2021,29324
1485,2022,29133
1485,2023,28835
1486,2012,7698
1486,2013,7802
1486,2014,7888
1486,2015,7950
1486,2016,8133
1486,2017,8238
1486,2018,8219
1486,2019,8167
1486,2020,8115
1486,2021,8105
1486,2022,8047
1486,2023,7839
1487,2012,21391
1487,2013,21299
1487,2014,21318
1487,2015,21376
1487,2016,21647
1487,2017,21818
1487,2018,21736
1487,2019,21614
1487,2020,21511
1487,2021,21500
1487,2022,21402
1487,2023,21455
1488,2012,27152
1488,2013,27172
1488,2014,27289
1488,2015,27322
1488,2016,27587
1488,2017,27675
1488,2018,27755
1488,2019,27772
1488,2020,27846
1488,2021,27868
1488,2022,27679
1488,2023,27548
1489,2012,22804
1489,2013,22826
1489,2014,22945
1489,2015,23171
1489,2016,23448
1489,2017,23592
1489,2018,23784
1489,2019,23758
1489,2020,23902
1489,2021,24012
1489,2022,24163
1489,2023,24093
1490,2012,51527
1490,2013,51534
1490,2014,51714
1490,2015,51857
1490,2016,52336
1490,2017,52558
1490,2018,52830
1490,2019,53018
1490,2020,53063
1490,2021,53278
1490,2022,53233
1490,2023,53152
1491,2012,16494
1491,2013,16396
1491,2014,16413
1491,2015,16530
1491,2016,16666
1491,2017,16849
1491,2018,16916
1491,2019,17012
1491,2020,16950
1491,2021,16934
1491,2022,16880
1491,2023,16730
1492,2012,8066
1492,2013,7971
1492,2014,7982
1492,2015,7995
1492,2016,8130
1492,2017,8028
1492,2018,8001
1492,2019,7933
1492,2020,7846
1492,2021,7863
1492,2022,7769
1492,2023,7644
1493,2012,14200
1493,2013,14125
1493,2014,14133
1493,2015,14151
1493,2016,14241
1493,2017,14296
1493,2018,14308
1493,2019,14398
1493,2020,14418
1493,2021,14559
1493,2022,14568
1493,2023,14500
1494,2012,23537
1494,2013,23489
1494,2014,23569
1494,2015,23628
1494,2016,24024
1494,2017,24128
1494,2018,24136
1494,2019,24173
1494,2020,24196
1494,2021,24210
1494,2022,24061
1494,2023,23820
1495,2012,10951
1495,2013,10933
1495,2014,10881
1495,2015,10802
1495,2016,10891
1495,2017,10792
1495,2018,10756
1495,2019,10728
1495,2020,10647
1495,2021,10621
1495,2022,10609
1495,2023,10531
1496,2012,27252
1496,2013,27366
1496,2014,27487
1496,2015,27650
1496,2016,28135
1496,2017,28325
1496,2018,28263
1496,2019,28537
1496,2020,28833
1496,2021,28939
1496,2022,28956
1496,2023,28982
1497,2012,6344
1497,2013,6326
1497,2014,6346
1497,2015,6408
1497,2016,6458
1497,2017,6488
1497,2018,6441
1497,2019,6453
1497,2020,6437
1497,2021,6483
1497,2022,6467
1497,2023,6485
1498,2012,8722
1498,2013,8702
1498,2014,8774
1498,2015,8798
1498,2016,8858
1498,2017,8915
1498,2018,8919
1498,2019,8906
1498,2020,8935
1498,2021,8941
1498,2022,8945
1498,2023,8927
1499,2012,20715
1499,2013,20620
1499,2014,20655
1499,2015,20711
1499,2016,20907
1499,2017,20929
1499,2018,20799
1499,2019,20842
1499,2020,20897
1499,2021,20908
1499,2022,20866
1499,2023,20651
1715,2012,8597
1715,2013,8593
1715,2014,8635
1715,2015,8564
1715,2016,8586
1715,2017,8620
1715,2018,8626
1715,2019,8638
1715,2020,8686
1715,2021,8712
1715,2022,8704
1715,2023,8672
1730,2012,6626
1730,2013,6546
1730,2014,6572
1730,2015,6506
1730,2016,6498
1730,2017,6414
1730,2018,6353
1730,2019,6324
1730,2020,6396
1730,2021,6359
1730,2022,6356
1730,2023,6267
1737,2012,9572
1737,2013,9400
1737,2014,9327
1737,2015,9227
1737,2016,9308
1737,2017,9153
1737,2018,9019
1737,2019,8843
1737,2020,8836
1737,2021,8770
1737,2022,8740
1737,2023,8698
1760,2012,3277
1760,2013,3229
1760,2014,3207
1760,2015,3144
1760,2016,3166
1760,2017,3189
1760,2018,3151
1760,2019,3189
1760,2020,3210
1760,2021,3208
1760,2022,3191
1760,2023,3113
1761,2012,10770
1761,2013,10696
1761,2014,10841
1761,2015,10896
1761,2016,11146
1761,2017,11296
1761,2018,11373
1761,2019,11380
1761,2020,11379
1761,2021,11405
1761,2022,11415
1761,2023,11472
1762,2012,2712
1762,2013,2692
1762,2014,2659
1762,2015,2612
1762,2016,2631
1762,2017,2653
1762,2018,2665
1762,2019,2644
1762,2020,2688
1762,2021,2701
1762,2022,2689
1762,2023,2673
1763,2012,8892
1763,2013,8811
1763,2014,8862
1763,2015,8879
1763,2016,8864
1763,2017,8871
1763,2018,8885
1763,2019,8888
1763,2020,8927
1763,2021,8984
1763,2022,8980
1763,2023,8906
1764,2012,6437
1764,2013,6414
1764,2014,6396
1764,2015,6392
1764,2016,6468
1764,2017,6431
1764,2018,6425
1764,2019,6378
1764,2020,6396
1764,2021,6433
1764,2022,6405
1764,2023,6420
1765,2012,7530
1765,2013,7446
1765,2014,7373
1765,2015,7348
1765,2016,7375
1765,2017,7360
1765,2018,7346
1765,2019,7359
1765,2020,7304
1765,2021,7272
1765,2022,7176
1765,2023,7127
1766,2012,10384
1766,2013,10234
1766,2014,10235
1766,2015,10156
1766,2016,10284
1766,2017,10230
1766,2018,10217
1766,2019,10180
1766,2020,10203
1766,2021,10203
1766,2022,10216
1766,2023,10148
1780,2012,39931
1780,2013,39989
1780,2014,40079
1780,2015,40273
1780,2016,40579
1780,2017,40701
1780,2018,40543
1780,2019,40747
1780,2020,40988
1780,2021,41134
1780,2022,41068
1780,2023,40927
1781,2012,13749
1781,2013,13679
1781,2014,13600
1781,2015,13573
1781,2016,13747
1781,2017,13763
1781,2018,13665
1781,2019,13568
1781,2020,13647
1781,2021,13498
1781,2022,13568
1781,2023,13400
1782,2012,7044
1782,2013,6963
1782,2014,6943
1782,2015,6893
1782,2016,7017
1782,2017,7015
1782,2018,6952
1782,2019,6914
1782,2020,6895
1782,2021,6932
1782,2022,6863
1782,2023,6711
1783,2012,9250
1783,2013,9081
1783,2014,9007
1783,2015,8936
1783,2016,8978
1783,2017,8854
1783,2018,8772
1783,2019,8715
1783,2020,8689
1783,2021,8686
1783,2022,8700
1783,2023,8710
1784,2012,17137
1784,2013,17058
1784,2014,17014
1784,2015,16933
1784,2016,17198
1784,2017,17207
1784,2018,17182
1784,2019,17115
1784,2020,17017
1784,2021,17054
1784,2022,16966
1784,2023,16744
1785,2012,11256
1785,2013,11142
1785,2014,11068
1785,2015,10923
1785,2016,10973
1785,2017,10980
1785,2018,10890
1785,2019,10754
1785,2020,10827
1785,2021,10851
1785,2022,10735
1785,2023,10578
1814,2012,6084
1814,2013,6053
1814,2014,6147
1814,2015,6227
1814,2016,6349
1814,2017,6439
1814,2018,6520
1814,2019,6544
1814,2020,6676
1814,2021,6690
1814,2022,6765
1814,2023,6631
1860,2012,4141
1860,2013,4146
1860,2014,4137
1860,2015,4067
1860,2016,4117
1860,2017,4013
1860,2018,4016
1860,2019,4013
1860,2020,4010
1860,2021,3984
1860,2022,3983
1860,2023,3900
1861,2012,10635
1861,2013,10542
1861,2014,10504
1861,2015,10539
1861,2016,10680
1861,2017,10772
1861,2018,10614
1861,2019,10591
1861,2020,10593
1861,2021,10624
1861,2022,10675
1861,2023,10557
1862,2012,7041
1862,2013,6978
1862,2014,6967
1862,2015,6900
1862,2016,6915
1862,2017,6879
1862,2018,6770
1862,2019,6794
1862,2020,6782
1862,2021,6727
1862,2022,6733
1862,2023,6618
1863,2012,4769
1863,2013,4699
1863,2014,4675
1863,2015,4635
1863,2016,4641
1863,2017,4610
1863,2018,4536
1863,2019,4477
1863,2020,4478
1863,2021,4493
1863,2022,4396
1863,2023,4372
1864,2012,3376
1864,2013,3292
1864,2014,3278
1864,2015,3223
1864,2016,3235
1864,2017,3246
1864,2018,3217
1864,2019,3187
1864,2020,3155
1864,2021,3167
1864,2022,3093
1864,2023,3013
1880,2012,53531
1880,2013,53552
1880,2014,54487
1880,2015,55006
1880,2016,55136
1880,2017,56002
1880,2018,56098
1880,2019,56400
1880,2020,56727
1880,2021,56877
1880,2022,56717
1880,2023,56651
1881,2012,13165
1881,2013,13218
1881,2014,13292
1881,2015,13331
1881,2016,13424
1881,2017,13264
1881,2018,13167
1881,2019,13169
1881,2020,13189
1881,2021,13196
1881,2022,13085
1881,2023,13119
1882,2012,7988
1882,2013,7955
1882,2014,8010
1882,2015,8040
1882,2016,8139
1882,2017,8095
1882,2018,8147
1882,2019,8166
1882,2020,8231
1882,2021,8246
1882,2022,8200
1882,2023,8164
1883,2012,17171
1883,2013,17133
1883,2014,17072
1883,2015,17096
1883,2016,17183
1883,2017,17095
1883,2018,16994
1883,2019,16932
1883,2020,16857
1883,2021,16928
1883,2022,16815
1883,2023,16748
1884,2012,6746
1884,2013,6791
1884,2014,6832
1884,2015,6824
1884,2016,6925
1884,2017,6983
1884,2018,6943
1884,2019,6962
1884,2020,6936
1884,2021,6955
1884,2022,6836
1884,2023,6768
1885,2012,15776
1885,2013,15697
1885,2014,15756
1885,2015,15718
1885,2016,15809
1885,2017,15779
1885,2018,15738
1885,2019,15703
1885,2020,15719
1885,2021,15629
1885,2022,15574
1885,2023,15461
1904,2012,3202
1904,2013,3167
1904,2014,3148
1904,2015,3137
1904,2016,3149
1904,2017,3195
1904,2018,3252
1904,2019,3261
1904,2020,3312
1904,2021,3298
1904,2022,3299
1904,2023,3267
1907,2012,6995
1907,2013,6927
1907,2014,6927
1907,2015,6957
1907,2016,7025
1907,2017,7005
1907,2018,7002
1907,2019,6962
1907,2020,6977
1907,2021,6998
1907,2022,6922
1907,2023,6897
1960,2012,5709
1960,2013,5691
1960,2014,5663
1960,2015,5646
1960,2016,5727
1960,2017,5733
1960,2018,5706
1960,2019,5656
1960,2020,5689
1960,2021,5746
1960,2022,5728
1960,2023,5638
1961,2012,9403
1961,2013,9370
1961,2014,9412
1961,2015,9393
1961,2016,9448
1961,2017,9445
1961,2018,9405
1961,2019,9410
1961,2020,9436
1961,2021,9390
1961,2022,9461
1961,2023,9351
1962,2012,3568
1962,2013,3474
1962,2014,3478
1962,2015,3506
1962,2016,3568
1962,2017,3547
1962,2018,3536
1962,2019,3519
1962,2020,3509
1962,2021,3504
1962,2022,3512
1962,2023,3456
1980,2012,61174
1980,2013,61355
1980,2014,61994
1980,2015,62549
1980,2016,63271
1980,2017,63675
1980,2018,64501
1980,2019,64804
1980,2020,65199
1980,2021,65562
1980,2022,66163
1980,2023,66075
1981,2012,13813
1981,2013,13778
1981,2014,13797
1981,2015,13801
1981,2016,14011
1981,2017,14017
1981,2018,13974
1981,2019,13977
1981,2020,13885
1981,2021,13913
1981,2022,13735
1981,2023,13696
1982,2012,6282
1982,2013,6280
1982,2014,6293
1982,2015,6287
1982,2016,6347
1982,2017,6396
1982,2018,6457
1982,2019,6442
1982,2020,6404
1982,2021,6453
1982,2022,6479
1982,2023,6430
1983,2012,12530
1983,2013,12482
1983,2014,12435
1983,2015,12460
1983,2016,12718
1983,2017,12756
1983,2018,12757
1983,2019,12778
1983,2020,12698
1983,2021,12739
1983,2022,12741
1983,2023,12690
1984,2012,7564
1984,2013,7519
1984,2014,7581
1984,2015,7625
1984,2016,7644
1984,2017,7641
1984,2018,7614
1984,2019,7584
1984,2020,7663
1984,2021,7684
1984,2022,7748
1984,2023,7712
2021,2012,5635
2021,2013,5525
2021,2014,5502
2021,2015,5470
2021,2016,5538
2021,2017,5502
2021,2018,5485
2021,2019,5455
2021,2020,5464
2021,2021,5410
2021,2022,5379
2021,2023,5306
2023,2012,7924
2023,2013,7844
2023,2014,7784
2023,2015,7745
2023,2016,7918
2023,2017,7913
2023,2018,7851
2023,2019,7816
2023,2020,7789
2023,2021,7801
2023,2022,7774
2023,2023,7720
2026,2012,8857
2026,2013,8803
2026,2014,8797
2026,2015,8840
2026,2016,8972
2026,2017,9014
2026,2018,9002
2026,2019,8988
2026,2020,9063
2026,2021,9123
2026,2022,9085
2026,2023,9012
2029,2012,11731
2029,2013,11719
2029,2014,11621
2029,2015,11647
2029,2016,11897
2029,2017,11961
2029,2018,12011
2029,2019,11942
2029,2020,11958
2029,2021,12091
2029,2022,12143
2029,2023,12023
2031,2012,7947
2031,2013,7857
2031,2014,7853
2031,2015,7810
2031,2016,7920
2031,2017,7947
2031,2018,7985
2031,2019,7932
2031,2020,8011
2031,2021,8053
2031,2022,8013
2031,2023,7931
2034,2012,4851
2034,2013,4850
2034,2014,4848
2034,2015,4766
2034,2016,4859
2034,2017,4863
2034,2018,4818
2034,2019,4818
2034,2020,4823
2034,2021,4890
2034,2022,4858
2034,2023,4805
2039,2012,5652
2039,2013,5600
2039,2014,5566
2039,2015,5579
2039,2016,5809
2039,2017,5810
2039,2018,5806
2039,2019,5724
2039,2020,5706
2039,2021,5701
2039,2022,5643
2039,2023,5569
2061,2012,8439
2061,2013,8392
2061,2014,8382
2061,2015,8417
2061,2016,8555
2061,2017,8565
2061,2018,8539
2061,2019,8496
2061,2020,8503
2061,2021,8458
2061,2022,8354
2061,2023,8310
2062,2012,14609
2062,2013,14541
2062,2014,14468
2062,2015,14427
2062,2016,14699
2062,2017,14618
2062,2018,14678
2062,2019,14604
2062,2020,14641
2062,2021,14686
2062,2022,14681
2062,2023,14605
2080,2012,33659
2080,2013,33660
2080,2014,33704
2080,2015,33646
2080,2016,34187
2080,2017,34218
2080,2018,34174
2080,2019,34150
2080,2020,34067
2080,2021,34072
2080,2022,34014
2080,2023,33859
2081,2012,26119
2081,2013,25940
2081,2014,26010
2081,2015,25918
2081,2016,26145
2081,2017,26159
2081,2018,26135
2081,2019,26082
2081,2020,26128
2081,2021,26204
2081,2022,26089
2081,2023,25849
2082,2012,8310
2082,2013,8208
2082,2014,8198
2082,2015,8210
2082,2016,8339
2082,2017,8351
2082,2018,8293
2082,2019,8240
2082,2020,8209
2082,2021,8252
2082,2022,8268
2082,2023,8218
2083,2012,10322
2083,2013,10239
2083,2014,10242
2083,2015,10287
2083,2016,10469
2083,2017,10452
2083,2018,10399
2083,2019,10328
2083,2020,10336
2083,2021,10342
2083,2022,10296
2083,2023,10270
2084,2012,13209
2084,2013,13077
2084,2014,13109
2084,2015,13167
2084,2016,13272
2084,2017,13270
2084,2018,13283
2084,2019,13279
2084,2020,13349
2084,2021,13389
2084,2022,13407
2084,2023,13271
2085,2012,15163
2085,2013,15106
2085,2014,15058
2085,2015,15139
2085,2016,15441
2085,2017,15395
2085,2018,15283
2085,2019,15208
2085,2020,15048
2085,2021,14903
2085,2022,14833
2085,2023,14750
2101,2012,4309
2101,2013,4225
2101,2014,4236
2101,2015,4256
2101,2016,4273
2101,2017,4282
2101,2018,4246
2101,2019,4263
2101,2020,4266
2101,2021,4233
2101,2022,4200
2101,2023,4186
2104,2012,6137
2104,2013,6096
2104,2014,6054
2104,2015,6040
2104,2016,6108
2104,2017,6122
2104,2018,6132
2104,2019,6178
2104,2020,6110
2104,2021,6143
2104,2022,6056
2104,2023,6057
2121,2012,8522
2121,2013,8453
2121,2014,8435
2121,2015,8424
2121,2016,8565
2121,2017,8548
2121,2018,8508
2121,2019,8441
2121,2020,8462
2121,2021,8454
2121,2022,8378
2121,2023,8318
2132,2012,7732
2132,2013,7648
2132,2014,7670
2132,2015,7609
2132,2016,7678
2132,2017,7662
2132,2018,7647
2132,2019,7629
2132,2020,7636
2132,2021,7671
2132,2022,7652
2132,2023,7553
2161,2012,13608
2161,2013,13421
2161,2014,13395
2161,2015,13303
2161,2016,13500
2161,2017,13424
2161,2018,13424
2161,2019,13303
2161,2020,13337
2161,2021,13304
2161,2022,13343
2161,2023,13136
2180,2012,41826
2180,2013,41758
2180,2014,42176
2180,2015,42389
2180,2016,42665
2180,2017,42837
2180,2018,42890
2180,2019,42955
2180,2020,42981
2180,2021,42966
2180,2022,43113
2180,2023,42915
2181,2012,22183
2181,2013,22026
2181,2014,22171
2181,2015,22097
2181,2016,22297
2181,2017,22301
2181,2018,22292
2181,2019,22199
2181,2020,22216
2181,2021,22178
2181,2022,22109
2181,2023,21867
2182,2012,15853
2182,2013,15710
2182,2014,15654
2182,2015,15628
2182,2016,15700
2182,2017,15562
2182,2018,15517
2182,2019,15418
2182,2020,15397
2182,2021,15332
2182,2022,15148
2182,2023,15005
2183,2012,16951
2183,2013,16804
2183,2014,16891
2183,2015,16752
2183,2016,16982
2183,2017,16940
2183,2018,16947
2183,2019,16755
2183,2020,16741
2183,2021,16672
2183,2022,16571
2183,2023,16423
2184,2012,23532
2184,2013,23338
2184,2014,23477
2184,2015,23504
2184,2016,23893
2184,2017,23919
2184,2018,23840
2184,2019,23738
2184,2020,23671
2184,2021,23756
2184,2022,23936
2184,2023,23836
2260,2012,7300
2260,2013,7213
2260,2014,7151
2260,2015,7117
2260,2016,7227
2260,2017,7189
2260,2018,7176
2260,2019,7150
2260,2020,7177
2260,2021,7183
2260,2022,7108
2260,2023,7098
2262,2012,11792
2262,2013,11760
2262,2014,11804
2262,2015,11786
2262,2016,11803
2262,2017,11789
2262,2018,11811
2262,2019,11741
2262,2020,11677
2262,2021,11620
2262,2022,11525
2262,2023,11331
2280,2012,14707
2280,2013,14558
2280,2014,14501
2280,2015,14415
2280,2016,14659
2280,2017,14639
2280,2018,14591
2280,2019,14544
2280,2020,14454
2280,2021,14452
2280,2022,14325
2280,2023,14239
2281,2012,50469
2281,2013,50413
2281,2014,50631
2281,2015,50656
2281,2016,50912
2281,2017,50874
2281,2018,50664
2281,2019,50609
2281,2020,50668
2281,2021,50501
2281,2022,50244
2281,2023,49688
2282,2012,14146
2282,2013,13992
2282,2014,14058
2282,2015,13894
2282,2016,14090
2282,2017,14105
2282,2018,13944
2282,2019,13760
2282,2020,13690
2282,2021,13603
2282,2022,13520
2282,2023,13333
2283,2012,14016
2283,2013,13777
2283,2014,13849
2283,2015,13726
2283,2016,14050
2283,2017,13867
2283,2018,13752
2283,2019,13729
2283,2020,13565
2283,2021,13588
2283,2022,13418
2283,2023,13366
2284,2012,39539
2284,2013,39447
2284,2014,39552
2284,2015,39489
2284,2016,39881
2284,2017,39825
2284,2018,39719
2284,2019,39494
2284,2020,39374
2284,2021,39409
2284,2022,39214
2284,2023,39032
2303,2012,4357
2303,2013,4346
2303,2014,4348
2303,2015,4319
2303,2016,4390
2303,2017,4365
2303,2018,4314
2303,2019,4276
2303,2020,4263
2303,2021,4236
2303,2022,4250
2303,2023,4196
2305,2012,5246
2305,2013,5163
2305,2014,5053
2305,2015,4997
2305,2016,5104
2305,2017,5100
2305,2018,5048
2305,2019,5020
2305,2020,4937
2305,2021,4921
2305,2022,4872
2305,2023,4831
2309,2012,11442
2309,2013,11148
2309,2014,11598
2309,2015,11736
2309,2016,12248
2309,2017,12262
2309,2018,12338
2309,2019,12381
2309,2020,12483
2309,2021,12571
2309,2022,12675
2309,2023,12633
2313,2012,8973
2313,2013,8815
2313,2014,8712
2313,2015,8620
2313,2016,8780
2313,2017,8802
2313,2018,8735
2313,2019,8688
2313,2020,8613
2313,2021,8612
2313,2022,8496
2313,2023,8310
2321,2012,7226
2321,2013,7120
2321,2014,7228
2321,2015,7268
2321,2016,7711
2321,2017,7761
2321,2018,7903
2321,2019,8021
2321,2020,8126
2321,2021,8166
2321,2022,8172
2321,2023,8272
2326,2012,6053
2326,2013,5957
2326,2014,5905
2326,2015,5862
2326,2016,5983
2326,2017,5963
2326,2018,5958
2326,2019,5958
2326,2020,5962
2326,2021,5957
2326,2022,5970
2326,2023,5928
2361,2012,7691
2361,2013,7622
2361,2014,7531
2361,2015,7570
2361,2016,7703
2361,2017,7586
2361,2018,7628
2361,2019,7572
2361,2020,7548
2361,2021,7564
2361,2022,7653
2361,2023,7623
2380,2012,26233
2380,2013,26321
2380,2014,26554
2380,2015,26686
2380,2016,27235
2380,2017,27335
2380,2018,27644
2380,2019,27776
2380,2020,27797
2380,2021,27885
2380,2022,27875
2380,2023,27804
2401,2012,5623
2401,2013,5576
2401,2014,5601
2401,2015,5565
2401,2016,5704
2401,2017,5700
2401,2018,5711
2401,2019,5711
2401,2020,5713
2401,2021,5720
2401,2022,5685
2401,2023,5604
2403,2012,2008
2403,2013,2014
2403,2014,2022
2403,2015,2009
2403,2016,2012
2403,2017,1996
2403,2018,1971
2403,2019,1946
2403,2020,1937
2403,2021,1939
2403,2022,1940
2403,2023,1917
2404,2012,4397
2404,2013,4353
2404,2014,4391
2404,2015,4358
2404,2016,4431
2404,2017,4380
2404,2018,4413
2404,2019,4347
2404,2020,4379
2404,2021,4444
2404,2022,4413
2404,2023,4350
2409,2012,5546
2409,2013,5538
2409,2014,5550
2409,2015,5571
2409,2016,5623
2409,2017,5610
2409,2018,5557
2409,2019,5545
2409,2020,5591
2409,2021,5639
2409,2022,5611
2409,2023,5587
2417,2012,3233
2417,2013,3202
2417,2014,3226
2417,2015,3180
2417,2016,3191
2417,2017,3139
2417,2018,3136
2417,2019,3057
2417,2020,2991
2417,2021,3051
2417,2022,3020
2417,2023,2988
2418,2012,2396
2418,2013,2342
2418,2014,2306
2418,2015,2289
2418,2016,2294
2418,2017,2276
2418,2018,2272
2418,2019,2224
2418,2020,2215
2418,2021,2205
2418,2022,2204
2418,2023,2164
2421,2012,4646
2421,2013,4592
2421,2014,4532
2421,2015,4510
2421,2016,4567
2421,2017,4575
2421,2018,4546
2421,2019,4491
2421,2020,4464
2421,2021,4445
2421,2022,4421
2421,2023,4334
2422,2012,2039
2422,2013,2002
2422,2014,1994
2422,2015,1964
2422,2016,2045
2422,2017,2027
2422,2018,2025
2422,2019,2018
2422,2020,1995
2422,2021,1985
2422,2022,1962
2422,2023,1911
2425,2012,1909
2425,2013,1881
2425,2014,2009
2425,2015,1952
2425,2016,1985
2425,2017,1933
2425,2018,1911
2425,2019,1913
2425,2020,1882
2425,2021,1873
2425,2022,1830
2425,2023,1808
2460,2012,6299
2460,2013,6318
2460,2014,6273
2460,2015,6288
2460,2016,6319
2460,2017,6348
2460,2018,6308
2460,2019,6367
2460,2020,6481
2460,2021,6505
2460,2022,6451
2460,2023,6512
2462,2012,5083
2462,2013,5050
2462,2014,5007
2462,2015,4984
2462,2016,5016
2462,2017,5015
2462,2018,4976
2462,2019,4886
2462,2020,4821
2462,2021,4771
2462,2022,4694
2462,2023,4583
2463,2012,2230
2463,2013,2181
2463,2014,2178
2463,2015,2161
2463,2016,2198
2463,2017,2188
2463,2018,2219
2463,2019,2186
2463,2020,2170
2463,2021,2164
2463,2022,2157
2463,2023,2119
2480,2012,53648
2480,2013,53818
2480,2014,55133
2480,2015,55444
2480,2016,56721
2480,2017,57244
2480,2018,57588
2480,2019,57768
2480,2020,58360
2480,2021,58609
2480,2022,58723
2480,2023,58566
2481,2012,7848
2481,2013,7731
2481,2014,7756
2481,2015,7669
2481,2016,7816
2481,2017,7850
2481,2018,7838
2481,2019,7862
2481,2020,7903
2481,2021,7880
2481,2022,7857
2481,2023,7780
2482,2012,45567
2482,2013,45389
2482,2014,45309
2482,2015,45146
2482,2016,45605
2482,2017,45495
2482,2018,45240
2482,2019,44937
2482,2020,44654
2482,2021,44539
2482,2022,44038
2482,2023,43892
2505,2012,4451
2505,2013,4381
2505,2014,4441
2505,2015,4452
2505,2016,4544
2505,2017,4498
2505,2018,4466
2505,2019,4420
2505,2020,4355
2505,2021,4336
2505,2022,4300
2505,2023,3962
2506,2012,2221
2506,2013,2178
2506,2014,2127
2506,2015,2076
2506,2016,2148
2506,2017,2097
2506,2018,2077
2506,2019,2079
2506,2020,2046
2506,2021,2037
2506,2022,2022
2506,2023,1979
2510,2012,3623
2510,2013,3565
2510,2014,3603
2510,2015,3564
2510,2016,3647
2510,2017,3610
2510,2018,3601
2510,2019,3536
2510,2020,3467
2510,2021,3407
2510,2022,3431
2510,2023,3384
2513,2012,2724
2513,2013,2658
2513,2014,2647
2513,2015,2625
2513,2016,2661
2513,2017,2630
2513,2018,2585
2513,2019,2575
2513,2020,2551
2513,2021,2524
2513,2022,2460
2513,2023,2443
2514,2012,12421
2514,2013,12195
2514,2014,12110
2514,2015,11990
2514,2016,11993
2514,2017,11942
2514,2018,11837
2514,2019,11700
2514,2020,11606
2514,2021,11524
2514,2022,11460
2514,2023,11270
2518,2012,3840
2518,2013,3746
2518,2014,3747
2518,2015,3681
2518,2016,3642
2518,2017,3544
2518,2018,3510
2518,2019,3447
2518,2020,3393
2518,2021,3397
2518,2022,3348
2518,2023,3334
2521,2012,5050
2521,2013,4976
2521,2014,5071
2521,2015,4953
2521,2016,5002
2521,2017,4935
2521,2018,4912
2521,2019,4921
2521,2020,4861
2521,2021,4840
2521,2022,4765
2521,2023,4728
2523,2012,10766
2523,2013,10685
2523,2014,10602
2523,2015,10479
2523,2016,10814
2523,2017,10704
2523,2018,10458
2523,2019,10108
2523,2020,9930
2523,2021,9793
2523,2022,9629
2523,2023,9321
2560,2012,6441
2560,2013,6351
2560,2014,6305
2560,2015,6297
2560,2016,6307
2560,2017,6267
2560,2018,6227
2560,2019,6178
2560,2020,6175
2560,2021,6123
2560,2022,6067
2560,2023,5931
2580,2012,38062
2580,2013,38023
2580,2014,38067
2580,2015,38234
2580,2016,38880
2580,2017,38918
2580,2018,38755
2580,2019,38687
2580,2020,38512
2580,2021,38499
2580,2022,38320
2580,2023,37878
2581,2012,28615
2581,2013,28606
2581,2014,28896
2581,2015,28834
2581,2016,29325
2581,2017,29196
2581,2018,29109
2581,2019,29116
2581,2020,29073
2581,2021,29111
2581,2022,28963
2581,2023,28750
2582,2012,17312
2582,2013,17434
2582,2014,17375
2582,2015,17445
2582,2016,17523
2582,2017,17527
2582,2018,17480
2582,2019,17542
2582,2020,17484
2582,2021,17521
2582,2022,17372
2582,2023,17249
2583,2012,6084
2583,2013,6092
2583,2014,6039
2583,2015,6069
2583,2016,6089
2583,2017,5983
2583,2018,5994
2583,2019,5918
2583,2020,5890
2583,2021,5847
2583,2022,5777
2583,2023,5684
2584,2012,12622
2584,2013,12579
2584,2014,12534
2584,2015,12333
2584,2016,12417
2584,2017,12332
2584,2018,12255
2584,2019,12096
2584,2020,12136
2584,2021,12035
2584,2022,12024
2584,2023,11792
