kommun,year,uppform_uppgiftsaknas_procent
0114,2012,3.00
0114,2013,2.72
0114,2014,1.84
0114,2015,1.71
0114,2016,1.55
0114,2017,1.59
0114,2018,1.78
0114,2019,1.85
0114,2020,1.90
0114,2021,1.94
0114,2022,2.72
0114,2023,3.00
0115,2012,2.95
0115,2013,3.24
0115,2014,3.16
0115,2015,3.43
0115,2016,1.51
0115,2017,1.24
0115,2018,1.34
0115,2019,1.06
0115,2020,1.20
0115,2021,1.12
0115,2022,1.34
0115,2023,1.53
0117,2012,2.21
0117,2013,2.15
0117,2014,2.00
0117,2015,2.50
0117,2016,2.10
0117,2017,2.82
0117,2018,3.32
0117,2019,3.58
0117,2020,3.56
0117,2021,4.72
0117,2022,5.43
0117,2023,5.79
0120,2012,3.22
0120,2013,3.43
0120,2014,3.17
0120,2015,3.68
0120,2016,3.22
0120,2017,2.51
0120,2018,2.25
0120,2019,2.52
0120,2020,2.55
0120,2021,2.04
0120,2022,2.05
0120,2023,2.35
0123,2012,2.81
0123,2013,2.46
0123,2014,2.69
0123,2015,2.72
0123,2016,2.11
0123,2017,2.68
0123,2018,3.18
0123,2019,2.89
0123,2020,2.66
0123,2021,2.90
0123,2022,2.91
0123,2023,3.16
0125,2012,7.63
0125,2013,8.14
0125,2014,8.34
0125,2015,8.51
0125,2016,5.36
0125,2017,5.78
0125,2018,6.21
0125,2019,7.08
0125,2020,7.64
0125,2021,7.03
0125,2022,6.43
0125,2023,5.83
0126,2012,2.14
0126,2013,2.30
0126,2014,2.20
0126,2015,2.24
0126,2016,1.94
0126,2017,2.39
0126,2018,2.42
0126,2019,2.66
0126,2020,2.74
0126,2021,3.14
0126,2022,3.25
0126,2023,3.38
0127,2012,3.59
0127,2013,3.88
0127,2014,2.81
0127,2015,2.71
0127,2016,2.02
0127,2017,2.16
0127,2018,2.25
0127,2019,2.63
0127,2020,2.74
0127,2021,2.92
0127,2022,3.12
0127,2023,3.54
0128,2012,2.24
0128,2013,2.57
0128,2014,1.82
0128,2015,2.73
0128,2016,2.34
0128,2017,2.30
0128,2018,2.51
0128,2019,2.60
0128,2020,2.53
0128,2021,2.85
0128,2022,2.75
0128,2023,3.32
0136,2012,3.19
0136,2013,3.26
0136,2014,3.41
0136,2015,3.78
0136,2016,3.17
0136,2017,3.71
0136,2018,4.18
0136,2019,4.73
0136,2020,5.17
0136,2021,4.71
0136,2022,4.72
0136,2023,4.73
0138,2012,2.24
0138,2013,2.24
0138,2014,1.89
0138,2015,1.73
0138,2016,1.90
0138,2017,2.25
0138,2018,2.25
0138,2019,2.04
0138,2020,2.35
0138,2021,2.42
0138,2022,2.71
0138,2023,2.39
0139,2012,3.66
0139,2013,4.13
0139,2014,5.37
0139,2015,6.39
0139,2016,3.14
0139,2017,4.64
0139,2018,5.07
0139,2019,5.30
0139,2020,5.33
0139,2021,5.43
0139,2022,5.30
0139,2023,5.35
0140,2012,3.55
0140,2013,3.87
0140,2014,4.58
0140,2015,4.04
0140,2016,3.89
0140,2017,4.45
0140,2018,6.41
0140,2019,6.82
0140,2020,7.67
0140,2021,9.17
0140,2022,8.79
0140,2023,9.02
0160,2012,2.49
0160,2013,2.71
0160,2014,2.35
0160,2015,2.66
0160,2016,2.46
0160,2017,2.83
0160,2018,3.10
0160,2019,3.13
0160,2020,0.81
0160,2021,0.96
0160,2022,1.17
0160,2023,1.36
0162,2012,2.10
0162,2013,2.16
0162,2014,1.61
0162,2015,1.56
0162,2016,1.39
0162,2017,1.77
0162,2018,2.03
0162,2019,2.05
0162,2020,1.96
0162,2021,2.22
0162,2022,2.21
0162,2023,2.24
0163,2012,1.62
0163,2013,1.50
0163,2014,1.21
0163,2015,0.99
0163,2016,1.04
0163,2017,1.36
0163,2018,1.54
0163,2019,2.31
0163,2020,2.69
0163,2021,2.26
0163,2022,2.49
0163,2023,2.62
0180,2012,5.06
0180,2013,4.71
0180,2014,3.99
0180,2015,3.49
0180,2016,2.92
0180,2017,2.56
0180,2018,2.19
0180,2019,2.01
0180,2020,1.99
0180,2021,1.89
0180,2022,1.84
0180,2023,1.89
0181,2012,3.34
0181,2013,3.41
0181,2014,3.24
0181,2015,2.95
0181,2016,3.06
0181,2017,3.16
0181,2018,3.61
0181,2019,4.02
0181,2020,4.52
0181,2021,4.61
0181,2022,4.35
0181,2023,4.34
0182,2012,3.14
0182,2013,3.27
0182,2014,3.44
0182,2015,3.45
0182,2016,3.28
0182,2017,3.18
0182,2018,3.57
0182,2019,3.31
0182,2020,3.59
0182,2021,3.66
0182,2022,3.71
0182,2023,3.66
0183,2012,7.10
0183,2013,7.05
0183,2014,5.27
0183,2015,4.98
0183,2016,2.27
0183,2017,2.29
0183,2018,2.99
0183,2019,3.10
0183,2020,3.13
0183,2021,2.97
0183,2022,2.90
0183,2023,3.18
0184,2012,5.08
0184,2013,5.17
0184,2014,4.21
0184,2015,3.86
0184,2016,2.95
0184,2017,3.07
0184,2018,3.16
0184,2019,3.18
0184,2020,2.97
0184,2021,3.10
0184,2022,3.34
0184,2023,3.41
0186,2012,3.23
0186,2013,3.37
0186,2014,3.24
0186,2015,3.21
0186,2016,2.14
0186,2017,1.75
0186,2018,1.42
0186,2019,1.38
0186,2020,1.57
0186,2021,1.63
0186,2022,1.26
0186,2023,1.30
0187,2012,4.32
0187,2013,5.86
0187,2014,5.44
0187,2015,4.91
0187,2016,3.15
0187,2017,3.69
0187,2018,3.04
0187,2019,3.00
0187,2020,2.95
0187,2021,2.88
0187,2022,2.72
0187,2023,2.89
0188,2012,9.86
0188,2013,8.20
0188,2014,6.58
0188,2015,5.95
0188,2016,2.31
0188,2017,2.07
0188,2018,2.06
0188,2019,2.05
0188,2020,1.92
0188,2021,1.99
0188,2022,2.02
0188,2023,2.27
0191,2012,5.48
0191,2013,5.05
0191,2014,5.31
0191,2015,4.42
0191,2016,3.49
0191,2017,3.18
0191,2018,3.04
0191,2019,3.95
0191,2020,4.10
0191,2021,4.58
0191,2022,5.42
0191,2023,4.11
0192,2012,4.09
0192,2013,4.06
0192,2014,3.79
0192,2015,4.52
0192,2016,2.59
0192,2017,2.71
0192,2018,2.44
0192,2019,2.85
0192,2020,3.10
0192,2021,3.22
0192,2022,3.75
0192,2023,4.11
0305,2012,2.28
0305,2013,2.29
0305,2014,2.26
0305,2015,2.51
0305,2016,2.25
0305,2017,2.68
0305,2018,3.71
0305,2019,3.16
0305,2020,3.02
0305,2021,2.87
0305,2022,2.84
0305,2023,3.00
0319,2012,2.05
0319,2013,2.09
0319,2014,1.68
0319,2015,1.89
0319,2016,1.75
0319,2017,1.26
0319,2018,1.46
0319,2019,2.08
0319,2020,1.80
0319,2021,1.99
0319,2022,1.89
0319,2023,1.97
0330,2012,3.19
0330,2013,3.15
0330,2014,3.25
0330,2015,4.11
0330,2016,4.29
0330,2017,5.21
0330,2018,5.53
0330,2019,5.94
0330,2020,5.98
0330,2021,4.96
0330,2022,4.10
0330,2023,3.99
0331,2012,3.67
0331,2013,4.01
0331,2014,4.17
0331,2015,4.04
0331,2016,2.14
0331,2017,2.38
0331,2018,2.97
0331,2019,3.22
0331,2020,2.87
0331,2021,2.98
0331,2022,3.47
0331,2023,3.63
0360,2012,3.62
0360,2013,3.36
0360,2014,3.21
0360,2015,2.97
0360,2016,2.52
0360,2017,2.54
0360,2018,2.50
0360,2019,2.64
0360,2020,2.93
0360,2021,2.75
0360,2022,2.91
0360,2023,2.94
0380,2012,3.69
0380,2013,3.62
0380,2014,3.15
0380,2015,3.03
0380,2016,2.67
0380,2017,2.95
0380,2018,3.45
0380,2019,3.72
0380,2020,4.33
0380,2021,3.64
0380,2022,3.63
0380,2023,3.74
0381,2012,3.12
0381,2013,3.20
0381,2014,2.98
0381,2015,3.48
0381,2016,3.30
0381,2017,3.99
0381,2018,4.48
0381,2019,4.64
0381,2020,4.18
0381,2021,3.54
0381,2022,3.35
0381,2023,3.14
0382,2012,3.12
0382,2013,3.26
0382,2014,2.86
0382,2015,3.05
0382,2016,2.95
0382,2017,3.22
0382,2018,3.58
0382,2019,3.79
0382,2020,3.92
0382,2021,4.01
0382,2022,4.43
0382,2023,4.64
0428,2012,4.03
0428,2013,4.23
0428,2014,3.58
0428,2015,3.28
0428,2016,2.25
0428,2017,2.28
0428,2018,2.48
0428,2019,1.82
0428,2020,2.01
0428,2021,2.04
0428,2022,2.42
0428,2023,2.44
0461,2012,5.13
0461,2013,4.56
0461,2014,3.84
0461,2015,3.43
0461,2016,2.53
0461,2017,3.29
0461,2018,4.37
0461,2019,5.01
0461,2020,5.14
0461,2021,5.39
0461,2022,5.55
0461,2023,5.63
0480,2012,3.56
0480,2013,3.48
0480,2014,3.11
0480,2015,2.93
0480,2016,2.45
0480,2017,3.23
0480,2018,3.64
0480,2019,3.89
0480,2020,3.80
0480,2021,3.73
0480,2022,3.81
0480,2023,3.90
0481,2012,1.78
0481,2013,1.83
0481,2014,2.00
0481,2015,2.14
0481,2016,2.37
0481,2017,1.99
0481,2018,2.36
0481,2019,2.14
0481,2020,1.93
0481,2021,1.88
0481,2022,2.18
0481,2023,2.49
0482,2012,4.08
0482,2013,3.53
0482,2014,3.02
0482,2015,2.94
0482,2016,2.09
0482,2017,2.31
0482,2018,1.89
0482,2019,2.13
0482,2020,2.01
0482,2021,2.10
0482,2022,2.35
0482,2023,2.64
0483,2012,2.87
0483,2013,2.73
0483,2014,2.55
0483,2015,2.40
0483,2016,1.60
0483,2017,1.93
0483,2018,1.68
0483,2019,1.77
0483,2020,2.01
0483,2021,2.48
0483,2022,2.74
0483,2023,2.88
0484,2012,2.74
0484,2013,2.87
0484,2014,2.33
0484,2015,2.28
0484,2016,2.07
0484,2017,2.42
0484,2018,2.71
0484,2019,2.99
0484,2020,3.45
0484,2021,3.69
0484,2022,4.10
0484,2023,4.28
0486,2012,5.20
0486,2013,5.51
0486,2014,3.36
0486,2015,3.55
0486,2016,3.31
0486,2017,2.96
0486,2018,3.55
0486,2019,3.98
0486,2020,4.78
0486,2021,3.93
0486,2022,3.55
0486,2023,2.27
0488,2012,4.80
0488,2013,5.63
0488,2014,6.02
0488,2015,7.21
0488,2016,4.40
0488,2017,7.78
0488,2018,8.01
0488,2019,9.85
0488,2020,11.48
0488,2021,12.38
0488,2022,13.30
0488,2023,14.23
0509,2012,2.48
0509,2013,3.03
0509,2014,3.80
0509,2015,3.82
0509,2016,2.53
0509,2017,2.64
0509,2018,3.55
0509,2019,3.49
0509,2020,3.07
0509,2021,3.01
0509,2022,3.40
0509,2023,3.71
0512,2012,2.57
0512,2013,2.71
0512,2014,2.35
0512,2015,2.16
0512,2016,1.31
0512,2017,1.74
0512,2018,2.67
0512,2019,2.75
0512,2020,3.14
0512,2021,3.30
0512,2022,3.61
0512,2023,3.52
0513,2012,3.89
0513,2013,4.19
0513,2014,3.45
0513,2015,3.13
0513,2016,2.01
0513,2017,2.14
0513,2018,2.49
0513,2019,2.18
0513,2020,2.16
0513,2021,2.43
0513,2022,2.72
0513,2023,3.18
0560,2012,1.63
0560,2013,2.16
0560,2014,2.01
0560,2015,2.05
0560,2016,1.54
0560,2017,1.76
0560,2018,1.80
0560,2019,1.77
0560,2020,2.21
0560,2021,2.54
0560,2022,2.93
0560,2023,3.24
0561,2012,2.00
0561,2013,2.09
0561,2014,2.10
0561,2015,1.64
0561,2016,0.80
0561,2017,0.94
0561,2018,0.80
0561,2019,0.87
0561,2020,0.91
0561,2021,1.15
0561,2022,1.62
0561,2023,1.82
0562,2012,2.23
0562,2013,2.35
0562,2014,2.09
0562,2015,2.30
0562,2016,1.67
0562,2017,1.71
0562,2018,1.49
0562,2019,1.48
0562,2020,1.51
0562,2021,1.42
0562,2022,1.47
0562,2023,1.90
0563,2012,2.92
0563,2013,2.95
0563,2014,2.79
0563,2015,2.66
0563,2016,1.60
0563,2017,1.59
0563,2018,1.72
0563,2019,2.03
0563,2020,2.20
0563,2021,2.11
0563,2022,2.33
0563,2023,3.00
0580,2012,3.25
0580,2013,3.46
0580,2014,2.66
0580,2015,2.29
0580,2016,1.89
0580,2017,1.92
0580,2018,1.91
0580,2019,1.88
0580,2020,1.79
0580,2021,1.87
0580,2022,1.99
0580,2023,2.29
0581,2012,2.39
0581,2013,2.25
0581,2014,2.08
0581,2015,2.01
0581,2016,1.58
0581,2017,1.57
0581,2018,1.62
0581,2019,1.53
0581,2020,1.44
0581,2021,1.55
0581,2022,1.51
0581,2023,1.30
0582,2012,2.94
0582,2013,3.07
0582,2014,2.17
0582,2015,1.89
0582,2016,0.63
0582,2017,0.75
0582,2018,0.81
0582,2019,0.76
0582,2020,0.83
0582,2021,1.14
0582,2022,2.34
0582,2023,2.97
0583,2012,1.67
0583,2013,1.65
0583,2014,1.46
0583,2015,1.26
0583,2016,0.88
0583,2017,0.97
0583,2018,0.97
0583,2019,0.93
0583,2020,0.94
0583,2021,0.96
0583,2022,1.06
0583,2023,1.51
0584,2012,3.35
0584,2013,3.39
0584,2014,2.75
0584,2015,2.71
0584,2016,1.85
0584,2017,1.77
0584,2018,2.29
0584,2019,2.75
0584,2020,2.47
0584,2021,2.87
0584,2022,2.98
0584,2023,2.84
0586,2012,1.86
0586,2013,1.63
0586,2014,1.39
0586,2015,1.20
0586,2016,0.81
0586,2017,0.94
0586,2018,0.80
0586,2019,0.88
0586,2020,1.63
0586,2021,1.66
0586,2022,2.17
0586,2023,1.24
0604,2012,3.92
0604,2013,3.76
0604,2014,3.77
0604,2015,4.22
0604,2016,2.09
0604,2017,1.95
0604,2018,1.93
0604,2019,1.85
0604,2020,2.35
0604,2021,2.60
0604,2022,3.08
0604,2023,3.31
0617,2012,3.99
0617,2013,3.95
0617,2014,3.90
0617,2015,3.72
0617,2016,3.26
0617,2017,3.11
0617,2018,3.08
0617,2019,3.17
0617,2020,3.32
0617,2021,3.25
0617,2022,3.14
0617,2023,3.37
0642,2012,2.31
0642,2013,2.51
0642,2014,2.88
0642,2015,2.72
0642,2016,1.98
0642,2017,2.52
0642,2018,2.72
0642,2019,2.76
0642,2020,2.74
0642,2021,2.99
0642,2022,3.39
0642,2023,4.47
0643,2012,3.56
0643,2013,3.57
0643,2014,3.18
0643,2015,2.48
0643,2016,1.23
0643,2017,2.03
0643,2018,2.77
0643,2019,4.83
0643,2020,4.09
0643,2021,5.21
0643,2022,6.47
0643,2023,7.68
0662,2012,1.68
0662,2013,1.71
0662,2014,1.66
0662,2015,1.42
0662,2016,1.27
0662,2017,1.34
0662,2018,1.32
0662,2019,1.33
0662,2020,1.28
0662,2021,1.35
0662,2022,1.37
0662,2023,1.34
0665,2012,1.90
0665,2013,1.98
0665,2014,1.72
0665,2015,1.68
0665,2016,1.53
0665,2017,1.85
0665,2018,1.90
0665,2019,1.95
0665,2020,2.13
0665,2021,2.50
0665,2022,2.46
0665,2023,2.96
0680,2012,2.63
0680,2013,2.83
0680,2014,2.08
0680,2015,1.95
0680,2016,1.33
0680,2017,1.55
0680,2018,1.64
0680,2019,1.68
0680,2020,1.67
0680,2021,1.75
0680,2022,1.83
0680,2023,2.12
0682,2012,2.75
0682,2013,2.89
0682,2014,2.65
0682,2015,2.58
0682,2016,1.79
0682,2017,1.64
0682,2018,1.63
0682,2019,1.54
0682,2020,1.44
0682,2021,1.50
0682,2022,1.54
0682,2023,1.72
0683,2012,2.22
0683,2013,2.30
0683,2014,1.87
0683,2015,1.47
0683,2016,1.34
0683,2017,1.59
0683,2018,1.85
0683,2019,2.12
0683,2020,2.12
0683,2021,2.24
0683,2022,2.46
0683,2023,2.55
0684,2012,5.15
0684,2013,5.26
0684,2014,5.14
0684,2015,3.07
0684,2016,2.24
0684,2017,2.57
0684,2018,2.97
0684,2019,3.30
0684,2020,3.36
0684,2021,3.35
0684,2022,3.18
0684,2023,3.49
0685,2012,2.76
0685,2013,2.99
0685,2014,3.13
0685,2015,3.17
0685,2016,1.96
0685,2017,2.05
0685,2018,1.25
0685,2019,1.31
0685,2020,1.27
0685,2021,1.59
0685,2022,1.67
0685,2023,2.06
0686,2012,4.16
0686,2013,4.42
0686,2014,3.72
0686,2015,3.24
0686,2016,2.00
0686,2017,1.92
0686,2018,2.16
0686,2019,2.10
0686,2020,1.95
0686,2021,2.13
0686,2022,2.07
0686,2023,1.92
0687,2012,3.79
0687,2013,3.79
0687,2014,3.49
0687,2015,2.97
0687,2016,2.30
0687,2017,2.79
0687,2018,3.28
0687,2019,3.30
0687,2020,3.07
0687,2021,3.21
0687,2022,3.35
0687,2023,3.29
0760,2012,3.24
0760,2013,2.58
0760,2014,2.96
0760,2015,3.08
0760,2016,2.32
0760,2017,2.57
0760,2018,2.64
0760,2019,2.68
0760,2020,2.76
0760,2021,3.01
0760,2022,2.99
0760,2023,3.31
0761,2012,2.31
0761,2013,2.49
0761,2014,2.22
0761,2015,2.18
0761,2016,1.86
0761,2017,1.45
0761,2018,1.77
0761,2019,1.79
0761,2020,2.09
0761,2021,2.16
0761,2022,2.14
0761,2023,2.29
0763,2012,3.66
0763,2013,3.96
0763,2014,3.60
0763,2015,3.28
0763,2016,2.04
0763,2017,2.31
0763,2018,2.32
0763,2019,2.54
0763,2020,2.72
0763,2021,2.70
0763,2022,2.95
0763,2023,3.01
0764,2012,2.38
0764,2013,2.09
0764,2014,1.94
0764,2015,1.95
0764,2016,1.69
0764,2017,1.87
0764,2018,1.93
0764,2019,1.97
0764,2020,1.95
0764,2021,1.92
0764,2022,1.95
0764,2023,1.82
0765,2012,2.33
0765,2013,2.49
0765,2014,2.06
0765,2015,2.10
0765,2016,2.20
0765,2017,2.12
0765,2018,2.14
0765,2019,1.84
0765,2020,2.47
0765,2021,2.84
0765,2022,2.83
0765,2023,3.34
0767,2012,2.15
0767,2013,1.98
0767,2014,1.92
0767,2015,2.10
0767,2016,2.30
0767,2017,2.52
0767,2018,2.13
0767,2019,2.53
0767,2020,1.94
0767,2021,1.82
0767,2022,1.20
0767,2023,1.09
0780,2012,2.25
0780,2013,2.10
0780,2014,1.35
0780,2015,1.16
0780,2016,1.12
0780,2017,1.20
0780,2018,1.14
0780,2019,1.08
0780,2020,0.95
0780,2021,1.04
0780,2022,0.94
0780,2023,1.04
0781,2012,2.69
0781,2013,2.77
0781,2014,2.26
0781,2015,1.87
0781,2016,1.28
0781,2017,1.14
0781,2018,1.16
0781,2019,1.31
0781,2020,1.28
0781,2021,1.48
0781,2022,1.49
0781,2023,1.76
0821,2012,2.58
0821,2013,3.06
0821,2014,3.22
0821,2015,3.35
0821,2016,2.48
0821,2017,2.61
0821,2018,2.86
0821,2019,3.31
0821,2020,3.16
0821,2021,2.83
0821,2022,3.24
0821,2023,3.00
0834,2012,3.56
0834,2013,3.87
0834,2014,3.91
0834,2015,4.23
0834,2016,3.68
0834,2017,2.75
0834,2018,2.78
0834,2019,2.93
0834,2020,2.76
0834,2021,3.05
0834,2022,3.45
0834,2023,3.83
0840,2012,3.93
0840,2013,4.41
0840,2014,2.89
0840,2015,2.90
0840,2016,2.84
0840,2017,2.69
0840,2018,3.38
0840,2019,3.90
0840,2020,4.21
0840,2021,4.45
0840,2022,5.61
0840,2023,4.97
0860,2012,2.57
0860,2013,2.56
0860,2014,2.61
0860,2015,2.55
0860,2016,3.22
0860,2017,2.49
0860,2018,2.56
0860,2019,2.38
0860,2020,2.25
0860,2021,2.46
0860,2022,2.78
0860,2023,2.99
0861,2012,2.24
0861,2013,2.35
0861,2014,2.38
0861,2015,2.24
0861,2016,1.71
0861,2017,1.91
0861,2018,2.03
0861,2019,2.45
0861,2020,2.50
0861,2021,2.69
0861,2022,2.70
0861,2023,2.98
0862,2012,3.99
0862,2013,4.23
0862,2014,4.07
0862,2015,3.96
0862,2016,4.80
0862,2017,4.07
0862,2018,4.44
0862,2019,4.40
0862,2020,4.22
0862,2021,4.83
0862,2022,5.50
0862,2023,5.64
0880,2012,2.37
0880,2013,2.22
0880,2014,1.90
0880,2015,1.79
0880,2016,1.31
0880,2017,1.31
0880,2018,1.10
0880,2019,1.28
0880,2020,1.30
0880,2021,1.69
0880,2022,1.38
0880,2023,1.38
0881,2012,1.92
0881,2013,2.02
0881,2014,1.81
0881,2015,1.83
0881,2016,2.65
0881,2017,1.76
0881,2018,1.79
0881,2019,2.03
0881,2020,2.25
0881,2021,2.46
0881,2022,2.64
0881,2023,2.94
0882,2012,1.56
0882,2013,1.59
0882,2014,1.43
0882,2015,1.51
0882,2016,2.09
0882,2017,1.07
0882,2018,0.88
0882,2019,0.86
0882,2020,0.88
0882,2021,0.83
0882,2022,0.76
0882,2023,0.75
0883,2012,3.13
0883,2013,3.37
0883,2014,2.54
0883,2015,2.55
0883,2016,2.08
0883,2017,1.77
0883,2018,1.73
0883,2019,1.96
0883,2020,2.22
0883,2021,2.26
0883,2022,2.31
0883,2023,2.65
0884,2012,2.73
0884,2013,2.99
0884,2014,2.97
0884,2015,3.00
0884,2016,2.64
0884,2017,3.28
0884,2018,3.34
0884,2019,3.62
0884,2020,3.66
0884,2021,3.94
0884,2022,4.07
0884,2023,4.28
0885,2012,4.43
0885,2013,3.85
0885,2014,3.61
0885,2015,3.94
0885,2016,3.53
0885,2017,2.82
0885,2018,2.84
0885,2019,2.77
0885,2020,2.87
0885,2021,3.15
0885,2022,3.25
0885,2023,3.69
0980,2012,4.01
0980,2013,4.46
0980,2014,4.22
0980,2015,4.31
0980,2016,3.27
0980,2017,3.65
0980,2018,4.13
0980,2019,4.76
0980,2020,4.61
0980,2021,4.91
0980,2022,4.84
0980,2023,5.31
1060,2012,1.59
1060,2013,1.67
1060,2014,1.23
1060,2015,1.12
1060,2016,1.31
1060,2017,1.09
1060,2018,0.98
1060,2019,1.12
1060,2020,1.13
1060,2021,0.90
1060,2022,0.89
1060,2023,1.03
1080,2012,3.71
1080,2013,3.73
1080,2014,3.37
1080,2015,3.40
1080,2016,1.93
1080,2017,1.76
1080,2018,1.75
1080,2019,1.67
1080,2020,1.50
1080,2021,1.53
1080,2022,1.43
1080,2023,1.46
1081,2012,2.34
1081,2013,2.44
1081,2014,2.39
1081,2015,2.36
1081,2016,1.38
1081,2017,1.44
1081,2018,1.65
1081,2019,1.90
1081,2020,2.02
1081,2021,2.19
1081,2022,2.34
1081,2023,2.71
1082,2012,2.90
1082,2013,2.85
1082,2014,2.62
1082,2015,2.56
1082,2016,2.29
1082,2017,1.76
1082,2018,1.60
1082,2019,1.69
1082,2020,1.72
1082,2021,1.72
1082,2022,1.64
1082,2023,1.73
1083,2012,2.45
1083,2013,2.46
1083,2014,2.59
1083,2015,2.62
1083,2016,2.37
1083,2017,1.98
1083,2018,2.06
1083,2019,1.97
1083,2020,2.01
1083,2021,1.96
1083,2022,2.00
1083,2023,2.41
1214,2012,3.56
1214,2013,3.92
1214,2014,4.32
1214,2015,4.20
1214,2016,3.15
1214,2017,2.50
1214,2018,2.41
1214,2019,2.37
1214,2020,2.31
1214,2021,2.44
1214,2022,2.52
1214,2023,2.68
1230,2012,1.91
1230,2013,1.67
1230,2014,1.44
1230,2015,1.64
1230,2016,0.84
1230,2017,0.81
1230,2018,1.12
1230,2019,1.79
1230,2020,2.18
1230,2021,2.26
1230,2022,2.78
1230,2023,1.73
1231,2012,3.94
1231,2013,3.59
1231,2014,2.09
1231,2015,2.32
1231,2016,2.31
1231,2017,3.15
1231,2018,3.83
1231,2019,3.13
1231,2020,3.10
1231,2021,2.05
1231,2022,1.94
1231,2023,1.95
1233,2012,1.84
1233,2013,2.35
1233,2014,2.49
1233,2015,3.08
1233,2016,2.16
1233,2017,2.61
1233,2018,3.73
1233,2019,4.08
1233,2020,4.47
1233,2021,5.19
1233,2022,4.49
1233,2023,4.59
1256,2012,2.30
1256,2013,2.42
1256,2014,2.05
1256,2015,2.41
1256,2016,2.45
1256,2017,2.82
1256,2018,3.36
1256,2019,3.71
1256,2020,3.90
1256,2021,3.75
1256,2022,2.86
1256,2023,3.22
1257,2012,3.18
1257,2013,3.47
1257,2014,2.91
1257,2015,2.85
1257,2016,2.54
1257,2017,2.18
1257,2018,2.47
1257,2019,2.45
1257,2020,2.35
1257,2021,2.17
1257,2022,2.26
1257,2023,2.32
1260,2012,2.38
1260,2013,2.42
1260,2014,2.03
1260,2015,2.05
1260,2016,1.68
1260,2017,1.81
1260,2018,2.07
1260,2019,2.81
1260,2020,3.13
1260,2021,3.79
1260,2022,4.23
1260,2023,3.53
1261,2012,1.76
1261,2013,1.85
1261,2014,1.61
1261,2015,1.66
1261,2016,1.48
1261,2017,1.16
1261,2018,1.40
1261,2019,1.25
1261,2020,1.43
1261,2021,1.30
1261,2022,1.36
1261,2023,1.55
1262,2012,4.72
1262,2013,4.65
1262,2014,3.31
1262,2015,2.77
1262,2016,1.17
1262,2017,1.40
1262,2018,1.43
1262,2019,1.46
1262,2020,1.54
1262,2021,1.53
1262,2022,1.64
1262,2023,1.82
1263,2012,4.26
1263,2013,4.38
1263,2014,4.41
1263,2015,4.34
1263,2016,2.94
1263,2017,3.88
1263,2018,4.03
1263,2019,5.56
1263,2020,6.42
1263,2021,7.62
1263,2022,7.54
1263,2023,7.70
1264,2012,3.64
1264,2013,3.81
1264,2014,3.77
1264,2015,2.55
1264,2016,1.67
1264,2017,1.77
1264,2018,2.08
1264,2019,2.75
1264,2020,2.28
1264,2021,2.01
1264,2022,1.82
1264,2023,1.83
1265,2012,2.75
1265,2013,2.59
1265,2014,2.25
1265,2015,2.33
1265,2016,1.54
1265,2017,1.95
1265,2018,2.52
1265,2019,2.79
1265,2020,2.83
1265,2021,3.36
1265,2022,3.52
1265,2023,3.77
1266,2012,2.42
1266,2013,2.37
1266,2014,2.08
1266,2015,2.14
1266,2016,1.79
1266,2017,1.62
1266,2018,1.78
1266,2019,1.85
1266,2020,1.78
1266,2021,1.80
1266,2022,1.74
1266,2023,1.90
1267,2012,2.88
1267,2013,2.92
1267,2014,2.49
1267,2015,2.64
1267,2016,1.91
1267,2017,1.80
1267,2018,1.89
1267,2019,1.89
1267,2020,1.66
1267,2021,1.74
1267,2022,1.52
1267,2023,1.91
1270,2012,2.98
1270,2013,3.23
1270,2014,2.91
1270,2015,2.67
1270,2016,1.95
1270,2017,2.32
1270,2018,2.66
1270,2019,2.46
1270,2020,2.21
1270,2021,2.28
1270,2022,2.26
1270,2023,2.25
1272,2012,1.39
1272,2013,1.72
1272,2014,1.32
1272,2015,1.41
1272,2016,1.19
1272,2017,1.28
1272,2018,1.50
1272,2019,1.70
1272,2020,1.63
1272,2021,1.76
1272,2022,1.71
1272,2023,1.91
1273,2012,2.39
1273,2013,2.48
1273,2014,2.19
1273,2015,2.24
1273,2016,2.19
1273,2017,1.69
1273,2018,1.44
1273,2019,1.29
1273,2020,1.35
1273,2021,1.42
1273,2022,1.67
1273,2023,1.72
1275,2012,2.04
1275,2013,1.57
1275,2014,1.45
1275,2015,1.37
1275,2016,2.00
1275,2017,1.98
1275,2018,2.17
1275,2019,1.95
1275,2020,2.05
1275,2021,2.19
1275,2022,2.22
1275,2023,2.18
1276,2012,3.09
1276,2013,3.18
1276,2014,2.63
1276,2015,2.71
1276,2016,1.98
1276,2017,2.17
1276,2018,2.31
1276,2019,2.35
1276,2020,2.63
1276,2021,2.60
1276,2022,2.59
1276,2023,2.67
1277,2012,2.34
1277,2013,2.34
1277,2014,1.98
1277,2015,1.67
1277,2016,1.15
1277,2017,1.44
1277,2018,2.21
1277,2019,2.41
1277,2020,2.70
1277,2021,3.62
1277,2022,3.71
1277,2023,4.34
1278,2012,3.08
1278,2013,2.34
1278,2014,2.03
1278,2015,2.16
1278,2016,1.88
1278,2017,1.63
1278,2018,1.45
1278,2019,1.57
1278,2020,1.86
1278,2021,1.56
1278,2022,2.54
1278,2023,3.21
1280,2012,3.76
1280,2013,3.53
1280,2014,3.08
1280,2015,2.79
1280,2016,2.44
1280,2017,2.33
1280,2018,2.21
1280,2019,2.22
1280,2020,2.29
1280,2021,2.08
1280,2022,1.87
1280,2023,1.92
1281,2012,4.24
1281,2013,4.31
1281,2014,4.43
1281,2015,4.61
1281,2016,3.65
1281,2017,3.90
1281,2018,4.37
1281,2019,3.98
1281,2020,2.30
1281,2021,2.36
1281,2022,2.38
1281,2023,2.24
1282,2012,3.17
1282,2013,3.30
1282,2014,3.20
1282,2015,3.30
1282,2016,2.80
1282,2017,3.23
1282,2018,3.80
1282,2019,4.48
1282,2020,4.89
1282,2021,5.21
1282,2022,2.65
1282,2023,2.65
1283,2012,3.00
1283,2013,3.04
1283,2014,2.90
1283,2015,3.04
1283,2016,2.58
1283,2017,3.31
1283,2018,3.49
1283,2019,3.60
1283,2020,3.63
1283,2021,3.59
1283,2022,3.65
1283,2023,3.85
1284,2012,2.16
1284,2013,2.75
1284,2014,2.86
1284,2015,2.36
1284,2016,1.82
1284,2017,2.32
1284,2018,3.38
1284,2019,4.00
1284,2020,4.72
1284,2021,5.97
1284,2022,7.76
1284,2023,8.41
1285,2012,2.23
1285,2013,2.22
1285,2014,2.19
1285,2015,1.87
1285,2016,1.07
1285,2017,1.46
1285,2018,1.63
1285,2019,1.97
1285,2020,2.23
1285,2021,2.43
1285,2022,2.57
1285,2023,2.86
1286,2012,4.11
1286,2013,4.28
1286,2014,3.39
1286,2015,3.04
1286,2016,1.63
1286,2017,1.67
1286,2018,1.99
1286,2019,2.18
1286,2020,2.82
1286,2021,3.30
1286,2022,3.70
1286,2023,4.12
1287,2012,4.73
1287,2013,4.33
1287,2014,3.43
1287,2015,2.90
1287,2016,1.45
1287,2017,1.41
1287,2018,1.66
1287,2019,2.23
1287,2020,2.86
1287,2021,3.30
1287,2022,3.29
1287,2023,3.89
1290,2012,2.23
1290,2013,2.18
1290,2014,2.22
1290,2015,1.77
1290,2016,1.26
1290,2017,1.29
1290,2018,1.29
1290,2019,1.21
1290,2020,0.88
1290,2021,0.89
1290,2022,1.08
1290,2023,0.94
1291,2012,2.57
1291,2013,2.85
1291,2014,2.37
1291,2015,1.99
1291,2016,2.37
1291,2017,1.70
1291,2018,1.68
1291,2019,1.72
1291,2020,1.83
1291,2021,1.79
1291,2022,1.87
1291,2023,1.59
1292,2012,2.15
1292,2013,2.27
1292,2014,2.01
1292,2015,1.87
1292,2016,1.52
1292,2017,1.52
1292,2018,1.64
1292,2019,1.69
1292,2020,1.66
1292,2021,1.40
1292,2022,1.62
1292,2023,1.99
1293,2012,2.31
1293,2013,2.41
1293,2014,2.26
1293,2015,2.03
1293,2016,1.78
1293,2017,1.77
1293,2018,1.99
1293,2019,1.82
1293,2020,1.80
1293,2021,1.76
1293,2022,1.59
1293,2023,1.58
1315,2012,2.87
1315,2013,2.86
1315,2014,2.54
1315,2015,2.52
1315,2016,2.39
1315,2017,2.58
1315,2018,2.51
1315,2019,2.42
1315,2020,2.34
1315,2021,2.53
1315,2022,2.57
1315,2023,2.67
1380,2012,3.31
1380,2013,3.37
1380,2014,3.29
1380,2015,2.90
1380,2016,1.96
1380,2017,1.88
1380,2018,1.72
1380,2019,1.71
1380,2020,1.60
1380,2021,1.71
1380,2022,1.73
1380,2023,1.82
1381,2012,2.04
1381,2013,2.02
1381,2014,1.76
1381,2015,1.62
1381,2016,1.27
1381,2017,1.22
1381,2018,1.25
1381,2019,1.36
1381,2020,1.36
1381,2021,1.30
1381,2022,1.31
1381,2023,1.39
1382,2012,2.96
1382,2013,3.54
1382,2014,2.64
1382,2015,2.39
1382,2016,1.86
1382,2017,1.95
1382,2018,2.38
1382,2019,2.68
1382,2020,2.79
1382,2021,2.86
1382,2022,2.85
1382,2023,3.16
1383,2012,2.23
1383,2013,2.28
1383,2014,2.21
1383,2015,2.41
1383,2016,1.63
1383,2017,1.98
1383,2018,2.26
1383,2019,2.62
1383,2020,2.38
1383,2021,2.44
1383,2022,2.53
1383,2023,2.71
1384,2012,1.43
1384,2013,1.47
1384,2014,1.48
1384,2015,1.61
1384,2016,1.30
1384,2017,1.22
1384,2018,1.22
1384,2019,1.46
1384,2020,1.11
1384,2021,1.11
1384,2022,1.29
1384,2023,1.17
1401,2012,3.44
1401,2013,3.71
1401,2014,3.08
1401,2015,3.07
1401,2016,2.24
1401,2017,2.40
1401,2018,2.57
1401,2019,2.61
1401,2020,2.52
1401,2021,2.61
1401,2022,2.50
1401,2023,2.41
1402,2012,1.78
1402,2013,1.60
1402,2014,1.36
1402,2015,1.31
1402,2016,1.35
1402,2017,1.23
1402,2018,1.44
1402,2019,1.95
1402,2020,2.11
1402,2021,2.34
1402,2022,2.91
1402,2023,3.27
1407,2012,1.39
1407,2013,2.49
1407,2014,1.74
1407,2015,2.02
1407,2016,1.03
1407,2017,1.31
1407,2018,1.47
1407,2019,1.69
1407,2020,1.83
1407,2021,2.12
1407,2022,2.51
1407,2023,3.00
1415,2012,4.18
1415,2013,4.84
1415,2014,3.79
1415,2015,3.54
1415,2016,2.97
1415,2017,2.97
1415,2018,3.50
1415,2019,3.80
1415,2020,3.99
1415,2021,4.33
1415,2022,4.38
1415,2023,4.30
1419,2012,4.04
1419,2013,5.37
1419,2014,5.31
1419,2015,6.46
1419,2016,4.52
1419,2017,5.20
1419,2018,5.87
1419,2019,6.13
1419,2020,6.60
1419,2021,6.74
1419,2022,7.05
1419,2023,5.38
1421,2012,4.03
1421,2013,4.34
1421,2014,4.17
1421,2015,4.11
1421,2016,4.10
1421,2017,3.93
1421,2018,4.12
1421,2019,3.99
1421,2020,3.77
1421,2021,3.57
1421,2022,3.87
1421,2023,4.04
1427,2012,3.92
1427,2013,4.18
1427,2014,5.24
1427,2015,5.40
1427,2016,4.31
1427,2017,4.83
1427,2018,3.81
1427,2019,3.29
1427,2020,3.46
1427,2021,3.07
1427,2022,2.94
1427,2023,3.24
1430,2012,3.43
1430,2013,3.67
1430,2014,3.30
1430,2015,3.00
1430,2016,2.46
1430,2017,1.91
1430,2018,2.10
1430,2019,2.53
1430,2020,2.86
1430,2021,3.13
1430,2022,3.46
1430,2023,3.85
1435,2012,3.07
1435,2013,3.50
1435,2014,3.49
1435,2015,3.42
1435,2016,2.97
1435,2017,3.92
1435,2018,3.77
1435,2019,3.40
1435,2020,3.21
1435,2021,2.85
1435,2022,3.12
1435,2023,3.67
1438,2012,2.85
1438,2013,3.40
1438,2014,3.09
1438,2015,2.67
1438,2016,2.47
1438,2017,2.31
1438,2018,2.58
1438,2019,1.93
1438,2020,1.89
1438,2021,1.66
1438,2022,1.59
1438,2023,1.35
1439,2012,1.80
1439,2013,2.22
1439,2014,1.95
1439,2015,1.88
1439,2016,1.52
1439,2017,1.71
1439,2018,1.67
1439,2019,1.81
1439,2020,2.10
1439,2021,2.24
1439,2022,2.70
1439,2023,2.92
1440,2012,2.18
1440,2013,2.29
1440,2014,2.33
1440,2015,2.01
1440,2016,1.12
1440,2017,0.88
1440,2018,0.91
1440,2019,1.11
1440,2020,1.23
1440,2021,1.31
1440,2022,1.16
1440,2023,1.18
1441,2012,1.55
1441,2013,1.55
1441,2014,1.65
1441,2015,1.53
1441,2016,1.02
1441,2017,1.16
1441,2018,1.38
1441,2019,2.01
1441,2020,1.87
1441,2021,2.18
1441,2022,2.53
1441,2023,3.27
1442,2012,3.33
1442,2013,3.62
1442,2014,3.27
1442,2015,3.39
1442,2016,2.57
1442,2017,2.64
1442,2018,3.11
1442,2019,4.39
1442,2020,4.10
1442,2021,5.46
1442,2022,6.24
1442,2023,6.35
1443,2012,3.42
1443,2013,2.66
1443,2014,2.74
1443,2015,2.51
1443,2016,1.67
1443,2017,1.34
1443,2018,1.80
1443,2019,2.05
1443,2020,2.46
1443,2021,3.03
1443,2022,3.51
1443,2023,3.74
1444,2012,3.72
1444,2013,4.04
1444,2014,3.55
1444,2015,3.51
1444,2016,3.02
1444,2017,3.77
1444,2018,3.93
1444,2019,4.15
1444,2020,4.36
1444,2021,4.38
1444,2022,4.39
1444,2023,4.42
1445,2012,2.05
1445,2013,2.68
1445,2014,2.31
1445,2015,2.29
1445,2016,1.30
1445,2017,1.61
1445,2018,1.45
1445,2019,1.89
1445,2020,1.99
1445,2021,2.32
1445,2022,2.27
1445,2023,2.46
1446,2012,2.19
1446,2013,2.87
1446,2014,2.34
1446,2015,1.91
1446,2016,2.00
1446,2017,1.15
1446,2018,1.15
1446,2019,1.59
1446,2020,1.65
1446,2021,1.62
1446,2022,1.56
1446,2023,1.69
1447,2012,1.70
1447,2013,1.93
1447,2014,1.87
1447,2015,2.10
1447,2016,1.96
1447,2017,1.76
1447,2018,1.68
1447,2019,1.76
1447,2020,2.09
1447,2021,2.19
1447,2022,1.98
1447,2023,1.78
1452,2012,2.19
1452,2013,2.43
1452,2014,2.25
1452,2015,2.11
1452,2016,1.52
1452,2017,1.43
1452,2018,1.56
1452,2019,1.94
1452,2020,2.38
1452,2021,2.47
1452,2022,2.52
1452,2023,2.67
1460,2012,2.67
1460,2013,3.16
1460,2014,2.73
1460,2015,2.88
1460,2016,2.61
1460,2017,2.53
1460,2018,2.21
1460,2019,2.52
1460,2020,2.77
1460,2021,2.86
1460,2022,3.12
1460,2023,2.98
1461,2012,3.52
1461,2013,3.86
1461,2014,4.00
1461,2015,4.68
1461,2016,4.54
1461,2017,4.02
1461,2018,3.82
1461,2019,9.16
1461,2020,4.85
1461,2021,4.87
1461,2022,4.81
1461,2023,5.16
1462,2012,2.32
1462,2013,2.96
1462,2014,2.60
1462,2015,2.47
1462,2016,2.99
1462,2017,2.24
1462,2018,2.41
1462,2019,2.58
1462,2020,3.25
1462,2021,3.58
1462,2022,3.22
1462,2023,3.38
1463,2012,3.12
1463,2013,3.22
1463,2014,2.66
1463,2015,2.42
1463,2016,1.88
1463,2017,2.13
1463,2018,2.35
1463,2019,2.48
1463,2020,2.60
1463,2021,3.02
1463,2022,2.92
1463,2023,2.93
1465,2012,2.83
1465,2013,2.97
1465,2014,3.18
1465,2015,3.51
1465,2016,3.15
1465,2017,2.95
1465,2018,2.71
1465,2019,2.88
1465,2020,2.70
1465,2021,2.64
1465,2022,2.63
1465,2023,2.98
1466,2012,2.18
1466,2013,2.22
1466,2014,2.04
1466,2015,1.96
1466,2016,1.44
1466,2017,1.57
1466,2018,1.63
1466,2019,1.91
1466,2020,1.82
1466,2021,1.75
1466,2022,1.89
1466,2023,1.87
1470,2012,2.16
1470,2013,2.57
1470,2014,1.95
1470,2015,1.75
1470,2016,1.08
1470,2017,1.19
1470,2018,1.38
1470,2019,1.62
1470,2020,2.38
1470,2021,2.36
1470,2022,2.53
1470,2023,2.95
1471,2012,2.60
1471,2013,2.57
1471,2014,2.69
1471,2015,2.64
1471,2016,1.80
1471,2017,1.51
1471,2018,1.95
1471,2019,2.40
1471,2020,2.74
1471,2021,3.59
1471,2022,3.85
1471,2023,4.15
1472,2012,2.68
1472,2013,3.27
1472,2014,1.97
1472,2015,1.90
1472,2016,1.73
1472,2017,1.85
1472,2018,2.56
1472,2019,2.38
1472,2020,2.84
1472,2021,3.18
1472,2022,3.96
1472,2023,4.41
1473,2012,3.04
1473,2013,2.94
1473,2014,2.92
1473,2015,2.88
1473,2016,1.96
1473,2017,1.93
1473,2018,2.08
1473,2019,1.62
1473,2020,1.73
1473,2021,1.64
1473,2022,1.76
1473,2023,1.74
1480,2012,3.22
1480,2013,2.94
1480,2014,2.34
1480,2015,1.99
1480,2016,1.85
1480,2017,1.79
1480,2018,1.82
1480,2019,1.92
1480,2020,1.99
1480,2021,1.90
1480,2022,1.90
1480,2023,2.04
1481,2012,1.70
1481,2013,1.79
1481,2014,1.48
1481,2015,1.26
1481,2016,1.17
1481,2017,1.46
1481,2018,1.43
1481,2019,1.72
1481,2020,1.92
1481,2021,1.50
1481,2022,1.29
1481,2023,1.23
1482,2012,3.87
1482,2013,4.27
1482,2014,3.57
1482,2015,3.46
1482,2016,2.79
1482,2017,2.87
1482,2018,3.26
1482,2019,3.77
1482,2020,4.00
1482,2021,5.30
1482,2022,5.65
1482,2023,5.75
1484,2012,2.92
1484,2013,3.31
1484,2014,2.89
1484,2015,2.97
1484,2016,2.59
1484,2017,1.82
1484,2018,1.88
1484,2019,1.85
1484,2020,1.79
1484,2021,1.54
1484,2022,1.40
1484,2023,1.41
1485,2012,2.93
1485,2013,3.22
1485,2014,2.78
1485,2015,2.64
1485,2016,1.50
1485,2017,1.57
1485,2018,1.69
1485,2019,1.77
1485,2020,1.97
1485,2021,2.45
1485,2022,2.95
1485,2023,3.28
1486,2012,4.78
1486,2013,4.57
1486,2014,4.19
1486,2015,3.94
1486,2016,3.75
1486,2017,2.78
1486,2018,2.88
1486,2019,3.07
1486,2020,2.85
1486,2021,2.93
1486,2022,3.41
1486,2023,3.78
1487,2012,2.27
1487,2013,2.61
1487,2014,2.59
1487,2015,2.82
1487,2016,2.57
1487,2017,2.05
1487,2018,2.13
1487,2019,2.40
1487,2020,2.77
1487,2021,2.40
1487,2022,2.72
1487,2023,2.52
1488,2012,1.49
1488,2013,1.64
1488,2014,1.39
1488,2015,1.22
1488,2016,1.28
1488,2017,1.10
1488,2018,1.28
1488,2019,1.31
1488,2020,1.12
1488,2021,1.18
1488,2022,1.29
1488,2023,1.50
1489,2012,2.32
1489,2013,2.41
1489,2014,2.50
1489,2015,2.46
1489,2016,2.03
1489,2017,1.99
1489,2018,2.14
1489,2019,2.40
1489,2020,2.26
1489,2021,2.27
1489,2022,2.21
1489,2023,2.35
1490,2012,2.29
1490,2013,2.27
1490,2014,2.06
1490,2015,1.75
1490,2016,1.44
1490,2017,1.62
1490,2018,1.60
1490,2019,1.78
1490,2020,1.83
1490,2021,1.80
1490,2022,1.93
1490,2023,2.11
1491,2012,4.16
1491,2013,4.28
1491,2014,4.45
1491,2015,4.46
1491,2016,4.10
1491,2017,3.19
1491,2018,2.91
1491,2019,3.08
1491,2020,3.27
1491,2021,3.82
1491,2022,4.32
1491,2023,4.16
1492,2012,1.59
1492,2013,1.93
1492,2014,1.84
1492,2015,1.96
1492,2016,1.14
1492,2017,0.91
1492,2018,1.12
1492,2019,1.13
1492,2020,1.41
1492,2021,1.48
1492,2022,1.67
1492,2023,1.70
1493,2012,1.98
1493,2013,2.56
1493,2014,2.20
1493,2015,1.58
1493,2016,1.28
1493,2017,1.34
1493,2018,1.58
1493,2019,1.31
1493,2020,1.35
1493,2021,1.57
1493,2022,1.65
1493,2023,1.64
1494,2012,2.43
1494,2013,2.62
1494,2014,2.19
1494,2015,2.39
1494,2016,1.42
1494,2017,1.82
1494,2018,2.15
1494,2019,2.52
1494,2020,2.84
1494,2021,3.25
1494,2022,3.63
1494,2023,4.31
1495,2012,2.49
1495,2013,2.91
1495,2014,2.58
1495,2015,2.36
1495,2016,2.23
1495,2017,1.77
1495,2018,1.78
1495,2019,1.80
1495,2020,2.13
1495,2021,1.86
1495,2022,2.17
1495,2023,2.39
1496,2012,1.38
1496,2013,1.42
1496,2014,1.20
1496,2015,1.08
1496,2016,0.79
1496,2017,1.39
1496,2018,1.34
1496,2019,1.50
1496,2020,0.93
1496,2021,0.92
1496,2022,1.09
1496,2023,1.18
1497,2012,2.50
1497,2013,2.75
1497,2014,2.61
1497,2015,2.54
1497,2016,1.95
1497,2017,2.25
1497,2018,2.52
1497,2019,3.09
1497,2020,3.21
1497,2021,3.26
1497,2022,3.32
1497,2023,3.40
1498,2012,2.22
1498,2013,2.18
1498,2014,1.99
1498,2015,2.13
1498,2016,1.73
1498,2017,1.77
1498,2018,2.14
1498,2019,2.59
1498,2020,2.45
1498,2021,2.24
1498,2022,2.06
1498,2023,2.14
1499,2012,1.98
1499,2013,2.05
1499,2014,1.77
1499,2015,1.65
1499,2016,0.94
1499,2017,1.00
1499,2018,0.95
1499,2019,0.80
1499,2020,0.73
1499,2021,0.69
1499,2022,0.70
1499,2023,0.70
1715,2012,2.67
1715,2013,2.61
1715,2014,2.48
1715,2015,2.51
1715,2016,2.17
1715,2017,2.58
1715,2018,2.83
1715,2019,3.40
1715,2020,3.27
1715,2021,3.33
1715,2022,3.44
1715,2023,3.44
1730,2012,3.15
1730,2013,3.36
1730,2014,3.24
1730,2015,3.56
1730,2016,3.32
1730,2017,3.56
1730,2018,3.77
1730,2019,3.82
1730,2020,3.95
1730,2021,3.99
1730,2022,4.28
1730,2023,4.15
1737,2012,2.87
1737,2013,2.94
1737,2014,2.76
1737,2015,2.56
1737,2016,2.56
1737,2017,1.88
1737,2018,1.92
1737,2019,2.24
1737,2020,2.29
1737,2021,2.60
1737,2022,2.73
1737,2023,2.90
1760,2012,2.27
1760,2013,2.54
1760,2014,1.70
1760,2015,1.88
1760,2016,1.29
1760,2017,1.82
1760,2018,1.95
1760,2019,1.69
1760,2020,1.73
1760,2021,1.62
1760,2022,1.60
1760,2023,1.68
1761,2012,3.93
1761,2013,5.01
1761,2014,4.76
1761,2015,5.43
1761,2016,4.49
1761,2017,5.08
1761,2018,5.62
1761,2019,5.99
1761,2020,6.35
1761,2021,6.57
1761,2022,6.53
1761,2023,6.20
1762,2012,1.02
1762,2013,1.29
1762,2014,1.31
1762,2015,1.72
1762,2016,1.39
1762,2017,1.65
1762,2018,1.37
1762,2019,1.63
1762,2020,1.15
1762,2021,1.11
1762,2022,0.92
1762,2023,0.90
1763,2012,2.21
1763,2013,2.67
1763,2014,2.52
1763,2015,2.56
1763,2016,2.10
1763,2017,2.28
1763,2018,2.01
1763,2019,2.14
1763,2020,2.07
1763,2021,2.04
1763,2022,2.15
1763,2023,2.52
1764,2012,2.91
1764,2013,2.97
1764,2014,2.58
1764,2015,2.63
1764,2016,2.11
1764,2017,1.93
1764,2018,2.19
1764,2019,1.99
1764,2020,1.81
1764,2021,1.87
1764,2022,1.91
1764,2023,2.02
1765,2012,3.70
1765,2013,5.06
1765,2014,4.58
1765,2015,5.02
1765,2016,4.78
1765,2017,3.48
1765,2018,4.02
1765,2019,4.34
1765,2020,4.59
1765,2021,4.80
1765,2022,5.36
1765,2023,5.41
1766,2012,2.40
1766,2013,2.38
1766,2014,2.46
1766,2015,3.29
1766,2016,3.31
1766,2017,2.78
1766,2018,2.72
1766,2019,2.67
1766,2020,2.63
1766,2021,2.67
1766,2022,2.79
1766,2023,3.10
1780,2012,2.12
1780,2013,2.14
1780,2014,1.97
1780,2015,1.69
1780,2016,1.64
1780,2017,1.64
1780,2018,1.72
1780,2019,1.55
1780,2020,1.51
1780,2021,1.37
1780,2022,1.59
1780,2023,1.61
1781,2012,2.93
1781,2013,3.25
1781,2014,3.08
1781,2015,2.70
1781,2016,2.65
1781,2017,2.32
1781,2018,2.44
1781,2019,2.27
1781,2020,2.26
1781,2021,2.54
1781,2022,2.44
1781,2023,2.77
1782,2012,3.63
1782,2013,3.76
1782,2014,3.44
1782,2015,3.20
1782,2016,3.18
1782,2017,1.90
1782,2018,1.83
1782,2019,2.09
1782,2020,1.97
1782,2021,1.94
1782,2022,2.15
1782,2023,2.15
1783,2012,2.54
1783,2013,3.14
1783,2014,2.72
1783,2015,2.42
1783,2016,2.25
1783,2017,2.13
1783,2018,2.14
1783,2019,2.28
1783,2020,2.34
1783,2021,2.57
1783,2022,2.45
1783,2023,2.43
1784,2012,2.66
1784,2013,2.65
1784,2014,2.54
1784,2015,2.55
1784,2016,1.94
1784,2017,1.88
1784,2018,2.13
1784,2019,2.43
1784,2020,2.58
1784,2021,2.69
1784,2022,2.78
1784,2023,2.76
1785,2012,3.10
1785,2013,3.08
1785,2014,3.08
1785,2015,3.12
1785,2016,2.71
1785,2017,2.45
1785,2018,2.46
1785,2019,2.50
1785,2020,2.19
1785,2021,2.21
1785,2022,2.41
1785,2023,2.47
1814,2012,3.22
1814,2013,3.75
1814,2014,3.18
1814,2015,3.26
1814,2016,2.85
1814,2017,4.60
1814,2018,3.50
1814,2019,2.95
1814,2020,2.80
1814,2021,4.08
1814,2022,4.17
1814,2023,3.97
1860,2012,2.58
1860,2013,2.58
1860,2014,2.84
1860,2015,4.42
1860,2016,2.40
1860,2017,3.10
1860,2018,3.10
1860,2019,3.08
1860,2020,2.92
1860,2021,2.76
1860,2022,2.31
1860,2023,1.86
1861,2012,3.05
1861,2013,3.17
1861,2014,3.28
1861,2015,3.03
1861,2016,2.26
1861,2017,2.53
1861,2018,3.05
1861,2019,3.28
1861,2020,3.73
1861,2021,4.04
1861,2022,4.41
1861,2023,4.61
1862,2012,1.46
1862,2013,1.39
1862,2014,1.26
1862,2015,1.28
1862,2016,0.98
1862,2017,1.20
1862,2018,0.99
1862,2019,1.13
1862,2020,1.38
1862,2021,1.55
1862,2022,1.57
1862,2023,1.69
1863,2012,2.96
1863,2013,3.34
1863,2014,2.65
1863,2015,3.07
1863,2016,2.69
1863,2017,1.96
1863,2018,2.09
1863,2019,2.47
1863,2020,2.47
1863,2021,2.39
1863,2022,2.64
1863,2023,2.79
1864,2012,5.20
1864,2013,5.93
1864,2014,6.51
1864,2015,5.17
1864,2016,4.47
1864,2017,3.74
1864,2018,3.59
1864,2019,4.05
1864,2020,4.32
1864,2021,3.43
1864,2022,3.70
1864,2023,3.97
1880,2012,2.00
1880,2013,2.31
1880,2014,2.18
1880,2015,2.31
1880,2016,2.99
1880,2017,3.12
1880,2018,3.64
1880,2019,3.80
1880,2020,3.76
1880,2021,3.70
1880,2022,3.65
1880,2023,1.34
1881,2012,1.45
1881,2013,1.67
1881,2014,1.55
1881,2015,2.29
1881,2016,2.18
1881,2017,3.42
1881,2018,4.59
1881,2019,5.28
1881,2020,5.92
1881,2021,5.84
1881,2022,6.26
1881,2023,6.56
1882,2012,3.72
1882,2013,4.48
1882,2014,3.46
1882,2015,3.24
1882,2016,2.70
1882,2017,1.98
1882,2018,1.67
1882,2019,1.58
1882,2020,1.70
1882,2021,1.98
1882,2022,2.21
1882,2023,2.07
1883,2012,1.61
1883,2013,1.53
1883,2014,1.41
1883,2015,1.36
1883,2016,1.20
1883,2017,0.94
1883,2018,1.28
1883,2019,1.38
1883,2020,1.24
1883,2021,1.28
1883,2022,1.58
1883,2023,1.56
1884,2012,3.03
1884,2013,3.13
1884,2014,2.61
1884,2015,2.75
1884,2016,2.32
1884,2017,2.19
1884,2018,2.12
1884,2019,2.28
1884,2020,2.81
1884,2021,3.11
1884,2022,3.29
1884,2023,3.61
1885,2012,2.64
1885,2013,2.87
1885,2014,2.78
1885,2015,2.80
1885,2016,2.26
1885,2017,2.07
1885,2018,1.91
1885,2019,2.06
1885,2020,2.22
1885,2021,2.29
1885,2022,2.33
1885,2023,2.58
1904,2012,3.12
1904,2013,2.63
1904,2014,3.25
1904,2015,3.18
1904,2016,2.08
1904,2017,1.78
1904,2018,2.01
1904,2019,2.48
1904,2020,2.13
1904,2021,2.17
1904,2022,2.43
1904,2023,2.74
1907,2012,1.83
1907,2013,1.79
1907,2014,1.51
1907,2015,1.54
1907,2016,1.39
1907,2017,1.28
1907,2018,1.58
1907,2019,1.95
1907,2020,2.05
1907,2021,2.19
1907,2022,2.33
1907,2023,2.33
1960,2012,2.37
1960,2013,2.48
1960,2014,2.43
1960,2015,3.00
1960,2016,2.30
1960,2017,2.49
1960,2018,2.69
1960,2019,3.32
1960,2020,3.68
1960,2021,4.15
1960,2022,4.29
1960,2023,4.52
1961,2012,1.79
1961,2013,1.80
1961,2014,1.85
1961,2015,1.64
1961,2016,1.32
1961,2017,2.37
1961,2018,2.80
1961,2019,3.30
1961,2020,3.76
1961,2021,3.96
1961,2022,4.39
1961,2023,4.67
1962,2012,3.06
1962,2013,3.01
1962,2014,3.03
1962,2015,2.55
1962,2016,1.16
1962,2017,1.10
1962,2018,1.02
1962,2019,1.00
1962,2020,1.15
1962,2021,1.45
1962,2022,1.21
1962,2023,1.31
1980,2012,2.81
1980,2013,2.71
1980,2014,1.86
1980,2015,1.71
1980,2016,1.37
1980,2017,1.13
1980,2018,1.20
1980,2019,1.10
1980,2020,0.94
1980,2021,0.92
1980,2022,0.95
1980,2023,1.06
1981,2012,1.94
1981,2013,2.01
1981,2014,1.83
1981,2015,1.92
1981,2016,1.63
1981,2017,2.21
1981,2018,2.06
1981,2019,2.63
1981,2020,2.71
1981,2021,2.92
1981,2022,3.18
1981,2023,3.43
1982,2012,2.56
1982,2013,2.39
1982,2014,2.09
1982,2015,1.48
1982,2016,1.47
1982,2017,1.22
1982,2018,1.29
1982,2019,1.12
1982,2020,1.12
1982,2021,1.31
1982,2022,1.25
1982,2023,1.40
1983,2012,3.03
1983,2013,2.86
1983,2014,1.70
1983,2015,1.49
1983,2016,1.06
1983,2017,0.98
1983,2018,0.99
1983,2019,1.09
1983,2020,1.15
1983,2021,1.24
1983,2022,1.68
1983,2023,2.04
1984,2012,1.93
1984,2013,2.00
1984,2014,1.63
1984,2015,1.76
1984,2016,1.52
1984,2017,1.15
1984,2018,1.29
1984,2019,1.15
1984,2020,1.13
1984,2021,1.16
1984,2022,1.13
1984,2023,1.24
2021,2012,2.91
2021,2013,3.00
2021,2014,2.93
2021,2015,3.05
2021,2016,2.61
2021,2017,2.49
2021,2018,2.50
2021,2019,2.69
2021,2020,2.75
2021,2021,2.88
2021,2022,2.96
2021,2023,2.85
2023,2012,5.99
2023,2013,6.13
2023,2014,5.81
2023,2015,5.94
2023,2016,3.52
2023,2017,3.28
2023,2018,3.58
2023,2019,4.16
2023,2020,4.80
2023,2021,4.88
2023,2022,5.43
2023,2023,6.21
2026,2012,2.05
2026,2013,2.55
2026,2014,2.49
2026,2015,2.50
2026,2016,1.46
2026,2017,1.53
2026,2018,1.66
2026,2019,1.99
2026,2020,2.54
2026,2021,2.76
2026,2022,2.62
2026,2023,2.91
2029,2012,2.92
2029,2013,3.13
2029,2014,3.11
2029,2015,2.98
2029,2016,2.02
2029,2017,1.96
2029,2018,2.09
2029,2019,1.94
2029,2020,2.00
2029,2021,2.32
2029,2022,2.59
2029,2023,2.67
2031,2012,3.79
2031,2013,3.93
2031,2014,3.49
2031,2015,3.60
2031,2016,2.79
2031,2017,2.33
2031,2018,2.52
2031,2019,2.40
2031,2020,2.79
2031,2021,3.05
2031,2022,3.26
2031,2023,3.75
2034,2012,2.59
2034,2013,2.56
2034,2014,2.32
2034,2015,2.18
2034,2016,1.63
2034,2017,1.28
2034,2018,1.44
2034,2019,1.40
2034,2020,1.38
2034,2021,1.52
2034,2022,1.66
2034,2023,1.82
2039,2012,8.28
2039,2013,8.86
2039,2014,8.49
2039,2015,7.78
2039,2016,4.29
2039,2017,4.47
2039,2018,5.04
2039,2019,5.15
2039,2020,5.60
2039,2021,5.78
2039,2022,6.01
2039,2023,6.05
2061,2012,1.54
2061,2013,1.95
2061,2014,1.99
2061,2015,2.11
2061,2016,1.57
2061,2017,1.45
2061,2018,1.60
2061,2019,1.80
2061,2020,2.03
2061,2021,2.34
2061,2022,2.87
2061,2023,3.34
2062,2012,2.02
2062,2013,2.15
2062,2014,2.14
2062,2015,2.30
2062,2016,1.34
2062,2017,1.90
2062,2018,1.58
2062,2019,1.73
2062,2020,1.87
2062,2021,2.20
2062,2022,2.74
2062,2023,2.57
2080,2012,2.34
2080,2013,2.40
2080,2014,2.22
2080,2015,2.05
2080,2016,1.52
2080,2017,2.12
2080,2018,2.61
2080,2019,3.16
2080,2020,3.66
2080,2021,4.03
2080,2022,4.27
2080,2023,4.47
2081,2012,1.77
2081,2013,1.89
2081,2014,1.65
2081,2015,1.67
2081,2016,1.39
2081,2017,1.52
2081,2018,1.61
2081,2019,1.84
2081,2020,1.60
2081,2021,1.40
2081,2022,1.39
2081,2023,1.40
2082,2012,1.35
2082,2013,1.55
2082,2014,1.49
2082,2015,1.69
2082,2016,1.07
2082,2017,1.56
2082,2018,1.57
2082,2019,1.73
2082,2020,2.00
2082,2021,2.11
2082,2022,1.99
2082,2023,2.08
2083,2012,3.29
2083,2013,3.44
2083,2014,2.95
2083,2015,2.95
2083,2016,2.04
2083,2017,2.02
2083,2018,2.02
2083,2019,2.21
2083,2020,2.79
2083,2021,2.52
2083,2022,2.65
2083,2023,3.02
2084,2012,1.52
2084,2013,1.77
2084,2014,1.44
2084,2015,1.37
2084,2016,1.21
2084,2017,1.15
2084,2018,1.00
2084,2019,1.20
2084,2020,1.35
2084,2021,1.33
2084,2022,1.47
2084,2023,1.68
2085,2012,2.55
2085,2013,2.80
2085,2014,2.70
2085,2015,2.61
2085,2016,2.21
2085,2017,1.80
2085,2018,2.01
2085,2019,2.01
2085,2020,2.02
2085,2021,2.09
2085,2022,1.93
2085,2023,1.99
2101,2012,4.17
2101,2013,4.24
2101,2014,3.82
2101,2015,3.45
2101,2016,2.24
2101,2017,2.61
2101,2018,2.84
2101,2019,3.06
2101,2020,2.89
2101,2021,2.80
2101,2022,2.77
2101,2023,2.66
2104,2012,1.99
2104,2013,2.08
2104,2014,1.83
2104,2015,1.25
2104,2016,1.04
2104,2017,0.98
2104,2018,1.06
2104,2019,1.34
2104,2020,1.45
2104,2021,1.12
2104,2022,1.17
2104,2023,1.06
2121,2012,2.06
2121,2013,1.96
2121,2014,1.87
2121,2015,1.48
2121,2016,1.17
2121,2017,0.90
2121,2018,1.15
2121,2019,1.10
2121,2020,0.96
2121,2021,1.11
2121,2022,1.04
2121,2023,1.23
2132,2012,3.20
2132,2013,3.48
2132,2014,3.34
2132,2015,3.26
2132,2016,2.82
2132,2017,2.82
2132,2018,2.57
2132,2019,2.83
2132,2020,2.62
2132,2021,2.82
2132,2022,2.92
2132,2023,2.83
2161,2012,3.63
2161,2013,3.96
2161,2014,3.31
2161,2015,3.35
2161,2016,2.47
2161,2017,2.18
2161,2018,2.18
2161,2019,2.11
2161,2020,1.81
2161,2021,1.82
2161,2022,1.78
2161,2023,1.83
2180,2012,2.25
2180,2013,2.22
2180,2014,1.66
2180,2015,1.77
2180,2016,1.68
2180,2017,1.62
2180,2018,1.63
2180,2019,1.73
2180,2020,1.93
2180,2021,2.20
2180,2022,2.23
2180,2023,2.22
2181,2012,1.96
2181,2013,1.87
2181,2014,1.46
2181,2015,1.73
2181,2016,1.54
2181,2017,1.29
2181,2018,1.41
2181,2019,1.42
2181,2020,1.47
2181,2021,1.44
2181,2022,1.51
2181,2023,1.63
2182,2012,2.70
2182,2013,3.08
2182,2014,3.13
2182,2015,2.87
2182,2016,2.27
2182,2017,1.90
2182,2018,1.71
2182,2019,1.91
2182,2020,2.11
2182,2021,1.95
2182,2022,2.29
2182,2023,2.34
2183,2012,2.23
2183,2013,2.22
2183,2014,1.85
2183,2015,2.01
2183,2016,1.59
2183,2017,1.43
2183,2018,1.42
2183,2019,1.56
2183,2020,1.55
2183,2021,1.70
2183,2022,1.71
2183,2023,1.83
2184,2012,2.37
2184,2013,2.67
2184,2014,2.32
2184,2015,2.34
2184,2016,1.67
2184,2017,1.77
2184,2018,1.92
2184,2019,2.19
2184,2020,2.33
2184,2021,2.58
2184,2022,1.67
2184,2023,1.52
2260,2012,3.54
2260,2013,3.82
2260,2014,3.66
2260,2015,3.60
2260,2016,2.41
2260,2017,2.44
2260,2018,2.16
2260,2019,2.04
2260,2020,1.75
2260,2021,1.83
2260,2022,1.71
2260,2023,1.47
2262,2012,3.22
2262,2013,3.09
2262,2014,2.64
2262,2015,3.79
2262,2016,1.76
2262,2017,1.34
2262,2018,1.54
2262,2019,1.45
2262,2020,1.55
2262,2021,1.57
2262,2022,1.48
2262,2023,1.58
2280,2012,2.82
2280,2013,2.75
2280,2014,2.51
2280,2015,2.66
2280,2016,1.80
2280,2017,1.73
2280,2018,1.81
2280,2019,1.98
2280,2020,2.03
2280,2021,1.96
2280,2022,2.33
2280,2023,2.19
2281,2012,2.49
2281,2013,2.54
2281,2014,2.05
2281,2015,2.16
2281,2016,2.02
2281,2017,2.09
2281,2018,2.26
2281,2019,2.39
2281,2020,2.46
2281,2021,2.45
2281,2022,2.63
2281,2023,2.78
2282,2012,3.59
2282,2013,3.84
2282,2014,3.27
2282,2015,3.32
2282,2016,2.49
2282,2017,1.95
2282,2018,2.03
2282,2019,2.13
2282,2020,1.97
2282,2021,2.04
2282,2022,2.18
2282,2023,2.35
2283,2012,4.79
2283,2013,4.84
2283,2014,4.28
2283,2015,4.46
2283,2016,2.17
2283,2017,2.02
2283,2018,1.90
2283,2019,1.67
2283,2020,1.66
2283,2021,1.74
2283,2022,1.84
2283,2023,1.80
2284,2012,2.95
2284,2013,2.99
2284,2014,2.54
2284,2015,2.58
2284,2016,1.87
2284,2017,1.70
2284,2018,1.57
2284,2019,1.56
2284,2020,1.47
2284,2021,1.34
2284,2022,1.26
2284,2023,1.27
2303,2012,4.01
2303,2013,3.72
2303,2014,3.58
2303,2015,2.95
2303,2016,1.74
2303,2017,2.09
2303,2018,2.51
2303,2019,1.57
2303,2020,1.61
2303,2021,1.88
2303,2022,1.86
2303,2023,2.04
2305,2012,4.16
2305,2013,4.19
2305,2014,3.61
2305,2015,3.45
2305,2016,1.88
2305,2017,1.95
2305,2018,1.80
2305,2019,1.81
2305,2020,1.99
2305,2021,1.98
2305,2022,2.50
2305,2023,2.44
2309,2012,5.68
2309,2013,7.92
2309,2014,4.88
2309,2015,4.38
2309,2016,1.22
2309,2017,1.22
2309,2018,1.17
2309,2019,1.30
2309,2020,1.37
2309,2021,1.56
2309,2022,1.55
2309,2023,1.54
2313,2012,5.29
2313,2013,5.63
2313,2014,5.15
2313,2015,5.11
2313,2016,3.57
2313,2017,3.01
2313,2018,3.12
2313,2019,2.92
2313,2020,2.86
2313,2021,2.93
2313,2022,2.88
2313,2023,2.93
2321,2012,7.51
2321,2013,8.31
2321,2014,7.64
2321,2015,8.25
2321,2016,6.43
2321,2017,6.62
2321,2018,6.91
2321,2019,7.48
2321,2020,8.37
2321,2021,9.53
2321,2022,10.06
2321,2023,10.57
2326,2012,3.55
2326,2013,4.05
2326,2014,3.38
2326,2015,3.63
2326,2016,2.19
2326,2017,1.99
2326,2018,1.99
2326,2019,2.34
2326,2020,2.65
2326,2021,2.86
2326,2022,2.86
2326,2023,3.08
2361,2012,5.36
2361,2013,5.34
2361,2014,5.16
2361,2015,5.02
2361,2016,2.55
2361,2017,3.32
2361,2018,3.06
2361,2019,3.65
2361,2020,3.69
2361,2021,4.00
2361,2022,3.51
2361,2023,3.81
2380,2012,2.50
2380,2013,2.36
2380,2014,1.72
2380,2015,1.69
2380,2016,1.25
2380,2017,1.22
2380,2018,1.14
2380,2019,1.18
2380,2020,1.31
2380,2021,1.34
2380,2022,1.40
2380,2023,1.61
2401,2012,4.18
2401,2013,3.81
2401,2014,3.42
2401,2015,3.30
2401,2016,1.51
2401,2017,1.21
2401,2018,1.31
2401,2019,1.22
2401,2020,1.41
2401,2021,1.58
2401,2022,1.95
2401,2023,1.95
2403,2012,3.84
2403,2013,4.02
2403,2014,3.51
2403,2015,3.42
2403,2016,2.85
2403,2017,3.55
2403,2018,3.80
2403,2019,5.07
2403,2020,3.44
2403,2021,3.34
2403,2022,3.16
2403,2023,3.92
2404,2012,4.85
2404,2013,4.43
2404,2014,3.51
2404,2015,3.63
2404,2016,2.72
2404,2017,2.61
2404,2018,2.52
2404,2019,2.60
2404,2020,2.84
2404,2021,2.97
2404,2022,3.02
2404,2023,3.28
2409,2012,4.12
2409,2013,4.39
2409,2014,3.27
2409,2015,3.43
2409,2016,2.42
2409,2017,2.79
2409,2018,2.59
2409,2019,2.56
2409,2020,2.42
2409,2021,2.39
2409,2022,2.47
2409,2023,2.66
2417,2012,4.75
2417,2013,5.13
2417,2014,3.66
2417,2015,3.93
2417,2016,3.73
2417,2017,3.57
2417,2018,3.57
2417,2019,3.61
2417,2020,3.88
2417,2021,3.60
2417,2022,3.60
2417,2023,3.80
2418,2012,3.60
2418,2013,3.90
2418,2014,3.18
2418,2015,3.12
2418,2016,2.55
2418,2017,2.97
2418,2018,3.07
2418,2019,3.00
2418,2020,2.68
2418,2021,2.87
2418,2022,2.80
2418,2023,2.81
2421,2012,4.53
2421,2013,4.47
2421,2014,4.23
2421,2015,4.54
2421,2016,2.32
2421,2017,2.49
2421,2018,2.77
2421,2019,3.50
2421,2020,2.78
2421,2021,3.06
2421,2022,2.71
2421,2023,3.01
2422,2012,7.71
2422,2013,8.63
2422,2014,7.76
2422,2015,7.47
2422,2016,2.76
2422,2017,2.46
2422,2018,2.62
2422,2019,2.65
2422,2020,2.66
2422,2021,2.68
2422,2022,2.91
2422,2023,3.06
2425,2012,8.91
2425,2013,8.45
2425,2014,3.26
2425,2015,3.39
2425,2016,1.88
2425,2017,1.55
2425,2018,1.87
2425,2019,1.18
2425,2020,1.48
2425,2021,1.59
2425,2022,1.53
2425,2023,1.84
2460,2012,2.17
2460,2013,2.13
2460,2014,1.83
2460,2015,1.78
2460,2016,1.50
2460,2017,1.50
2460,2018,1.68
2460,2019,1.98
2460,2020,1.95
2460,2021,2.05
2460,2022,1.89
2460,2023,2.16
2462,2012,4.70
2462,2013,4.59
2462,2014,4.34
2462,2015,4.33
2462,2016,2.67
2462,2017,2.83
2462,2018,3.20
2462,2019,3.16
2462,2020,3.52
2462,2021,3.45
2462,2022,3.03
2462,2023,3.21
2463,2012,7.17
2463,2013,7.30
2463,2014,5.14
2463,2015,5.23
2463,2016,4.63
2463,2017,3.06
2463,2018,3.05
2463,2019,3.26
2463,2020,3.60
2463,2021,3.81
2463,2022,3.34
2463,2023,3.09
2480,2012,3.38
2480,2013,3.46
2480,2014,2.49
2480,2015,2.54
2480,2016,1.39
2480,2017,1.28
2480,2018,1.25
2480,2019,1.11
2480,2020,1.02
2480,2021,0.77
2480,2022,0.77
2480,2023,0.79
2481,2012,3.59
2481,2013,3.84
2481,2014,2.55
2481,2015,2.45
2481,2016,1.25
2481,2017,1.51
2481,2018,1.35
2481,2019,1.31
2481,2020,1.11
2481,2021,1.12
2481,2022,1.23
2481,2023,1.24
2482,2012,2.78
2482,2013,2.91
2482,2014,2.61
2482,2015,2.79
2482,2016,1.61
2482,2017,1.94
2482,2018,2.29
2482,2019,2.74
2482,2020,3.20
2482,2021,3.67
2482,2022,4.55
2482,2023,5.76
2505,2012,8.84
2505,2013,8.98
2505,2014,7.68
2505,2015,3.35
2505,2016,1.43
2505,2017,1.18
2505,2018,1.14
2505,2019,1.17
2505,2020,1.19
2505,2021,0.99
2505,2022,0.98
2505,2023,7.61
2506,2012,6.81
2506,2013,6.88
2506,2014,6.95
2506,2015,7.24
2506,2016,3.30
2506,2017,3.40
2506,2018,3.83
2506,2019,3.73
2506,2020,4.30
2506,2021,4.77
2506,2022,4.76
2506,2023,4.64
2510,2012,6.69
2510,2013,6.91
2510,2014,6.92
2510,2015,6.96
2510,2016,3.92
2510,2017,3.48
2510,2018,3.14
2510,2019,3.55
2510,2020,3.53
2510,2021,3.74
2510,2022,3.05
2510,2023,3.64
2513,2012,4.40
2513,2013,4.37
2513,2014,3.75
2513,2015,3.36
2513,2016,1.36
2513,2017,1.22
2513,2018,1.09
2513,2019,1.21
2513,2020,1.25
2513,2021,1.08
2513,2022,1.23
2513,2023,1.30
2514,2012,2.16
2514,2013,2.23
2514,2014,2.09
2514,2015,2.18
2514,2016,1.65
2514,2017,1.64
2514,2018,1.71
2514,2019,1.70
2514,2020,1.71
2514,2021,1.99
2514,2022,2.05
2514,2023,2.00
2518,2012,4.02
2518,2013,3.91
2518,2014,3.54
2518,2015,3.13
2518,2016,2.16
2518,2017,2.02
2518,2018,2.29
2518,2019,2.56
2518,2020,2.54
2518,2021,2.40
2518,2022,2.06
2518,2023,2.20
2521,2012,5.40
2521,2013,6.13
2521,2014,3.57
2521,2015,3.88
2521,2016,1.49
2521,2017,1.46
2521,2018,1.46
2521,2019,1.54
2521,2020,1.64
2521,2021,1.79
2521,2022,2.14
2521,2023,2.21
2523,2012,6.35
2523,2013,6.54
2523,2014,5.97
2523,2015,6.45
2523,2016,3.40
2523,2017,3.79
2523,2018,5.16
2523,2019,6.00
2523,2020,6.77
2523,2021,7.58
2523,2022,8.39
2523,2023,8.72
2560,2012,1.78
2560,2013,1.98
2560,2014,1.88
2560,2015,1.59
2560,2016,1.03
2560,2017,1.10
2560,2018,0.95
2560,2019,0.94
2560,2020,0.89
2560,2021,1.20
2560,2022,1.39
2560,2023,1.57
2580,2012,2.62
2580,2013,2.91
2580,2014,2.91
2580,2015,2.80
2580,2016,2.14
2580,2017,2.60
2580,2018,2.89
2580,2019,3.13
2580,2020,3.29
2580,2021,3.52
2580,2022,3.54
2580,2023,3.82
2581,2012,2.80
2581,2013,2.96
2581,2014,2.40
2581,2015,2.46
2581,2016,1.16
2581,2017,1.38
2581,2018,1.63
2581,2019,1.83
2581,2020,1.83
2581,2021,1.94
2581,2022,2.00
2581,2023,2.35
2582,2012,2.16
2582,2013,1.51
2582,2014,1.53
2582,2015,1.00
2582,2016,0.58
2582,2017,0.78
2582,2018,0.37
2582,2019,0.35
2582,2020,0.31
2582,2021,0.34
2582,2022,0.46
2582,2023,0.57
2583,2012,4.75
2583,2013,4.74
2583,2014,4.09
2583,2015,3.74
2583,2016,2.99
2583,2017,2.95
2583,2018,2.54
2583,2019,2.58
2583,2020,2.46
2583,2021,2.32
2583,2022,2.29
2583,2023,2.29
2584,2012,6.21
2584,2013,6.73
2584,2014,6.63
2584,2015,6.90
2584,2016,5.58
2584,2017,5.62
2584,2018,5.79
2584,2019,6.03
2584,2020,4.65
2584,2021,4.65
2584,2022,4.95
2584,2023,5.10
