kommun,year,uppform_aganderatt_procent
0114,2012,40.05
0114,2013,39.83
0114,2014,40.36
0114,2015,39.60
0114,2016,38.92
0114,2017,38.41
0114,2018,37.73
0114,2019,36.76
0114,2020,36.60
0114,2021,36.08
0114,2022,35.18
0114,2023,34.20
0115,2012,68.29
0115,2013,68.46
0115,2014,68.53
0115,2015,68.26
0115,2016,70.07
0115,2017,70.43
0115,2018,70.29
0115,2019,69.56
0115,2020,69.74
0115,2021,69.35
0115,2022,68.41
0115,2023,67.90
0117,2012,74.27
0117,2013,74.03
0117,2014,73.53
0117,2015,72.69
0117,2016,73.14
0117,2017,72.36
0117,2018,71.65
0117,2019,70.99
0117,2020,70.35
0117,2021,68.86
0117,2022,68.06
0117,2023,67.63
0120,2012,72.20
0120,2013,71.56
0120,2014,71.11
0120,2015,70.78
0120,2016,70.81
0120,2017,70.16
0120,2018,68.68
0120,2019,67.85
0120,2020,67.57
0120,2021,67.56
0120,2022,67.04
0120,2023,65.89
0123,2012,41.81
0123,2013,41.42
0123,2014,40.70
0123,2015,39.80
0123,2016,39.63
0123,2017,38.46
0123,2018,37.38
0123,2019,36.60
0123,2020,35.81
0123,2021,35.03
0123,2022,34.22
0123,2023,33.67
0125,2012,76.71
0125,2013,76.23
0125,2014,75.93
0125,2015,75.65
0125,2016,77.95
0125,2017,77.89
0125,2018,76.85
0125,2019,75.90
0125,2020,75.42
0125,2021,75.34
0125,2022,75.83
0125,2023,76.27
0126,2012,50.62
0126,2013,50.37
0126,2014,50.30
0126,2015,50.09
0126,2016,49.96
0126,2017,49.34
0126,2018,48.77
0126,2019,48.55
0126,2020,48.63
0126,2021,48.50
0126,2022,48.49
0126,2023,48.40
0127,2012,37.74
0127,2013,37.48
0127,2014,37.91
0127,2015,37.92
0127,2016,38.08
0127,2017,34.98
0127,2018,37.67
0127,2019,37.42
0127,2020,37.25
0127,2021,37.52
0127,2022,37.55
0127,2023,37.12
0128,2012,57.22
0128,2013,57.20
0128,2014,57.64
0128,2015,57.57
0128,2016,57.52
0128,2017,57.32
0128,2018,57.10
0128,2019,56.78
0128,2020,56.28
0128,2021,55.81
0128,2022,55.69
0128,2023,55.02
0136,2012,44.48
0136,2013,44.21
0136,2014,43.92
0136,2015,43.54
0136,2016,43.98
0136,2017,43.17
0136,2018,42.18
0136,2019,41.49
0136,2020,41.01
0136,2021,40.47
0136,2022,39.73
0136,2023,38.86
0138,2012,58.01
0138,2013,57.39
0138,2014,57.14
0138,2015,56.46
0138,2016,55.69
0138,2017,55.46
0138,2018,54.78
0138,2019,54.19
0138,2020,53.68
0138,2021,53.52
0138,2022,53.33
0138,2023,52.78
0139,2012,49.32
0139,2013,48.55
0139,2014,48.02
0139,2015,47.31
0139,2016,49.80
0139,2017,48.42
0139,2018,46.71
0139,2019,45.97
0139,2020,44.76
0139,2021,43.43
0139,2022,42.63
0139,2023,41.44
0140,2012,77.86
0140,2013,77.30
0140,2014,75.80
0140,2015,75.28
0140,2016,74.48
0140,2017,73.58
0140,2018,71.93
0140,2019,71.09
0140,2020,69.58
0140,2021,68.09
0140,2022,66.98
0140,2023,64.05
0160,2012,63.93
0160,2013,62.99
0160,2014,62.73
0160,2015,62.02
0160,2016,61.48
0160,2017,60.63
0160,2018,59.78
0160,2019,59.18
0160,2020,59.39
0160,2021,58.09
0160,2022,57.20
0160,2023,55.62
0162,2012,66.75
0162,2013,66.60
0162,2014,66.76
0162,2015,66.93
0162,2016,66.78
0162,2017,65.97
0162,2018,65.29
0162,2019,65.13
0162,2020,64.88
0162,2021,64.29
0162,2022,64.29
0162,2023,64.13
0163,2012,51.96
0163,2013,51.15
0163,2014,50.54
0163,2015,49.82
0163,2016,49.41
0163,2017,48.73
0163,2018,48.35
0163,2019,47.54
0163,2020,47.42
0163,2021,46.91
0163,2022,46.04
0163,2023,45.24
0180,2012,14.14
0180,2013,13.97
0180,2014,13.85
0180,2015,13.74
0180,2016,13.63
0180,2017,13.46
0180,2018,13.31
0180,2019,13.14
0180,2020,13.09
0180,2021,13.05
0180,2022,13.01
0180,2023,12.90
0181,2012,33.16
0181,2013,32.78
0181,2014,32.87
0181,2015,32.90
0181,2016,33.30
0181,2017,33.30
0181,2018,32.95
0181,2019,32.58
0181,2020,32.04
0181,2021,31.57
0181,2022,31.46
0181,2023,31.29
0182,2012,48.41
0182,2013,47.83
0182,2014,47.21
0182,2015,46.88
0182,2016,46.74
0182,2017,45.98
0182,2018,44.81
0182,2019,44.24
0182,2020,43.70
0182,2021,43.00
0182,2022,42.64
0182,2023,41.93
0183,2012,8.66
0183,2013,8.38
0183,2014,8.33
0183,2015,7.92
0183,2016,9.65
0183,2017,9.35
0183,2018,9.11
0183,2019,8.82
0183,2020,8.69
0183,2021,8.49
0183,2022,8.42
0183,2023,8.06
0184,2012,1.85
0184,2013,1.81
0184,2014,1.84
0184,2015,1.78
0184,2016,2.37
0184,2017,2.35
0184,2018,2.39
0184,2019,2.32
0184,2020,2.68
0184,2021,2.81
0184,2022,2.84
0184,2023,2.70
0186,2012,49.07
0186,2013,48.25
0186,2014,48.23
0186,2015,47.52
0186,2016,47.71
0186,2017,47.29
0186,2018,46.81
0186,2019,46.66
0186,2020,46.52
0186,2021,45.98
0186,2022,46.35
0186,2023,46.26
0187,2012,63.21
0187,2013,62.45
0187,2014,61.75
0187,2015,61.99
0187,2016,62.58
0187,2017,61.82
0187,2018,60.62
0187,2019,60.40
0187,2020,60.59
0187,2021,60.14
0187,2022,60.25
0187,2023,59.85
0188,2012,59.55
0188,2013,60.34
0188,2014,60.92
0188,2015,60.80
0188,2016,63.74
0188,2017,63.40
0188,2018,62.99
0188,2019,62.55
0188,2020,62.48
0188,2021,62.13
0188,2022,61.38
0188,2023,60.65
0191,2012,38.05
0191,2013,37.88
0191,2014,37.73
0191,2015,37.38
0191,2016,38.06
0191,2017,37.79
0191,2018,37.50
0191,2019,36.99
0191,2020,36.54
0191,2021,36.18
0191,2022,35.16
0191,2023,34.65
0192,2012,52.32
0192,2013,51.70
0192,2014,51.71
0192,2015,50.81
0192,2016,52.06
0192,2017,51.74
0192,2018,52.01
0192,2019,51.55
0192,2020,51.49
0192,2021,50.66
0192,2022,49.68
0192,2023,48.96
0305,2012,73.86
0305,2013,73.84
0305,2014,73.64
0305,2015,73.53
0305,2016,73.44
0305,2017,73.00
0305,2018,72.04
0305,2019,70.72
0305,2020,70.60
0305,2021,69.88
0305,2022,68.47
0305,2023,67.38
0319,2012,72.78
0319,2013,72.07
0319,2014,71.96
0319,2015,70.74
0319,2016,70.27
0319,2017,70.24
0319,2018,70.61
0319,2019,70.35
0319,2020,70.10
0319,2021,69.74
0319,2022,69.49
0319,2023,69.81
0330,2012,70.19
0330,2013,69.92
0330,2014,68.50
0330,2015,66.77
0330,2016,67.30
0330,2017,65.53
0330,2018,63.73
0330,2019,62.86
0330,2020,62.12
0330,2021,60.38
0330,2022,60.16
0330,2023,58.71
0331,2012,77.76
0331,2013,77.37
0331,2014,77.07
0331,2015,76.50
0331,2016,77.43
0331,2017,76.80
0331,2018,76.68
0331,2019,75.80
0331,2020,75.94
0331,2021,75.54
0331,2022,75.10
0331,2023,74.75
0360,2012,67.76
0360,2013,67.47
0360,2014,66.93
0360,2015,66.31
0360,2016,66.29
0360,2017,65.44
0360,2018,65.31
0360,2019,65.00
0360,2020,64.13
0360,2021,64.00
0360,2022,64.08
0360,2023,64.04
0380,2012,36.94
0380,2013,36.79
0380,2014,36.62
0380,2015,36.54
0380,2016,36.53
0380,2017,35.68
0380,2018,34.70
0380,2019,33.79
0380,2020,33.31
0380,2021,33.40
0380,2022,33.04
0380,2023,32.54
0381,2012,60.56
0381,2013,60.18
0381,2014,59.85
0381,2015,59.06
0381,2016,58.50
0381,2017,57.61
0381,2018,57.20
0381,2019,56.56
0381,2020,56.02
0381,2021,55.21
0381,2022,54.77
0381,2023,54.39
0382,2012,70.41
0382,2013,70.39
0382,2014,70.95
0382,2015,70.33
0382,2016,70.12
0382,2017,69.69
0382,2018,69.40
0382,2019,68.91
0382,2020,68.67
0382,2021,68.78
0382,2022,68.32
0382,2023,68.03
0428,2012,72.14
0428,2013,70.38
0428,2014,70.79
0428,2015,70.19
0428,2016,69.89
0428,2017,68.97
0428,2018,68.86
0428,2019,68.96
0428,2020,68.55
0428,2021,69.07
0428,2022,69.69
0428,2023,69.63
0461,2012,68.03
0461,2013,68.83
0461,2014,68.98
0461,2015,68.83
0461,2016,69.25
0461,2017,68.71
0461,2018,67.64
0461,2019,66.80
0461,2020,66.47
0461,2021,65.07
0461,2022,65.23
0461,2023,65.36
0480,2012,48.75
0480,2013,48.22
0480,2014,47.97
0480,2015,47.38
0480,2016,47.82
0480,2017,47.22
0480,2018,46.67
0480,2019,46.12
0480,2020,45.81
0480,2021,45.60
0480,2022,45.11
0480,2023,44.77
0481,2012,48.82
0481,2013,48.07
0481,2014,47.10
0481,2015,46.68
0481,2016,46.00
0481,2017,46.14
0481,2018,45.71
0481,2019,46.37
0481,2020,46.34
0481,2021,46.06
0481,2022,45.87
0481,2023,45.23
0482,2012,62.33
0482,2013,60.84
0482,2014,60.50
0482,2015,59.25
0482,2016,58.67
0482,2017,58.06
0482,2018,58.14
0482,2019,57.90
0482,2020,58.02
0482,2021,57.69
0482,2022,58.11
0482,2023,58.81
0483,2012,52.00
0483,2013,51.21
0483,2014,50.15
0483,2015,49.68
0483,2016,50.49
0483,2017,49.68
0483,2018,49.18
0483,2019,48.92
0483,2020,48.97
0483,2021,48.66
0483,2022,48.58
0483,2023,48.90
0484,2012,42.92
0484,2013,42.45
0484,2014,42.14
0484,2015,41.59
0484,2016,41.64
0484,2017,41.27
0484,2018,40.78
0484,2019,40.46
0484,2020,40.43
0484,2021,40.36
0484,2022,40.10
0484,2023,39.98
0486,2012,58.55
0486,2013,57.46
0486,2014,58.96
0486,2015,59.18
0486,2016,59.22
0486,2017,59.37
0486,2018,58.53
0486,2019,57.97
0486,2020,56.98
0486,2021,56.38
0486,2022,55.79
0486,2023,54.69
0488,2012,71.51
0488,2013,70.23
0488,2014,69.02
0488,2015,67.19
0488,2016,68.88
0488,2017,66.55
0488,2018,64.35
0488,2019,62.26
0488,2020,59.90
0488,2021,58.53
0488,2022,57.40
0488,2023,56.47
0509,2012,82.06
0509,2013,81.12
0509,2014,80.42
0509,2015,80.00
0509,2016,80.09
0509,2017,79.60
0509,2018,78.98
0509,2019,78.98
0509,2020,79.36
0509,2021,79.30
0509,2022,78.95
0509,2023,78.84
0512,2012,84.33
0512,2013,84.05
0512,2014,84.23
0512,2015,83.46
0512,2016,83.56
0512,2017,82.53
0512,2018,82.31
0512,2019,82.68
0512,2020,82.80
0512,2021,82.95
0512,2022,82.68
0512,2023,82.87
0513,2012,75.03
0513,2013,74.04
0513,2014,73.97
0513,2015,73.59
0513,2016,74.77
0513,2017,74.11
0513,2018,73.74
0513,2019,73.99
0513,2020,74.35
0513,2021,73.83
0513,2022,73.43
0513,2023,73.33
0560,2012,74.89
0560,2013,73.74
0560,2014,73.77
0560,2015,73.25
0560,2016,73.31
0560,2017,72.88
0560,2018,72.71
0560,2019,72.22
0560,2020,72.82
0560,2021,71.92
0560,2022,71.66
0560,2023,71.90
0561,2012,73.39
0561,2013,72.86
0561,2014,72.13
0561,2015,71.82
0561,2016,72.43
0561,2017,72.27
0561,2018,72.27
0561,2019,72.31
0561,2020,72.56
0561,2021,72.28
0561,2022,71.57
0561,2023,71.14
0562,2012,60.14
0562,2013,59.86
0562,2014,59.33
0562,2015,59.23
0562,2016,59.14
0562,2017,58.63
0562,2018,58.47
0562,2019,58.33
0562,2020,58.47
0562,2021,58.20
0562,2022,57.84
0562,2023,57.85
0563,2012,76.17
0563,2013,75.61
0563,2014,74.90
0563,2015,73.98
0563,2016,74.48
0563,2017,73.84
0563,2018,73.89
0563,2019,73.87
0563,2020,74.78
0563,2021,75.44
0563,2022,75.09
0563,2023,74.82
0580,2012,40.57
0580,2013,40.12
0580,2014,40.42
0580,2015,40.41
0580,2016,40.37
0580,2017,39.83
0580,2018,39.47
0580,2019,39.18
0580,2020,38.87
0580,2021,38.68
0580,2022,38.34
0580,2023,38.02
0581,2012,41.43
0581,2013,41.10
0581,2014,40.99
0581,2015,40.72
0581,2016,40.79
0581,2017,40.58
0581,2018,40.66
0581,2019,40.51
0581,2020,40.56
0581,2021,40.54
0581,2022,40.63
0581,2023,40.72
0582,2012,70.65
0582,2013,70.37
0582,2014,70.75
0582,2015,70.64
0582,2016,71.71
0582,2017,71.56
0582,2018,71.43
0582,2019,71.05
0582,2020,71.37
0582,2021,71.45
0582,2022,70.22
0582,2023,69.52
0583,2012,59.59
0583,2013,58.99
0583,2014,58.71
0583,2015,58.46
0583,2016,58.44
0583,2017,58.16
0583,2018,58.01
0583,2019,57.70
0583,2020,57.72
0583,2021,57.68
0583,2022,57.69
0583,2023,57.36
0584,2012,61.07
0584,2013,60.53
0584,2014,60.71
0584,2015,60.59
0584,2016,60.71
0584,2017,60.68
0584,2018,59.66
0584,2019,59.61
0584,2020,59.88
0584,2021,58.71
0584,2022,59.02
0584,2023,59.25
0586,2012,63.14
0586,2013,62.52
0586,2014,62.15
0586,2015,61.97
0586,2016,61.66
0586,2017,61.71
0586,2018,61.48
0586,2019,61.19
0586,2020,61.18
0586,2021,60.94
0586,2022,60.95
0586,2023,60.90
0604,2012,76.51
0604,2013,76.39
0604,2014,76.19
0604,2015,74.85
0604,2016,76.43
0604,2017,75.72
0604,2018,75.37
0604,2019,75.31
0604,2020,74.87
0604,2021,75.03
0604,2022,75.32
0604,2023,74.59
0617,2012,71.89
0617,2013,71.05
0617,2014,70.14
0617,2015,69.58
0617,2016,69.20
0617,2017,69.29
0617,2018,68.72
0617,2019,68.85
0617,2020,69.09
0617,2021,69.25
0617,2022,69.76
0617,2023,70.12
0642,2012,76.76
0642,2013,76.42
0642,2014,76.30
0642,2015,76.05
0642,2016,76.88
0642,2017,76.08
0642,2018,75.98
0642,2019,76.13
0642,2020,75.95
0642,2021,75.48
0642,2022,74.31
0642,2023,73.99
0643,2012,80.55
0643,2013,80.80
0643,2014,81.59
0643,2015,82.08
0643,2016,82.31
0643,2017,81.21
0643,2018,79.88
0643,2019,78.12
0643,2020,78.93
0643,2021,77.77
0643,2022,75.78
0643,2023,74.55
0662,2012,68.91
0662,2013,68.47
0662,2014,68.29
0662,2015,66.98
0662,2016,66.69
0662,2017,66.06
0662,2018,65.72
0662,2019,65.64
0662,2020,66.12
0662,2021,66.45
0662,2022,66.51
0662,2023,66.89
0665,2012,75.46
0665,2013,75.08
0665,2014,75.25
0665,2015,74.52
0665,2016,74.03
0665,2017,74.08
0665,2018,74.24
0665,2019,73.54
0665,2020,72.74
0665,2021,72.97
0665,2022,73.31
0665,2023,72.93
0680,2012,51.76
0680,2013,51.10
0680,2014,50.91
0680,2015,50.57
0680,2016,50.63
0680,2017,50.03
0680,2018,49.62
0680,2019,49.17
0680,2020,48.93
0680,2021,48.57
0680,2022,48.04
0680,2023,47.64
0682,2012,65.61
0682,2013,64.92
0682,2014,64.32
0682,2015,63.31
0682,2016,63.43
0682,2017,62.91
0682,2018,62.77
0682,2019,62.66
0682,2020,62.94
0682,2021,62.77
0682,2022,62.71
0682,2023,62.64
0683,2012,64.27
0683,2013,63.77
0683,2014,63.76
0683,2015,63.71
0683,2016,63.46
0683,2017,62.89
0683,2018,62.48
0683,2019,62.03
0683,2020,61.79
0683,2021,61.56
0683,2022,61.24
0683,2023,60.82
0684,2012,75.07
0684,2013,73.86
0684,2014,72.96
0684,2015,72.45
0684,2016,73.37
0684,2017,72.93
0684,2018,72.11
0684,2019,72.18
0684,2020,72.34
0684,2021,72.36
0684,2022,72.68
0684,2023,72.76
0685,2012,72.65
0685,2013,72.10
0685,2014,71.42
0685,2015,70.83
0685,2016,71.02
0685,2017,71.02
0685,2018,71.04
0685,2019,70.85
0685,2020,71.04
0685,2021,70.71
0685,2022,70.44
0685,2023,69.95
0686,2012,65.06
0686,2013,64.39
0686,2014,64.57
0686,2015,64.22
0686,2016,63.73
0686,2017,62.99
0686,2018,62.34
0686,2019,62.29
0686,2020,62.35
0686,2021,62.06
0686,2022,62.31
0686,2023,62.65
0687,2012,57.27
0687,2013,56.92
0687,2014,56.41
0687,2015,55.68
0687,2016,55.71
0687,2017,55.14
0687,2018,54.51
0687,2019,54.34
0687,2020,54.17
0687,2021,54.18
0687,2022,53.92
0687,2023,54.13
0760,2012,76.26
0760,2013,75.99
0760,2014,76.14
0760,2015,75.31
0760,2016,75.06
0760,2017,74.44
0760,2018,73.81
0760,2019,73.56
0760,2020,73.76
0760,2021,73.83
0760,2022,73.65
0760,2023,74.24
0761,2012,76.40
0761,2013,75.72
0761,2014,73.04
0761,2015,71.58
0761,2016,70.49
0761,2017,69.73
0761,2018,69.12
0761,2019,69.46
0761,2020,69.90
0761,2021,70.10
0761,2022,70.29
0761,2023,70.51
0763,2012,77.81
0763,2013,77.23
0763,2014,76.83
0763,2015,75.82
0763,2016,76.52
0763,2017,76.08
0763,2018,76.09
0763,2019,75.65
0763,2020,75.56
0763,2021,75.32
0763,2022,75.63
0763,2023,75.84
0764,2012,73.32
0764,2013,72.21
0764,2014,71.65
0764,2015,71.37
0764,2016,71.09
0764,2017,70.67
0764,2018,70.16
0764,2019,70.31
0764,2020,70.13
0764,2021,70.58
0764,2022,70.67
0764,2023,71.37
0765,2012,70.71
0765,2013,70.55
0765,2014,70.16
0765,2015,69.45
0765,2016,68.46
0765,2017,66.85
0765,2018,66.13
0765,2019,66.06
0765,2020,65.56
0765,2021,65.45
0765,2022,64.86
0765,2023,64.95
0767,2012,75.32
0767,2013,75.21
0767,2014,74.22
0767,2015,72.54
0767,2016,71.72
0767,2017,70.98
0767,2018,69.81
0767,2019,68.88
0767,2020,69.83
0767,2021,70.35
0767,2022,70.87
0767,2023,71.24
0780,2012,52.19
0780,2013,51.60
0780,2014,51.16
0780,2015,50.64
0780,2016,50.44
0780,2017,49.87
0780,2018,48.98
0780,2019,48.57
0780,2020,48.22
0780,2021,47.85
0780,2022,47.32
0780,2023,47.09
0781,2012,68.10
0781,2013,67.75
0781,2014,67.26
0781,2015,66.82
0781,2016,67.07
0781,2017,66.79
0781,2018,66.07
0781,2019,65.95
0781,2020,65.87
0781,2021,65.75
0781,2022,65.58
0781,2023,65.31
0821,2012,81.68
0821,2013,80.85
0821,2014,80.06
0821,2015,78.85
0821,2016,77.47
0821,2017,77.59
0821,2018,77.31
0821,2019,77.61
0821,2020,78.83
0821,2021,80.07
0821,2022,80.98
0821,2023,81.32
0834,2012,82.11
0834,2013,80.53
0834,2014,81.20
0834,2015,80.11
0834,2016,80.46
0834,2017,80.62
0834,2018,80.23
0834,2019,79.92
0834,2020,80.36
0834,2021,80.54
0834,2022,80.23
0834,2023,80.35
0840,2012,82.52
0840,2013,81.82
0840,2014,83.51
0840,2015,82.82
0840,2016,82.74
0840,2017,82.62
0840,2018,81.85
0840,2019,81.11
0840,2020,80.96
0840,2021,80.03
0840,2022,79.21
0840,2023,78.63
0860,2012,73.89
0860,2013,72.71
0860,2014,72.11
0860,2015,70.70
0860,2016,68.17
0860,2017,68.43
0860,2018,69.43
0860,2019,69.94
0860,2020,70.53
0860,2021,70.79
0860,2022,70.60
0860,2023,70.83
0861,2012,76.35
0861,2013,75.43
0861,2014,75.15
0861,2015,74.51
0861,2016,74.30
0861,2017,74.01
0861,2018,73.33
0861,2019,72.98
0861,2020,73.42
0861,2021,73.58
0861,2022,73.82
0861,2023,73.77
0862,2012,78.28
0862,2013,77.77
0862,2014,76.70
0862,2015,76.27
0862,2016,75.26
0862,2017,74.78
0862,2018,73.81
0862,2019,74.10
0862,2020,74.15
0862,2021,73.72
0862,2022,73.46
0862,2023,73.93
0880,2012,51.02
0880,2013,51.03
0880,2014,50.79
0880,2015,50.35
0880,2016,50.43
0880,2017,49.98
0880,2018,49.46
0880,2019,48.94
0880,2020,48.65
0880,2021,48.23
0880,2022,48.13
0880,2023,47.70
0881,2012,67.20
0881,2013,66.78
0881,2014,66.20
0881,2015,65.81
0881,2016,64.11
0881,2017,64.07
0881,2018,64.07
0881,2019,64.21
0881,2020,64.54
0881,2021,64.46
0881,2022,64.34
0881,2023,64.29
0882,2012,62.38
0882,2013,62.20
0882,2014,61.91
0882,2015,61.43
0882,2016,60.58
0882,2017,61.13
0882,2018,61.32
0882,2019,60.74
0882,2020,60.42
0882,2021,60.54
0882,2022,60.51
0882,2023,60.33
0883,2012,62.30
0883,2013,61.86
0883,2014,61.73
0883,2015,61.39
0883,2016,61.33
0883,2017,61.19
0883,2018,60.88
0883,2019,60.80
0883,2020,60.58
0883,2021,60.55
0883,2022,60.58
0883,2023,60.51
0884,2012,69.67
0884,2013,69.19
0884,2014,69.09
0884,2015,68.24
0884,2016,67.95
0884,2017,66.93
0884,2018,66.61
0884,2019,66.58
0884,2020,66.75
0884,2021,66.79
0884,2022,66.42
0884,2023,66.19
0885,2012,78.95
0885,2013,79.28
0885,2014,79.40
0885,2015,78.24
0885,2016,78.44
0885,2017,79.13
0885,2018,78.98
0885,2019,78.09
0885,2020,78.10
0885,2021,77.68
0885,2022,77.33
0885,2023,76.94
0980,2012,63.71
0980,2013,63.25
0980,2014,62.93
0980,2015,62.34
0980,2016,62.92
0980,2017,62.50
0980,2018,61.85
0980,2019,61.21
0980,2020,61.13
0980,2021,60.91
0980,2022,60.79
0980,2023,60.48
1060,2012,70.70
1060,2013,70.09
1060,2014,69.03
1060,2015,68.16
1060,2016,67.39
1060,2017,67.17
1060,2018,66.60
1060,2019,66.79
1060,2020,67.01
1060,2021,67.36
1060,2022,67.10
1060,2023,67.58
1080,2012,60.00
1080,2013,59.59
1080,2014,59.53
1080,2015,58.92
1080,2016,60.09
1080,2017,60.19
1080,2018,60.26
1080,2019,60.23
1080,2020,60.42
1080,2021,60.42
1080,2022,60.40
1080,2023,60.22
1081,2012,72.38
1081,2013,71.74
1081,2014,70.96
1081,2015,69.56
1081,2016,69.85
1081,2017,69.02
1081,2018,68.82
1081,2019,68.98
1081,2020,69.29
1081,2021,69.47
1081,2022,68.93
1081,2023,68.73
1082,2012,64.21
1082,2013,63.64
1082,2014,62.88
1082,2015,62.76
1082,2016,62.87
1082,2017,62.37
1082,2018,62.25
1082,2019,62.25
1082,2020,62.29
1082,2021,62.24
1082,2022,62.54
1082,2023,62.53
1083,2012,73.17
1083,2013,73.18
1083,2014,72.59
1083,2015,72.37
1083,2016,71.94
1083,2017,71.99
1083,2018,71.36
1083,2019,71.44
1083,2020,71.43
1083,2021,70.92
1083,2022,70.87
1083,2023,70.63
1214,2012,76.72
1214,2013,76.25
1214,2014,75.74
1214,2015,75.22
1214,2016,76.26
1214,2017,75.96
1214,2018,75.84
1214,2019,75.86
1214,2020,75.50
1214,2021,75.45
1214,2022,75.61
1214,2023,75.01
1230,2012,72.40
1230,2013,72.79
1230,2014,72.52
1230,2015,72.33
1230,2016,72.99
1230,2017,73.08
1230,2018,72.81
1230,2019,72.26
1230,2020,71.49
1230,2021,70.28
1230,2022,69.93
1230,2023,69.11
1231,2012,45.39
1231,2013,45.70
1231,2014,45.59
1231,2015,45.48
1231,2016,45.25
1231,2017,44.50
1231,2018,44.08
1231,2019,42.71
1231,2020,41.81
1231,2021,41.17
1231,2022,41.01
1231,2023,40.78
1233,2012,84.94
1233,2013,84.35
1233,2014,83.89
1233,2015,83.39
1233,2016,84.01
1233,2017,83.37
1233,2018,82.17
1233,2019,82.04
1233,2020,81.54
1233,2021,79.99
1233,2022,80.25
1233,2023,79.61
1256,2012,76.95
1256,2013,76.04
1256,2014,75.75
1256,2015,74.72
1256,2016,73.64
1256,2017,72.31
1256,2018,71.35
1256,2019,71.33
1256,2020,71.35
1256,2021,71.83
1256,2022,73.24
1256,2023,73.27
1257,2012,74.50
1257,2013,74.70
1257,2014,74.62
1257,2015,74.12
1257,2016,74.29
1257,2017,73.81
1257,2018,73.59
1257,2019,73.10
1257,2020,72.82
1257,2021,73.18
1257,2022,73.43
1257,2023,72.65
1260,2012,71.80
1260,2013,71.66
1260,2014,71.47
1260,2015,70.94
1260,2016,70.83
1260,2017,70.28
1260,2018,70.00
1260,2019,69.13
1260,2020,68.36
1260,2021,67.62
1260,2022,66.92
1260,2023,66.04
1261,2012,70.91
1261,2013,70.74
1261,2014,70.84
1261,2015,70.98
1261,2016,70.84
1261,2017,71.13
1261,2018,70.47
1261,2019,70.09
1261,2020,69.48
1261,2021,68.74
1261,2022,68.21
1261,2023,67.87
1262,2012,75.33
1262,2013,75.52
1262,2014,75.18
1262,2015,74.46
1262,2016,74.79
1262,2017,73.94
1262,2018,72.68
1262,2019,72.19
1262,2020,72.08
1262,2021,72.62
1262,2022,72.05
1262,2023,71.54
1263,2012,72.73
1263,2013,72.70
1263,2014,71.84
1263,2015,71.61
1263,2016,72.73
1263,2017,71.81
1263,2018,70.46
1263,2019,68.23
1263,2020,67.68
1263,2021,66.42
1263,2022,66.63
1263,2023,66.09
1264,2012,72.38
1264,2013,71.73
1264,2014,71.50
1264,2015,72.18
1264,2016,72.01
1264,2017,71.79
1264,2018,71.76
1264,2019,70.99
1264,2020,70.89
1264,2021,70.42
1264,2022,69.09
1264,2023,68.76
1265,2012,81.60
1265,2013,81.28
1265,2014,81.64
1265,2015,81.44
1265,2016,81.86
1265,2017,81.28
1265,2018,80.85
1265,2019,80.33
1265,2020,80.20
1265,2021,80.11
1265,2022,80.02
1265,2023,79.71
1266,2012,76.56
1266,2013,76.54
1266,2014,76.66
1266,2015,76.26
1266,2016,76.51
1266,2017,76.40
1266,2018,76.66
1266,2019,76.54
1266,2020,76.82
1266,2021,77.22
1266,2022,77.17
1266,2023,77.01
1267,2012,80.92
1267,2013,81.07
1267,2014,81.22
1267,2015,80.76
1267,2016,81.55
1267,2017,80.98
1267,2018,80.84
1267,2019,80.85
1267,2020,81.08
1267,2021,80.94
1267,2022,80.15
1267,2023,79.22
1270,2012,71.31
1270,2013,70.72
1270,2014,70.98
1270,2015,71.00
1270,2016,71.52
1270,2017,71.28
1270,2018,71.09
1270,2019,71.09
1270,2020,70.93
1270,2021,70.57
1270,2022,70.36
1270,2023,70.34
1272,2012,75.49
1272,2013,75.06
1272,2014,75.23
1272,2015,74.95
1272,2016,74.84
1272,2017,73.87
1272,2018,72.48
1272,2019,72.49
1272,2020,72.51
1272,2021,73.25
1272,2022,73.00
1272,2023,73.49
1273,2012,71.28
1273,2013,71.38
1273,2014,71.06
1273,2015,70.48
1273,2016,69.78
1273,2017,69.47
1273,2018,69.74
1273,2019,69.90
1273,2020,69.79
1273,2021,69.81
1273,2022,70.12
1273,2023,70.18
1275,2012,58.68
1275,2013,58.06
1275,2014,57.65
1275,2015,57.23
1275,2016,56.01
1275,2017,56.67
1275,2018,55.76
1275,2019,56.31
1275,2020,56.15
1275,2021,54.96
1275,2022,55.19
1275,2023,55.76
1276,2012,67.15
1276,2013,66.75
1276,2014,67.12
1276,2015,66.79
1276,2016,67.36
1276,2017,67.08
1276,2018,66.43
1276,2019,65.94
1276,2020,65.82
1276,2021,65.46
1276,2022,65.73
1276,2023,65.65
1277,2012,63.82
1277,2013,63.31
1277,2014,63.01
1277,2015,62.73
1277,2016,62.81
1277,2017,62.05
1277,2018,61.70
1277,2019,61.44
1277,2020,61.13
1277,2021,60.12
1277,2022,60.00
1277,2023,59.50
1278,2012,78.19
1278,2013,78.42
1278,2014,77.98
1278,2015,77.86
1278,2016,77.97
1278,2017,77.12
1278,2018,75.96
1278,2019,74.77
1278,2020,74.22
1278,2021,74.12
1278,2022,72.78
1278,2023,71.29
1280,2012,21.99
1280,2013,21.81
1280,2014,21.65
1280,2015,21.56
1280,2016,21.53
1280,2017,21.43
1280,2018,21.35
1280,2019,21.09
1280,2020,20.98
1280,2021,20.79
1280,2022,20.52
1280,2023,20.19
1281,2012,37.95
1281,2013,37.65
1281,2014,37.25
1281,2015,37.10
1281,2016,37.47
1281,2017,36.57
1281,2018,35.91
1281,2019,35.19
1281,2020,35.45
1281,2021,34.90
1281,2022,34.49
1281,2023,33.81
1282,2012,37.64
1282,2013,37.11
1282,2014,37.15
1282,2015,37.22
1282,2016,37.68
1282,2017,37.49
1282,2018,37.27
1282,2019,37.33
1282,2020,37.18
1282,2021,37.02
1282,2022,37.89
1282,2023,37.69
1283,2012,37.38
1283,2013,37.23
1283,2014,36.85
1283,2015,36.46
1283,2016,36.46
1283,2017,36.03
1283,2018,35.52
1283,2019,35.22
1283,2020,34.93
1283,2021,34.73
1283,2022,34.47
1283,2023,34.10
1284,2012,76.98
1284,2013,76.26
1284,2014,75.44
1284,2015,75.08
1284,2016,75.16
1284,2017,74.72
1284,2018,73.18
1284,2019,72.33
1284,2020,71.33
1284,2021,69.88
1284,2022,67.96
1284,2023,66.77
1285,2012,62.28
1285,2013,61.76
1285,2014,61.19
1285,2015,60.97
1285,2016,60.64
1285,2017,59.66
1285,2018,58.98
1285,2019,58.58
1285,2020,58.33
1285,2021,57.58
1285,2022,56.97
1285,2023,56.25
1286,2012,56.53
1286,2013,56.31
1286,2014,56.37
1286,2015,56.33
1286,2016,57.28
1286,2017,56.87
1286,2018,55.91
1286,2019,55.47
1286,2020,54.54
1286,2021,53.32
1286,2022,52.36
1286,2023,51.43
1287,2012,58.83
1287,2013,58.87
1287,2014,59.21
1287,2015,59.27
1287,2016,60.43
1287,2017,60.13
1287,2018,59.93
1287,2019,59.01
1287,2020,58.49
1287,2021,58.13
1287,2022,57.77
1287,2023,57.08
1290,2012,60.86
1290,2013,60.29
1290,2014,59.94
1290,2015,59.69
1290,2016,59.81
1290,2017,59.31
1290,2018,59.11
1290,2019,58.44
1290,2020,58.48
1290,2021,58.23
1290,2022,57.87
1290,2023,57.87
1291,2012,71.20
1291,2013,70.93
1291,2014,70.90
1291,2015,70.11
1291,2016,69.18
1291,2017,69.47
1291,2018,69.10
1291,2019,68.79
1291,2020,69.02
1291,2021,68.16
1291,2022,67.99
1291,2023,68.19
1292,2012,62.59
1292,2013,62.27
1292,2014,61.97
1292,2015,61.48
1292,2016,61.56
1292,2017,61.46
1292,2018,61.23
1292,2019,61.07
1292,2020,60.94
1292,2021,60.71
1292,2022,59.96
1292,2023,58.95
1293,2012,68.50
1293,2013,67.91
1293,2014,67.87
1293,2015,67.41
1293,2016,67.27
1293,2017,67.22
1293,2018,67.26
1293,2019,67.08
1293,2020,67.18
1293,2021,66.91
1293,2022,66.48
1293,2023,66.27
1315,2012,75.96
1315,2013,75.72
1315,2014,74.42
1315,2015,72.67
1315,2016,71.04
1315,2017,70.96
1315,2018,71.51
1315,2019,71.09
1315,2020,72.40
1315,2021,72.48
1315,2022,72.52
1315,2023,73.04
1380,2012,54.77
1380,2013,54.32
1380,2014,53.88
1380,2015,53.66
1380,2016,53.57
1380,2017,53.38
1380,2018,52.81
1380,2019,52.24
1380,2020,51.91
1380,2021,51.72
1380,2022,51.34
1380,2023,51.02
1381,2012,81.02
1381,2013,80.64
1381,2014,80.36
1381,2015,79.59
1381,2016,79.51
1381,2017,78.70
1381,2018,78.46
1381,2019,77.72
1381,2020,77.69
1381,2021,77.67
1381,2022,76.82
1381,2023,76.67
1382,2012,68.75
1382,2013,67.89
1382,2014,67.67
1382,2015,67.38
1382,2016,67.39
1382,2017,67.26
1382,2018,66.70
1382,2019,66.13
1382,2020,65.47
1382,2021,64.97
1382,2022,64.62
1382,2023,64.32
1383,2012,62.91
1383,2013,62.70
1383,2014,62.52
1383,2015,62.28
1383,2016,62.62
1383,2017,62.20
1383,2018,61.83
1383,2019,61.57
1383,2020,61.56
1383,2021,60.92
1383,2022,60.24
1383,2023,59.78
1384,2012,77.38
1384,2013,77.17
1384,2014,76.95
1384,2015,76.46
1384,2016,76.78
1384,2017,76.11
1384,2018,75.51
1384,2019,74.93
1384,2020,74.80
1384,2021,74.73
1384,2022,74.33
1384,2023,74.38
1401,2012,75.08
1401,2013,74.44
1401,2014,74.10
1401,2015,74.06
1401,2016,74.78
1401,2017,74.92
1401,2018,74.47
1401,2019,74.34
1401,2020,73.93
1401,2021,72.82
1401,2022,71.74
1401,2023,71.28
1402,2012,54.59
1402,2013,54.54
1402,2014,54.63
1402,2015,54.17
1402,2016,53.86
1402,2017,53.31
1402,2018,52.93
1402,2019,51.46
1402,2020,51.12
1402,2021,50.90
1402,2022,50.45
1402,2023,49.43
1407,2012,88.67
1407,2013,88.55
1407,2014,88.32
1407,2015,87.75
1407,2016,88.06
1407,2017,86.94
1407,2018,86.60
1407,2019,86.54
1407,2020,86.54
1407,2021,85.80
1407,2022,85.49
1407,2023,84.72
1415,2012,69.30
1415,2013,68.68
1415,2014,69.21
1415,2015,69.17
1415,2016,69.61
1415,2017,69.10
1415,2018,68.71
1415,2019,68.54
1415,2020,68.47
1415,2021,67.78
1415,2022,67.43
1415,2023,67.26
1419,2012,84.89
1419,2013,83.53
1419,2014,82.97
1419,2015,82.10
1419,2016,84.11
1419,2017,82.89
1419,2018,81.70
1419,2019,80.63
1419,2020,79.95
1419,2021,79.70
1419,2022,78.93
1419,2023,78.82
1421,2012,82.26
1421,2013,82.06
1421,2014,82.18
1421,2015,82.41
1421,2016,82.00
1421,2017,81.93
1421,2018,81.67
1421,2019,81.41
1421,2020,81.33
1421,2021,81.18
1421,2022,80.80
1421,2023,80.55
1427,2012,71.58
1427,2013,71.08
1427,2014,70.29
1427,2015,70.00
1427,2016,70.15
1427,2017,69.18
1427,2018,68.73
1427,2019,68.48
1427,2020,68.55
1427,2021,68.32
1427,2022,68.13
1427,2023,67.74
1430,2012,77.29
1430,2013,76.34
1430,2014,76.48
1430,2015,75.90
1430,2016,76.21
1430,2017,75.98
1430,2018,75.29
1430,2019,74.93
1430,2020,74.52
1430,2021,74.07
1430,2022,74.00
1430,2023,73.82
1435,2012,79.46
1435,2013,79.25
1435,2014,79.16
1435,2015,78.96
1435,2016,79.49
1435,2017,78.57
1435,2018,77.78
1435,2019,78.12
1435,2020,77.98
1435,2021,78.20
1435,2022,77.94
1435,2023,77.58
1438,2012,74.11
1438,2013,72.78
1438,2014,72.94
1438,2015,72.14
1438,2016,72.24
1438,2017,71.64
1438,2018,70.91
1438,2019,70.85
1438,2020,71.75
1438,2021,72.14
1438,2022,72.41
1438,2023,72.43
1439,2012,79.92
1439,2013,79.02
1439,2014,78.28
1439,2015,78.32
1439,2016,77.76
1439,2017,77.47
1439,2018,77.60
1439,2019,77.32
1439,2020,76.79
1439,2021,76.70
1439,2022,76.97
1439,2023,77.14
1440,2012,68.53
1440,2013,68.46
1440,2014,68.02
1440,2015,66.94
1440,2016,66.67
1440,2017,65.93
1440,2018,65.51
1440,2019,64.73
1440,2020,64.23
1440,2021,64.00
1440,2022,63.58
1440,2023,63.48
1441,2012,78.57
1441,2013,78.43
1441,2014,78.47
1441,2015,78.59
1441,2016,78.72
1441,2017,78.16
1441,2018,77.47
1441,2019,76.75
1441,2020,76.49
1441,2021,76.35
1441,2022,75.83
1441,2023,75.36
1442,2012,74.14
1442,2013,73.93
1442,2014,73.76
1442,2015,73.43
1442,2016,73.39
1442,2017,72.44
1442,2018,71.86
1442,2019,70.70
1442,2020,70.54
1442,2021,69.08
1442,2022,68.43
1442,2023,67.69
1443,2012,79.02
1443,2013,78.63
1443,2014,78.83
1443,2015,77.88
1443,2016,77.61
1443,2017,76.82
1443,2018,75.98
1443,2019,76.26
1443,2020,75.35
1443,2021,75.33
1443,2022,74.19
1443,2023,73.42
1444,2012,79.52
1444,2013,79.01
1444,2014,78.92
1444,2015,78.53
1444,2016,78.26
1444,2017,77.93
1444,2018,77.25
1444,2019,77.02
1444,2020,76.85
1444,2021,76.23
1444,2022,76.66
1444,2023,77.01
1445,2012,82.64
1445,2013,81.91
1445,2014,81.42
1445,2015,81.40
1445,2016,82.08
1445,2017,80.63
1445,2018,80.55
1445,2019,79.89
1445,2020,80.73
1445,2021,80.13
1445,2022,79.13
1445,2023,79.44
1446,2012,71.80
1446,2013,71.44
1446,2014,71.47
1446,2015,70.18
1446,2016,69.17
1446,2017,68.90
1446,2018,69.04
1446,2019,68.86
1446,2020,69.12
1446,2021,69.40
1446,2022,69.52
1446,2023,68.84
1447,2012,79.18
1447,2013,78.51
1447,2014,77.40
1447,2015,76.88
1447,2016,76.09
1447,2017,76.52
1447,2018,75.12
1447,2019,75.09
1447,2020,76.17
1447,2021,75.12
1447,2022,75.51
1447,2023,76.19
1452,2012,79.32
1452,2013,78.83
1452,2014,78.75
1452,2015,78.34
1452,2016,78.18
1452,2017,78.44
1452,2018,77.96
1452,2019,77.56
1452,2020,77.92
1452,2021,77.65
1452,2022,77.14
1452,2023,77.26
1460,2012,76.85
1460,2013,76.19
1460,2014,75.62
1460,2015,74.09
1460,2016,72.19
1460,2017,72.13
1460,2018,72.36
1460,2019,72.14
1460,2020,73.06
1460,2021,73.39
1460,2022,73.69
1460,2023,73.68
1461,2012,76.16
1461,2013,75.89
1461,2014,74.92
1461,2015,73.50
1461,2016,73.18
1461,2017,72.76
1461,2018,72.89
1461,2019,67.58
1461,2020,72.03
1461,2021,71.60
1461,2022,71.86
1461,2023,72.12
1462,2012,76.41
1462,2013,74.92
1462,2014,74.81
1462,2015,74.84
1462,2016,74.29
1462,2017,74.67
1462,2018,74.43
1462,2019,74.28
1462,2020,74.25
1462,2021,74.08
1462,2022,74.76
1462,2023,74.52
1463,2012,73.29
1463,2013,72.94
1463,2014,72.90
1463,2015,72.86
1463,2016,72.96
1463,2017,72.74
1463,2018,72.07
1463,2019,71.96
1463,2020,71.79
1463,2021,71.43
1463,2022,71.55
1463,2023,71.63
1465,2012,80.35
1465,2013,79.90
1465,2014,79.04
1465,2015,78.12
1465,2016,77.69
1465,2017,78.17
1465,2018,77.82
1465,2019,77.42
1465,2020,76.87
1465,2021,76.91
1465,2022,77.14
1465,2023,76.94
1466,2012,76.27
1466,2013,76.07
1466,2014,75.51
1466,2015,74.74
1466,2016,74.67
1466,2017,74.64
1466,2018,74.24
1466,2019,73.88
1466,2020,74.10
1466,2021,73.80
1466,2022,73.75
1466,2023,73.50
1470,2012,79.97
1470,2013,79.27
1470,2014,79.07
1470,2015,78.92
1470,2016,79.22
1470,2017,79.15
1470,2018,78.84
1470,2019,78.44
1470,2020,77.69
1470,2021,77.24
1470,2022,76.67
1470,2023,76.75
1471,2012,76.40
1471,2013,76.01
1471,2014,75.74
1471,2015,74.98
1471,2016,75.79
1471,2017,75.81
1471,2018,75.02
1471,2019,74.72
1471,2020,74.34
1471,2021,73.71
1471,2022,73.66
1471,2023,72.76
1472,2012,70.42
1472,2013,69.88
1472,2014,69.25
1472,2015,68.76
1472,2016,68.80
1472,2017,68.58
1472,2018,67.65
1472,2019,66.42
1472,2020,66.17
1472,2021,66.12
1472,2022,65.49
1472,2023,65.28
1473,2012,73.73
1473,2013,72.90
1473,2014,71.37
1473,2015,70.28
1473,2016,70.15
1473,2017,70.28
1473,2018,70.20
1473,2019,70.18
1473,2020,70.08
1473,2021,70.90
1473,2022,70.30
1473,2023,70.39
1480,2012,27.13
1480,2013,26.89
1480,2014,26.75
1480,2015,26.58
1480,2016,26.46
1480,2017,26.26
1480,2018,26.04
1480,2019,25.75
1480,2020,25.63
1480,2021,25.41
1480,2022,25.01
1480,2023,24.56
1481,2012,52.52
1481,2013,52.18
1481,2014,52.31
1481,2015,52.22
1481,2016,52.10
1481,2017,50.88
1481,2018,49.56
1481,2019,49.12
1481,2020,48.51
1481,2021,48.38
1481,2022,48.27
1481,2023,47.74
1482,2012,62.65
1482,2013,62.24
1482,2014,62.44
1482,2015,62.49
1482,2016,63.92
1482,2017,63.82
1482,2018,63.06
1482,2019,61.97
1482,2020,61.71
1482,2021,60.21
1482,2022,59.34
1482,2023,58.16
1484,2012,63.45
1484,2013,62.75
1484,2014,63.33
1484,2015,62.70
1484,2016,62.42
1484,2017,61.77
1484,2018,61.34
1484,2019,61.24
1484,2020,61.46
1484,2021,61.99
1484,2022,61.85
1484,2023,61.91
1485,2012,52.39
1485,2013,51.77
1485,2014,52.09
1485,2015,51.66
1485,2016,51.89
1485,2017,51.86
1485,2018,51.61
1485,2019,51.52
1485,2020,51.55
1485,2021,51.34
1485,2022,50.86
1485,2023,50.55
1486,2012,62.61
1486,2013,62.52
1486,2014,62.14
1486,2015,61.85
1486,2016,62.18
1486,2017,62.32
1486,2018,62.02
1486,2019,61.79
1486,2020,61.27
1486,2021,61.05
1486,2022,60.55
1486,2023,58.17
1487,2012,57.86
1487,2013,57.00
1487,2014,56.26
1487,2015,55.69
1487,2016,55.57
1487,2017,55.73
1487,2018,55.15
1487,2019,54.59
1487,2020,54.29
1487,2021,54.24
1487,2022,53.63
1487,2023,53.62
1488,2012,48.70
1488,2013,48.03
1488,2014,47.94
1488,2015,47.86
1488,2016,47.77
1488,2017,47.52
1488,2018,47.26
1488,2019,47.02
1488,2020,47.00
1488,2021,47.11
1488,2022,46.70
1488,2023,46.63
1489,2012,59.46
1489,2013,59.11
1489,2014,58.55
1489,2015,58.51
1489,2016,58.55
1489,2017,58.41
1489,2018,57.91
1489,2019,57.36
1489,2020,57.45
1489,2021,57.37
1489,2022,57.26
1489,2023,56.85
1490,2012,49.14
1490,2013,48.62
1490,2014,48.32
1490,2015,47.80
1490,2016,47.63
1490,2017,47.34
1490,2018,47.09
1490,2019,46.84
1490,2020,46.66
1490,2021,46.70
1490,2022,46.51
1490,2023,46.38
1491,2012,71.67
1491,2013,70.64
1491,2014,70.61
1491,2015,70.36
1491,2016,69.77
1491,2017,69.35
1491,2018,69.20
1491,2019,68.96
1491,2020,68.61
1491,2021,68.01
1491,2022,67.23
1491,2023,66.69
1492,2012,66.06
1492,2013,65.18
1492,2014,64.76
1492,2015,63.45
1492,2016,63.51
1492,2017,63.16
1492,2018,62.90
1492,2019,62.91
1492,2020,63.07
1492,2021,63.83
1492,2022,63.60
1492,2023,63.67
1493,2012,59.82
1493,2013,59.17
1493,2014,59.08
1493,2015,58.86
1493,2016,58.81
1493,2017,58.86
1493,2018,58.71
1493,2019,58.68
1493,2020,58.82
1493,2021,58.89
1493,2022,58.82
1493,2023,58.83
1494,2012,61.53
1494,2013,61.15
1494,2014,60.81
1494,2015,60.57
1494,2016,61.23
1494,2017,61.07
1494,2018,60.52
1494,2019,60.30
1494,2020,60.00
1494,2021,59.84
1494,2022,59.47
1494,2023,58.76
1495,2012,59.90
1495,2013,58.84
1495,2014,58.04
1495,2015,57.73
1495,2016,57.38
1495,2017,57.27
1495,2018,57.12
1495,2019,56.95
1495,2020,56.95
1495,2021,56.70
1495,2022,56.57
1495,2023,56.45
1496,2012,52.19
1496,2013,51.77
1496,2014,51.73
1496,2015,51.63
1496,2016,51.97
1496,2017,51.52
1496,2018,50.72
1496,2019,50.63
1496,2020,50.77
1496,2021,50.76
1496,2022,50.39
1496,2023,50.17
1497,2012,71.83
1497,2013,71.85
1497,2014,71.42
1497,2015,71.33
1497,2016,71.37
1497,2017,71.35
1497,2018,70.19
1497,2019,70.07
1497,2020,69.75
1497,2021,70.22
1497,2022,69.97
1497,2023,70.05
1498,2012,69.46
1498,2013,69.26
1498,2014,69.54
1498,2015,69.45
1498,2016,69.22
1498,2017,69.50
1498,2018,69.53
1498,2019,69.33
1498,2020,69.86
1498,2021,69.72
1498,2022,69.67
1498,2023,69.53
1499,2012,65.37
1499,2013,64.46
1499,2014,64.18
1499,2015,63.70
1499,2016,63.73
1499,2017,63.27
1499,2018,62.73
1499,2019,62.69
1499,2020,62.87
1499,2021,62.84
1499,2022,62.75
1499,2023,62.60
1715,2012,72.97
1715,2013,72.76
1715,2014,72.65
1715,2015,72.56
1715,2016,72.76
1715,2017,72.38
1715,2018,72.11
1715,2019,71.47
1715,2020,71.70
1715,2021,71.80
1715,2022,71.84
1715,2023,71.76
1730,2012,77.99
1730,2013,77.69
1730,2014,77.75
1730,2015,76.50
1730,2016,76.21
1730,2017,74.43
1730,2018,74.09
1730,2019,73.84
1730,2020,74.81
1730,2021,74.90
1730,2022,74.47
1730,2023,73.74
1737,2012,78.34
1737,2013,78.25
1737,2014,77.78
1737,2015,77.47
1737,2016,76.49
1737,2017,76.98
1737,2018,76.96
1737,2019,76.13
1737,2020,76.51
1737,2021,76.45
1737,2022,76.59
1737,2023,76.39
1760,2012,78.96
1760,2013,78.17
1760,2014,78.11
1760,2015,77.98
1760,2016,78.25
1760,2017,77.35
1760,2018,77.71
1760,2019,79.45
1760,2020,80.45
1760,2021,81.26
1760,2022,82.20
1760,2023,81.90
1761,2012,71.51
1761,2013,70.67
1761,2014,71.06
1761,2015,70.66
1761,2016,70.88
1761,2017,69.84
1761,2018,69.00
1761,2019,68.69
1761,2020,68.27
1761,2021,68.03
1761,2022,67.87
1761,2023,67.72
1762,2012,74.46
1762,2013,73.63
1762,2014,72.73
1762,2015,71.31
1762,2016,70.39
1762,2017,70.50
1762,2018,70.34
1762,2019,70.70
1762,2020,72.16
1762,2021,73.40
1762,2022,72.66
1762,2023,72.85
1763,2012,78.61
1763,2013,78.03
1763,2014,77.88
1763,2015,78.03
1763,2016,77.41
1763,2017,77.08
1763,2018,77.14
1763,2019,77.29
1763,2020,77.46
1763,2021,77.41
1763,2022,77.56
1763,2023,77.19
1764,2012,72.01
1764,2013,71.87
1764,2014,71.40
1764,2015,71.46
1764,2016,71.37
1764,2017,71.37
1764,2018,71.26
1764,2019,70.50
1764,2020,70.73
1764,2021,70.76
1764,2022,70.35
1764,2023,70.88
1765,2012,76.34
1765,2013,74.81
1765,2014,75.20
1765,2015,74.46
1765,2016,74.06
1765,2017,73.98
1765,2018,73.38
1765,2019,73.08
1765,2020,73.07
1765,2021,73.14
1765,2022,72.38
1765,2023,72.04
1766,2012,79.26
1766,2013,78.66
1766,2014,78.14
1766,2015,76.89
1766,2016,76.60
1766,2017,76.74
1766,2018,77.05
1766,2019,76.51
1766,2020,76.51
1766,2021,76.40
1766,2022,76.14
1766,2023,75.92
1780,2012,45.94
1780,2013,45.55
1780,2014,45.36
1780,2015,45.13
1780,2016,44.99
1780,2017,44.67
1780,2018,43.83
1780,2019,43.39
1780,2020,43.22
1780,2021,43.11
1780,2022,42.57
1780,2023,42.09
1781,2012,57.94
1781,2013,57.12
1781,2014,56.40
1781,2015,55.93
1781,2016,55.72
1781,2017,55.83
1781,2018,56.15
1781,2019,55.94
1781,2020,56.42
1781,2021,56.01
1781,2022,56.41
1781,2023,56.26
1782,2012,66.77
1782,2013,65.92
1782,2014,65.42
1782,2015,64.88
1782,2016,64.02
1782,2017,65.06
1782,2018,64.15
1782,2019,64.96
1782,2020,65.65
1782,2021,66.63
1782,2022,66.53
1782,2023,66.88
1783,2012,76.01
1783,2013,75.23
1783,2014,75.56
1783,2015,75.58
1783,2016,75.34
1783,2017,75.15
1783,2018,74.99
1783,2019,75.09
1783,2020,75.44
1783,2021,75.18
1783,2022,75.07
1783,2023,75.50
1784,2012,66.35
1784,2013,66.07
1784,2014,66.02
1784,2015,65.53
1784,2016,66.01
1784,2017,66.03
1784,2018,65.88
1784,2019,65.71
1784,2020,65.62
1784,2021,65.96
1784,2022,65.68
1784,2023,65.20
1785,2012,73.53
1785,2013,72.94
1785,2014,72.18
1785,2015,71.09
1785,2016,70.19
1785,2017,69.82
1785,2018,69.62
1785,2019,69.58
1785,2020,70.21
1785,2021,70.48
1785,2022,70.43
1785,2023,70.47
1814,2012,83.37
1814,2013,83.04
1814,2014,83.48
1814,2015,83.12
1814,2016,83.15
1814,2017,81.84
1814,2018,80.34
1814,2019,79.48
1814,2020,78.80
1814,2021,77.76
1814,2022,77.26
1814,2023,77.05
1860,2012,74.59
1860,2013,74.30
1860,2014,73.04
1860,2015,71.91
1860,2016,72.11
1860,2017,71.11
1860,2018,71.24
1860,2019,70.61
1860,2020,70.86
1860,2021,71.37
1860,2022,71.43
1860,2023,70.95
1861,2012,69.59
1861,2013,69.05
1861,2014,68.59
1861,2015,67.95
1861,2016,68.25
1861,2017,67.61
1861,2018,66.53
1861,2019,66.48
1861,2020,66.25
1861,2021,65.60
1861,2022,65.53
1861,2023,65.04
1862,2012,74.30
1862,2013,73.45
1862,2014,73.10
1862,2015,72.30
1862,2016,71.96
1862,2017,71.15
1862,2018,70.05
1862,2019,70.29
1862,2020,70.42
1862,2021,70.56
1862,2022,70.65
1862,2023,70.73
1863,2012,68.25
1863,2013,67.30
1863,2014,67.40
1863,2015,65.91
1863,2016,65.02
1863,2017,64.85
1863,2018,64.96
1863,2019,63.84
1863,2020,64.94
1863,2021,65.60
1863,2022,66.05
1863,2023,67.31
1864,2012,69.64
1864,2013,67.53
1864,2014,66.72
1864,2015,65.40
1864,2016,64.62
1864,2017,65.68
1864,2018,66.38
1864,2019,66.80
1864,2020,67.50
1864,2021,68.79
1864,2022,68.47
1864,2023,68.37
1880,2012,38.52
1880,2013,38.09
1880,2014,38.20
1880,2015,38.15
1880,2016,37.60
1880,2017,37.26
1880,2018,36.58
1880,2019,36.22
1880,2020,36.27
1880,2021,36.23
1880,2022,35.88
1880,2023,35.55
1881,2012,63.48
1881,2013,63.23
1881,2014,63.25
1881,2015,63.02
1881,2016,62.92
1881,2017,61.68
1881,2018,60.85
1881,2019,60.58
1881,2020,60.33
1881,2021,59.59
1881,2022,58.21
1881,2023,58.27
1882,2012,72.55
1882,2013,71.69
1882,2014,72.04
1882,2015,72.10
1882,2016,72.14
1882,2017,72.44
1882,2018,72.01
1882,2019,71.78
1882,2020,71.75
1882,2021,71.49
1882,2022,71.32
1882,2023,71.13
1883,2012,57.95
1883,2013,57.63
1883,2014,56.80
1883,2015,56.45
1883,2016,56.27
1883,2017,56.21
1883,2018,55.87
1883,2019,55.73
1883,2020,55.70
1883,2021,55.62
1883,2022,55.54
1883,2023,55.35
1884,2012,65.14
1884,2013,65.30
1884,2014,66.00
1884,2015,64.98
1884,2016,64.93
1884,2017,64.98
1884,2018,64.66
1884,2019,64.91
1884,2020,64.91
1884,2021,64.87
1884,2022,63.88
1884,2023,63.69
1885,2012,68.65
1885,2013,67.73
1885,2014,67.71
1885,2015,66.71
1885,2016,66.58
1885,2017,66.82
1885,2018,66.76
1885,2019,66.57
1885,2020,66.44
1885,2021,66.22
1885,2022,66.46
1885,2023,66.38
1904,2012,72.91
1904,2013,71.80
1904,2014,71.00
1904,2015,70.15
1904,2016,71.10
1904,2017,72.11
1904,2018,73.43
1904,2019,74.23
1904,2020,75.86
1904,2021,75.45
1904,2022,74.94
1904,2023,75.14
1907,2012,70.73
1907,2013,70.44
1907,2014,69.84
1907,2015,69.67
1907,2016,69.84
1907,2017,69.79
1907,2018,69.41
1907,2019,68.89
1907,2020,69.13
1907,2021,69.29
1907,2022,68.99
1907,2023,69.43
1960,2012,71.10
1960,2013,69.61
1960,2014,68.48
1960,2015,67.67
1960,2016,67.92
1960,2017,66.64
1960,2018,65.84
1960,2019,65.20
1960,2020,65.05
1960,2021,65.39
1960,2022,65.37
1960,2023,65.23
1961,2012,61.27
1961,2013,60.36
1961,2014,60.35
1961,2015,60.04
1961,2016,59.64
1961,2017,59.04
1961,2018,58.11
1961,2019,57.57
1961,2020,57.54
1961,2021,56.54
1961,2022,56.62
1961,2023,56.15
1962,2012,63.37
1962,2013,61.95
1962,2014,60.81
1962,2015,60.42
1962,2016,61.57
1962,2017,61.20
1962,2018,61.02
1962,2019,61.85
1962,2020,61.25
1962,2021,61.32
1962,2022,62.41
1962,2023,62.64
1980,2012,43.54
1980,2013,43.17
1980,2014,43.14
1980,2015,43.07
1980,2016,42.92
1980,2017,42.41
1980,2018,42.41
1980,2019,42.07
1980,2020,41.91
1980,2021,41.80
1980,2022,41.70
1980,2023,41.38
1981,2012,63.96
1981,2013,63.29
1981,2014,62.93
1981,2015,62.42
1981,2016,62.68
1981,2017,61.94
1981,2018,61.25
1981,2019,61.05
1981,2020,60.72
1981,2021,60.50
1981,2022,59.77
1981,2023,59.93
1982,2012,49.72
1982,2013,48.79
1982,2014,47.92
1982,2015,47.32
1982,2016,47.21
1982,2017,47.68
1982,2018,47.96
1982,2019,48.11
1982,2020,48.27
1982,2021,48.45
1982,2022,48.56
1982,2023,48.63
1983,2012,50.41
1983,2013,49.46
1983,2014,49.00
1983,2015,48.75
1983,2016,49.01
1983,2017,48.84
1983,2018,48.56
1983,2019,48.74
1983,2020,48.68
1983,2021,48.75
1983,2022,48.78
1983,2023,48.85
1984,2012,56.65
1984,2013,55.73
1984,2014,55.62
1984,2015,55.02
1984,2016,54.98
1984,2017,54.84
1984,2018,53.85
1984,2019,53.84
1984,2020,54.58
1984,2021,54.50
1984,2022,55.02
1984,2023,55.08
2021,2012,83.12
2021,2013,82.10
2021,2014,82.19
2021,2015,81.46
2021,2016,80.45
2021,2017,80.47
2021,2018,80.58
2021,2019,80.16
2021,2020,80.34
2021,2021,79.84
2021,2022,79.10
2021,2023,78.86
2023,2012,77.85
2023,2013,77.96
2023,2014,78.08
2023,2015,77.17
2023,2016,78.47
2023,2017,78.24
2023,2018,77.69
2023,2019,77.10
2023,2020,76.54
2023,2021,76.35
2023,2022,75.78
2023,2023,75.24
2026,2012,88.46
2026,2013,87.83
2026,2014,87.76
2026,2015,87.71
2026,2016,88.18
2026,2017,88.02
2026,2018,87.64
2026,2019,87.23
2026,2020,87.33
2026,2021,86.87
2026,2022,86.53
2026,2023,86.40
2029,2012,77.45
2029,2013,77.32
2029,2014,76.19
2029,2015,76.00
2029,2016,76.72
2029,2017,76.48
2029,2018,76.00
2029,2019,75.55
2029,2020,75.68
2029,2021,75.51
2029,2022,75.36
2029,2023,74.94
2031,2012,73.59
2031,2013,72.98
2031,2014,73.06
2031,2015,72.59
2031,2016,72.96
2031,2017,73.33
2031,2018,73.21
2031,2019,72.44
2031,2020,72.52
2031,2021,72.53
2031,2022,72.24
2031,2023,71.83
2034,2012,70.97
2034,2013,70.81
2034,2014,71.17
2034,2015,70.61
2034,2016,70.82
2034,2017,70.61
2034,2018,69.91
2034,2019,69.71
2034,2020,70.13
2034,2021,70.69
2034,2022,70.06
2034,2023,69.56
2039,2012,79.17
2039,2013,78.92
2039,2014,78.93
2039,2015,79.30
2039,2016,82.53
2039,2017,82.20
2039,2018,81.53
2039,2019,81.41
2039,2020,81.13
2039,2021,80.96
2039,2022,80.41
2039,2023,80.37
2061,2012,79.24
2061,2013,78.50
2061,2014,78.25
2061,2015,78.01
2061,2016,78.42
2061,2017,78.62
2061,2018,78.36
2061,2019,77.99
2061,2020,78.34
2061,2021,77.36
2061,2022,76.49
2061,2023,76.15
2062,2012,72.75
2062,2013,72.71
2062,2014,72.32
2062,2015,71.77
2062,2016,72.48
2062,2017,71.77
2062,2018,71.99
2062,2019,71.34
2062,2020,71.45
2062,2021,71.05
2062,2022,70.99
2062,2023,71.12
2080,2012,59.65
2080,2013,59.30
2080,2014,59.24
2080,2015,58.96
2080,2016,59.26
2080,2017,58.65
2080,2018,58.00
2080,2019,57.49
2080,2020,57.23
2080,2021,56.94
2080,2022,56.86
2080,2023,56.44
2081,2012,52.78
2081,2013,51.86
2081,2014,51.29
2081,2015,50.83
2081,2016,50.66
2081,2017,50.34
2081,2018,50.04
2081,2019,49.59
2081,2020,49.87
2081,2021,50.15
2081,2022,50.00
2081,2023,49.96
2082,2012,76.58
2082,2013,75.49
2082,2014,75.31
2082,2015,74.58
2082,2016,75.22
2082,2017,74.83
2082,2018,74.56
2082,2019,74.28
2082,2020,73.55
2082,2021,73.40
2082,2022,73.36
2082,2023,73.09
2083,2012,68.52
2083,2013,68.16
2083,2014,67.90
2083,2015,67.52
2083,2016,67.71
2083,2017,67.15
2083,2018,67.28
2083,2019,66.67
2083,2020,66.85
2083,2021,66.90
2083,2022,66.67
2083,2023,66.93
2084,2012,61.53
2084,2013,60.59
2084,2014,59.53
2084,2015,57.80
2084,2016,57.30
2084,2017,57.06
2084,2018,56.95
2084,2019,57.29
2084,2020,57.87
2084,2021,58.40
2084,2022,58.46
2084,2023,58.33
2085,2012,59.14
2085,2013,58.75
2085,2014,57.85
2085,2015,57.43
2085,2016,57.33
2085,2017,57.04
2085,2018,56.72
2085,2019,56.54
2085,2020,56.56
2085,2021,56.24
2085,2022,56.29
2085,2023,55.87
2101,2012,73.66
2101,2013,73.03
2101,2014,73.48
2101,2015,72.76
2101,2016,72.97
2101,2017,72.63
2101,2018,71.89
2101,2019,72.16
2101,2020,72.50
2101,2021,72.17
2101,2022,72.15
2101,2023,72.70
2104,2012,64.46
2104,2013,64.09
2104,2014,64.19
2104,2015,64.02
2104,2016,63.86
2104,2017,63.37
2104,2018,63.86
2104,2019,64.43
2104,2020,63.85
2104,2021,64.14
2104,2022,63.94
2104,2023,64.61
2121,2012,74.81
2121,2013,74.45
2121,2014,73.78
2121,2015,73.45
2121,2016,73.64
2121,2017,73.63
2121,2018,72.82
2121,2019,72.33
2121,2020,72.50
2121,2021,72.19
2121,2022,72.09
2121,2023,72.17
2132,2012,81.11
2132,2013,80.58
2132,2014,80.80
2132,2015,80.18
2132,2016,80.73
2132,2017,80.81
2132,2018,80.35
2132,2019,80.50
2132,2020,80.52
2132,2021,80.92
2132,2022,80.66
2132,2023,80.61
2161,2012,72.08
2161,2013,70.89
2161,2014,70.69
2161,2015,69.92
2161,2016,70.80
2161,2017,70.55
2161,2018,70.53
2161,2019,70.20
2161,2020,70.69
2161,2021,70.75
2161,2022,71.08
2161,2023,70.86
2180,2012,43.49
2180,2013,42.94
2180,2014,42.90
2180,2015,42.87
2180,2016,42.76
2180,2017,42.58
2180,2018,42.27
2180,2019,41.94
2180,2020,41.77
2180,2021,41.66
2180,2022,41.66
2180,2023,41.45
2181,2012,59.81
2181,2013,59.13
2181,2014,58.60
2181,2015,57.67
2181,2016,57.25
2181,2017,56.80
2181,2018,56.86
2181,2019,56.58
2181,2020,56.54
2181,2021,56.50
2181,2022,56.55
2181,2023,56.61
2182,2012,62.85
2182,2013,61.75
2182,2014,61.49
2182,2015,60.61
2182,2016,60.40
2182,2017,60.36
2182,2018,60.33
2182,2019,60.13
2182,2020,60.40
2182,2021,60.25
2182,2022,59.97
2182,2023,60.36
2183,2012,64.80
2183,2013,64.28
2183,2014,64.00
2183,2015,62.99
2183,2016,63.06
2183,2017,62.93
2183,2018,62.79
2183,2019,62.31
2183,2020,62.45
2183,2021,62.32
2183,2022,62.24
2183,2023,62.18
2184,2012,63.91
2184,2013,63.37
2184,2014,63.58
2184,2015,63.57
2184,2016,64.06
2184,2017,63.95
2184,2018,63.69
2184,2019,63.12
2184,2020,63.07
2184,2021,62.94
2184,2022,63.51
2184,2023,63.32
2260,2012,75.73
2260,2013,75.54
2260,2014,75.40
2260,2015,74.97
2260,2016,76.11
2260,2017,75.83
2260,2018,76.25
2260,2019,76.75
2260,2020,77.79
2260,2021,77.80
2260,2022,77.74
2260,2023,77.92
2262,2012,65.52
2262,2013,65.11
2262,2014,65.49
2262,2015,65.53
2262,2016,65.60
2262,2017,65.39
2262,2018,65.40
2262,2019,65.30
2262,2020,65.01
2262,2021,64.83
2262,2022,64.91
2262,2023,64.60
2280,2012,60.28
2280,2013,59.40
2280,2014,58.58
2280,2015,57.51
2280,2016,58.01
2280,2017,58.11
2280,2018,58.09
2280,2019,57.75
2280,2020,57.55
2280,2021,57.78
2280,2022,57.58
2280,2023,57.76
2281,2012,52.20
2281,2013,51.98
2281,2014,52.02
2281,2015,51.88
2281,2016,51.78
2281,2017,51.49
2281,2018,51.25
2281,2019,50.89
2281,2020,50.95
2281,2021,50.81
2281,2022,50.57
2281,2023,50.08
2282,2012,76.40
2282,2013,75.84
2282,2014,76.26
2282,2015,75.68
2282,2016,75.42
2282,2017,75.79
2282,2018,75.69
2282,2019,75.27
2282,2020,75.50
2282,2021,75.55
2282,2022,75.51
2282,2023,75.62
2283,2012,71.02
2283,2013,70.21
2283,2014,70.03
2283,2015,69.38
2283,2016,70.80
2283,2017,70.36
2283,2018,70.52
2283,2019,71.73
2283,2020,71.88
2283,2021,72.22
2283,2022,71.88
2283,2023,72.16
2284,2012,71.88
2284,2013,71.74
2284,2014,71.59
2284,2015,71.05
2284,2016,71.26
2284,2017,70.94
2284,2018,70.81
2284,2019,70.53
2284,2020,70.55
2284,2021,70.60
2284,2022,70.58
2284,2023,70.36
2303,2012,79.71
2303,2013,79.63
2303,2014,79.93
2303,2015,80.17
2303,2016,81.07
2303,2017,80.18
2303,2018,80.74
2303,2019,80.92
2303,2020,81.85
2303,2021,81.31
2303,2022,82.14
2303,2023,81.71
2305,2012,78.83
2305,2013,78.72
2305,2014,78.18
2305,2015,77.41
2305,2016,78.62
2305,2017,78.45
2305,2018,79.17
2305,2019,79.71
2305,2020,79.87
2305,2021,79.69
2305,2022,79.07
2305,2023,79.21
2309,2012,78.42
2309,2013,76.13
2309,2014,79.18
2309,2015,79.38
2309,2016,82.52
2309,2017,82.16
2309,2018,83.04
2309,2019,82.73
2309,2020,82.92
2309,2021,81.89
2309,2022,81.61
2309,2023,81.01
2313,2012,73.92
2313,2013,73.56
2313,2014,73.38
2313,2015,73.60
2313,2016,74.35
2313,2017,74.65
2313,2018,74.64
2313,2019,74.86
2313,2020,74.97
2313,2021,75.06
2313,2022,74.55
2313,2023,74.78
2321,2012,69.44
2321,2013,68.33
2321,2014,68.48
2321,2015,68.07
2321,2016,69.54
2321,2017,68.88
2321,2018,68.55
2321,2019,68.40
2321,2020,67.44
2321,2021,66.55
2321,2022,66.28
2321,2023,66.37
2326,2012,83.89
2326,2013,83.20
2326,2014,83.56
2326,2015,83.36
2326,2016,84.49
2326,2017,83.73
2326,2018,83.95
2326,2019,84.38
2326,2020,83.74
2326,2021,83.49
2326,2022,83.19
2326,2023,83.03
2361,2012,75.06
2361,2013,74.14
2361,2014,73.66
2361,2015,73.77
2361,2016,75.52
2361,2017,74.71
2361,2018,75.17
2361,2019,75.04
2361,2020,74.96
2361,2021,74.79
2361,2022,75.14
2361,2023,75.14
2380,2012,44.10
2380,2013,43.90
2380,2014,43.89
2380,2015,43.70
2380,2016,44.11
2380,2017,43.67
2380,2018,43.72
2380,2019,43.55
2380,2020,43.44
2380,2021,43.35
2380,2022,43.07
2380,2023,42.85
2401,2012,79.88
2401,2013,79.59
2401,2014,79.05
2401,2015,78.82
2401,2016,79.98
2401,2017,80.25
2401,2018,80.23
2401,2019,79.95
2401,2020,80.37
2401,2021,80.56
2401,2022,80.46
2401,2023,79.68
2403,2012,82.94
2403,2013,82.68
2403,2014,82.50
2403,2015,81.90
2403,2016,81.99
2403,2017,81.44
2403,2018,80.45
2403,2019,80.81
2403,2020,81.15
2403,2021,80.96
2403,2022,81.79
2403,2023,81.64
2404,2012,82.05
2404,2013,81.46
2404,2014,81.57
2404,2015,81.14
2404,2016,81.86
2404,2017,80.93
2404,2018,81.18
2404,2019,80.16
2404,2020,79.84
2404,2021,80.07
2404,2022,80.18
2404,2023,79.66
2409,2012,82.57
2409,2013,82.19
2409,2014,82.54
2409,2015,82.28
2409,2016,82.89
2409,2017,82.69
2409,2018,82.18
2409,2019,82.18
2409,2020,82.85
2409,2021,83.10
2409,2022,83.02
2409,2023,82.89
2417,2012,77.49
2417,2013,76.69
2417,2014,77.18
2417,2015,76.15
2417,2016,77.36
2417,2017,76.82
2417,2018,76.60
2417,2019,76.69
2417,2020,75.82
2417,2021,76.83
2417,2022,76.51
2417,2023,76.15
2418,2012,74.97
2418,2013,74.23
2418,2014,74.03
2418,2015,73.62
2418,2016,74.00
2418,2017,72.65
2418,2018,72.77
2418,2019,72.49
2418,2020,73.25
2418,2021,72.68
2418,2022,72.67
2418,2023,72.37
2421,2012,77.36
2421,2013,77.12
2421,2014,76.10
2421,2015,75.89
2421,2016,77.42
2421,2017,77.52
2421,2018,76.89
2421,2019,76.74
2421,2020,76.62
2421,2021,76.53
2421,2022,76.93
2421,2023,77.10
2422,2012,76.28
2422,2013,77.15
2422,2014,77.74
2422,2015,78.06
2422,2016,80.67
2422,2017,80.56
2422,2018,80.29
2422,2019,81.08
2422,2020,81.70
2422,2021,80.69
2422,2022,80.54
2422,2023,80.06
2425,2012,68.32
2425,2013,68.23
2425,2014,72.87
2425,2015,71.24
2425,2016,73.00
2425,2017,73.05
2425,2018,74.42
2425,2019,74.99
2425,2020,75.34
2425,2021,76.17
2425,2022,75.84
2425,2023,77.30
2460,2012,73.91
2460,2013,73.61
2460,2014,72.81
2460,2015,73.18
2460,2016,72.67
2460,2017,72.33
2460,2018,71.80
2460,2019,71.77
2460,2020,72.04
2460,2021,71.85
2460,2022,71.97
2460,2023,71.88
2462,2012,73.23
2462,2013,73.33
2462,2014,73.12
2462,2015,72.98
2462,2016,73.71
2462,2017,73.89
2462,2018,73.70
2462,2019,73.28
2462,2020,73.73
2462,2021,73.57
2462,2022,73.42
2462,2023,73.18
2463,2012,75.39
2463,2013,75.86
2463,2014,76.74
2463,2015,76.31
2463,2016,76.45
2463,2017,77.89
2463,2018,78.72
2463,2019,78.24
2463,2020,77.36
2463,2021,77.09
2463,2022,77.53
2463,2023,77.96
2480,2012,45.74
2480,2013,45.47
2480,2014,46.09
2480,2015,45.91
2480,2016,46.16
2480,2017,45.77
2480,2018,45.30
2480,2019,44.82
2480,2020,44.82
2480,2021,44.74
2480,2022,44.41
2480,2023,44.00
2481,2012,63.54
2481,2013,63.01
2481,2014,63.53
2481,2015,62.98
2481,2016,64.13
2481,2017,64.05
2481,2018,64.10
2481,2019,64.21
2481,2020,64.13
2481,2021,64.25
2481,2022,64.18
2481,2023,63.70
2482,2012,63.49
2482,2013,63.05
2482,2014,62.91
2482,2015,62.68
2482,2016,63.11
2482,2017,62.56
2482,2018,62.43
2482,2019,61.91
2482,2020,61.30
2482,2021,60.69
2482,2022,59.19
2482,2023,57.34
2505,2012,68.83
2505,2013,67.70
2505,2014,68.49
2505,2015,68.80
2505,2016,70.54
2505,2017,69.84
2505,2018,70.51
2505,2019,71.06
2505,2020,70.87
2505,2021,70.58
2505,2022,70.36
2505,2023,64.81
2506,2012,72.72
2506,2013,73.09
2506,2014,73.17
2506,2015,71.91
2506,2016,74.69
2506,2017,74.34
2506,2018,74.34
2506,2019,74.65
2506,2020,75.28
2506,2021,75.25
2506,2022,75.82
2506,2023,75.85
2510,2012,71.23
2510,2013,70.37
2510,2014,70.84
2510,2015,70.27
2510,2016,71.44
2510,2017,71.05
2510,2018,72.01
2510,2019,71.83
2510,2020,71.47
2510,2021,71.28
2510,2022,72.08
2510,2023,71.57
2513,2012,77.90
2513,2013,77.36
2513,2014,77.65
2513,2015,77.32
2513,2016,78.77
2513,2017,78.11
2513,2018,78.29
2513,2019,77.68
2513,2020,77.56
2513,2021,77.61
2513,2022,77.85
2513,2023,77.26
2514,2012,75.20
2514,2013,74.42
2514,2014,74.26
2514,2015,73.79
2514,2016,73.93
2514,2017,73.86
2514,2018,73.71
2514,2019,73.65
2514,2020,73.40
2514,2021,73.08
2514,2022,72.86
2514,2023,72.49
2518,2012,80.47
2518,2013,79.55
2518,2014,79.54
2518,2015,79.97
2518,2016,80.33
2518,2017,79.44
2518,2018,79.59
2518,2019,80.18
2518,2020,80.46
2518,2021,80.67
2518,2022,81.28
2518,2023,81.56
2521,2012,80.43
2521,2013,79.00
2521,2014,80.45
2521,2015,79.98
2521,2016,81.79
2521,2017,80.89
2521,2018,81.34
2521,2019,81.31
2521,2020,81.48
2521,2021,81.03
2521,2022,81.00
2521,2023,80.53
2523,2012,58.81
2523,2013,58.26
2523,2014,58.15
2523,2015,57.82
2523,2016,60.22
2523,2017,60.05
2523,2018,59.32
2523,2019,57.66
2523,2020,56.87
2523,2021,56.12
2523,2022,55.28
2523,2023,53.79
2560,2012,78.55
2560,2013,77.75
2560,2014,77.16
2560,2015,76.95
2560,2016,76.98
2560,2017,75.74
2560,2018,76.50
2560,2019,76.59
2560,2020,76.67
2560,2021,76.45
2560,2022,76.69
2560,2023,76.20
2580,2012,50.81
2580,2013,50.44
2580,2014,50.11
2580,2015,50.25
2580,2016,50.64
2580,2017,50.24
2580,2018,49.79
2580,2019,49.53
2580,2020,49.03
2580,2021,48.82
2580,2022,48.36
2580,2023,47.73
2581,2012,69.66
2581,2013,69.30
2581,2014,69.62
2581,2015,69.40
2581,2016,69.98
2581,2017,69.21
2581,2018,69.12
2581,2019,68.86
2581,2020,68.85
2581,2021,68.78
2581,2022,68.37
2581,2023,67.90
2582,2012,62.73
2582,2013,62.63
2582,2014,62.31
2582,2015,62.50
2582,2016,62.49
2582,2017,62.19
2582,2018,62.29
2582,2019,62.47
2582,2020,62.31
2582,2021,62.22
2582,2022,61.94
2582,2023,61.73
2583,2012,61.43
2583,2013,61.62
2583,2014,61.77
2583,2015,61.73
2583,2016,61.73
2583,2017,61.02
2583,2018,61.26
2583,2019,61.10
2583,2020,61.35
2583,2021,61.57
2583,2022,61.85
2583,2023,61.94
2584,2012,54.95
2584,2013,54.23
2584,2014,53.93
2584,2015,53.21
2584,2016,53.60
2584,2017,53.35
2584,2018,53.30
2584,2019,52.90
2584,2020,53.55
2584,2021,53.36
2584,2022,53.62
2584,2023,52.57
