kommun,year,uppform_hyresratt_antal
0114,2012,13137
0114,2013,13254
0114,2014,12893
0114,2015,13739
0114,2016,13839
0114,2017,14087
0114,2018,13896
0114,2019,14204
0114,2020,14190
0114,2021,14477
0114,2022,15054
0114,2023,15558
0115,2012,1155
0115,2013,1197
0115,2014,1255
0115,2015,1154
0115,2016,997
0115,2017,1037
0115,2018,1130
0115,2019,1518
0115,2020,1481
0115,2021,1560
0115,2022,1823
0115,2023,1926
0117,2012,5141
0117,2013,5238
0117,2014,5402
0117,2015,5536
0117,2016,5637
0117,2017,5599
0117,2018,5379
0117,2019,5246
0117,2020,5617
0117,2021,5798
0117,2022,5824
0117,2023,5821
0120,2012,4118
0120,2013,4192
0120,2014,4363
0120,2015,4365
0120,2016,4617
0120,2017,4917
0120,2018,5108
0120,2019,5056
0120,2020,5075
0120,2021,5204
0120,2022,5208
0120,2023,5430
0123,2012,17808
0123,2013,17245
0123,2014,17684
0123,2015,18615
0123,2016,19442
0123,2017,19567
0123,2018,19827
0123,2019,19843
0123,2020,20475
0123,2021,21112
0123,2022,22460
0123,2023,23019
0125,2012,2495
0125,2013,2471
0125,2014,2474
0125,2015,2528
0125,2016,2756
0125,2017,2730
0125,2018,2711
0125,2019,2739
0125,2020,2757
0125,2021,2800
0125,2022,2767
0125,2023,2742
0126,2012,28256
0126,2013,28521
0126,2014,28824
0126,2015,28309
0126,2016,29096
0126,2017,29634
0126,2018,29402
0126,2019,28936
0126,2020,28782
0126,2021,28357
0126,2022,28108
0126,2023,27705
0127,2012,34794
0127,2013,35335
0127,2014,35855
0127,2015,35838
0127,2016,36426
0127,2017,39113
0127,2018,36444
0127,2019,36099
0127,2020,36267
0127,2021,35838
0127,2022,35566
0127,2023,35488
0128,2012,2440
0128,2013,2471
0128,2014,2512
0128,2015,2507
0128,2016,2640
0128,2017,2700
0128,2018,2654
0128,2019,2644
0128,2020,2695
0128,2021,2819
0128,2022,2911
0128,2023,2966
0136,2012,20033
0136,2013,20444
0136,2014,21056
0136,2015,21769
0136,2016,22207
0136,2017,22847
0136,2018,23459
0136,2019,23727
0136,2020,23902
0136,2021,24808
0136,2022,25892
0136,2023,27256
0138,2012,9005
0138,2013,9131
0138,2014,8946
0138,2015,9141
0138,2016,9456
0138,2017,9303
0138,2018,9968
0138,2019,10280
0138,2020,10387
0138,2021,10638
0138,2022,10551
0138,2023,10556
0139,2012,5458
0139,2013,5635
0139,2014,5670
0139,2015,5836
0139,2016,6196
0139,2017,6276
0139,2018,6855
0139,2019,7136
0139,2020,7707
0139,2021,8366
0139,2022,8980
0139,2023,9560
0140,2012,1479
0140,2013,1436
0140,2014,1491
0140,2015,1676
0140,2016,1757
0140,2017,1814
0140,2018,1696
0140,2019,1710
0140,2020,1712
0140,2021,1755
0140,2022,1888
0140,2023,2179
0160,2012,3511
0160,2013,3624
0160,2014,3756
0160,2015,2947
0160,2016,3011
0160,2017,3027
0160,2018,3164
0160,2019,3542
0160,2020,3992
0160,2021,4385
0160,2022,4591
0160,2023,5174
0162,2012,3752
0162,2013,3765
0162,2014,3778
0162,2015,3666
0162,2016,2853
0162,2017,2936
0162,2018,3059
0162,2019,2968
0162,2020,2980
0162,2021,2953
0162,2022,2971
0162,2023,2901
0163,2012,13518
0163,2013,14267
0163,2014,14340
0163,2015,14660
0163,2016,14405
0163,2017,14560
0163,2018,14622
0163,2019,14263
0163,2020,13840
0163,2021,14329
0163,2022,14900
0163,2023,15469
0180,2012,352520
0180,2013,356774
0180,2014,362255
0180,2015,365116
0180,2016,367320
0180,2017,372316
0180,2018,375406
0180,2019,377513
0180,2020,375977
0180,2021,376190
0180,2022,377366
0180,2023,377837
0181,2012,44127
0181,2013,45009
0181,2014,45470
0181,2015,45831
0181,2016,45871
0181,2017,46444
0181,2018,45888
0181,2019,46572
0181,2020,46543
0181,2021,46824
0181,2022,47378
0181,2023,47064
0182,2012,15900
0182,2013,15107
0182,2014,14639
0182,2015,15458
0182,2016,14327
0182,2017,14383
0182,2018,14845
0182,2019,14802
0182,2020,14828
0182,2021,14774
0182,2022,15043
0182,2023,15445
0183,2012,21217
0183,2013,21848
0183,2014,22245
0183,2015,23071
0183,2016,23779
0183,2017,22431
0183,2018,21424
0183,2019,21805
0183,2020,21761
0183,2021,22189
0183,2022,22531
0183,2023,23835
0184,2012,24537
0184,2013,24539
0184,2014,24880
0184,2015,25941
0184,2016,26027
0184,2017,25795
0184,2018,25958
0184,2019,26041
0184,2020,25924
0184,2021,26062
0184,2022,26144
0184,2023,25645
0186,2012,9266
0186,2013,9580
0186,2014,9703
0186,2015,9966
0186,2016,10182
0186,2017,10249
0186,2018,10580
0186,2019,10692
0186,2020,10425
0186,2021,10518
0186,2022,10678
0186,2023,10630
0187,2012,1021
0187,2013,1042
0187,2014,1077
0187,2015,1053
0187,2016,1143
0187,2017,1117
0187,2018,1214
0187,2019,1153
0187,2020,1109
0187,2021,1097
0187,2022,1091
0187,2023,1059
0188,2012,8050
0188,2013,8540
0188,2014,9004
0188,2015,9343
0188,2016,9735
0188,2017,9762
0188,2018,9878
0188,2019,10125
0188,2020,10295
0188,2021,10454
0188,2022,10993
0188,2023,11186
0191,2012,14826
0191,2013,15445
0191,2014,15763
0191,2015,16413
0191,2016,17041
0191,2017,17547
0191,2018,18113
0191,2019,17923
0191,2020,18206
0191,2021,18376
0191,2022,19220
0191,2023,19612
0192,2012,7351
0192,2013,7541
0192,2014,7332
0192,2015,7525
0192,2016,7702
0192,2017,7930
0192,2018,8023
0192,2019,8198
0192,2020,8290
0192,2021,8787
0192,2022,9092
0192,2023,9286
0305,2012,3042
0305,2013,3106
0305,2014,3130
0305,2015,3140
0305,2016,3212
0305,2017,3312
0305,2018,3376
0305,2019,3555
0305,2020,3554
0305,2021,3561
0305,2022,3836
0305,2023,4117
0319,2012,1874
0319,2013,1945
0319,2014,2006
0319,2015,2120
0319,2016,2229
0319,2017,2273
0319,2018,2197
0319,2019,2196
0319,2020,2260
0319,2021,2309
0319,2022,2329
0319,2023,2279
0330,2012,1838
0330,2013,1888
0330,2014,2020
0330,2015,2032
0330,2016,1889
0330,2017,2071
0330,2018,1995
0330,2019,2031
0330,2020,2281
0330,2021,2571
0330,2022,2683
0330,2023,3087
0331,2012,1833
0331,2013,1846
0331,2014,1904
0331,2015,1991
0331,2016,2136
0331,2017,2182
0331,2018,2162
0331,2019,2232
0331,2020,2249
0331,2021,2320
0331,2022,2311
0331,2023,2316
0360,2012,4286
0360,2013,4406
0360,2014,4547
0360,2015,4799
0360,2016,4879
0360,2017,5049
0360,2018,5108
0360,2019,5128
0360,2020,5253
0360,2021,5352
0360,2022,5245
0360,2023,5202
0380,2012,55938
0380,2013,57427
0380,2014,57964
0380,2015,58358
0380,2016,59929
0380,2017,62533
0380,2018,64850
0380,2019,66816
0380,2020,67565
0380,2021,70355
0380,2022,72912
0380,2023,74744
0381,2012,9207
0381,2013,9216
0381,2014,9586
0381,2015,9969
0381,2016,10047
0381,2017,10290
0381,2018,10413
0381,2019,10365
0381,2020,11115
0381,2021,11822
0381,2022,12149
0381,2023,12318
0382,2012,3332
0382,2013,3319
0382,2014,3230
0382,2015,3370
0382,2016,3514
0382,2017,3551
0382,2018,3548
0382,2019,3590
0382,2020,3574
0382,2021,3577
0382,2022,3612
0382,2023,3614
0428,2012,1800
0428,2013,1949
0428,2014,2034
0428,2015,2122
0428,2016,2278
0428,2017,2381
0428,2018,2368
0428,2019,2405
0428,2020,2424
0428,2021,2348
0428,2022,2230
0428,2023,2195
0461,2012,2263
0461,2013,2296
0461,2014,2361
0461,2015,2447
0461,2016,2506
0461,2017,2499
0461,2018,2442
0461,2019,2403
0461,2020,2435
0461,2021,2540
0461,2022,2524
0461,2023,2506
0480,2012,14236
0480,2013,14685
0480,2014,14909
0480,2015,15629
0480,2016,15727
0480,2017,15892
0480,2018,16132
0480,2019,16465
0480,2020,16782
0480,2021,17119
0480,2022,17474
0480,2023,17547
0481,2012,2641
0481,2013,2787
0481,2014,2948
0481,2015,3027
0481,2016,3194
0481,2017,3248
0481,2018,3258
0481,2019,3176
0481,2020,3228
0481,2021,3279
0481,2022,3209
0481,2023,3234
0482,2012,4511
0482,2013,4858
0482,2014,5025
0482,2015,5311
0482,2016,5673
0482,2017,5739
0482,2018,5737
0482,2019,5696
0482,2020,5636
0482,2021,5622
0482,2022,5435
0482,2023,5141
0483,2012,11758
0483,2013,12197
0483,2014,12742
0483,2015,13006
0483,2016,13144
0483,2017,13495
0483,2018,13777
0483,2019,13897
0483,2020,13744
0483,2021,13735
0483,2022,13571
0483,2023,13309
0484,2012,40273
0484,2013,40947
0484,2014,42097
0484,2015,42963
0484,2016,43718
0484,2017,44158
0484,2018,44890
0484,2019,45124
0484,2020,44501
0484,2021,44423
0484,2022,44379
0484,2023,43961
0486,2012,8784
0486,2013,9085
0486,2014,9243
0486,2015,9176
0486,2016,9427
0486,2017,9567
0486,2018,9733
0486,2019,9943
0486,2020,10076
0486,2021,10374
0486,2022,10399
0486,2023,10940
0488,2012,2160
0488,2013,2220
0488,2014,2303
0488,2015,2335
0488,2016,2430
0488,2017,2411
0488,2018,2579
0488,2019,2577
0488,2020,2793
0488,2021,2833
0488,2022,2880
0488,2023,2851
0509,2012,776
0509,2013,789
0509,2014,795
0509,2015,820
0509,2016,901
0509,2017,921
0509,2018,905
0509,2019,906
0509,2020,907
0509,2021,905
0509,2022,901
0509,2023,887
0512,2012,466
0512,2013,472
0512,2014,484
0512,2015,519
0512,2016,549
0512,2017,580
0512,2018,556
0512,2019,542
0512,2020,518
0512,2021,502
0512,2022,500
0512,2023,490
0513,2012,1875
0513,2013,1953
0513,2014,2041
0513,2015,2137
0513,2016,2133
0513,2017,2178
0513,2018,2187
0513,2019,2205
0513,2020,2186
0513,2021,2227
0513,2022,2242
0513,2023,2188
0560,2012,905
0560,2013,949
0560,2014,972
0560,2015,1001
0560,2016,1008
0560,2017,1039
0560,2018,1036
0560,2019,1047
0560,2020,1010
0560,2021,1045
0560,2022,1026
0560,2023,1007
0561,2012,2180
0561,2013,2221
0561,2014,2314
0561,2015,2432
0561,2016,2480
0561,2017,2500
0561,2018,2475
0561,2019,2447
0561,2020,2400
0561,2021,2395
0561,2022,2440
0561,2023,2446
0562,2012,5146
0562,2013,5251
0562,2014,5485
0562,2015,5501
0562,2016,5769
0562,2017,5892
0562,2018,6009
0562,2019,6084
0562,2020,6025
0562,2021,6153
0562,2022,6244
0562,2023,6089
0563,2012,1441
0563,2013,1473
0563,2014,1553
0563,2015,1661
0563,2016,1710
0563,2017,1786
0563,2018,1778
0563,2019,1737
0563,2020,1623
0563,2021,1550
0563,2022,1570
0563,2023,1525
0580,2012,60007
0580,2013,60921
0580,2014,62043
0580,2015,62261
0580,2016,63385
0580,2017,64512
0580,2018,64595
0580,2019,65311
0580,2020,66133
0580,2021,66546
0580,2022,66951
0580,2023,66795
0581,2012,54846
0581,2013,55946
0581,2014,56958
0581,2015,57772
0581,2016,58670
0581,2017,59505
0581,2018,59301
0581,2019,60102
0581,2020,60316
0581,2021,60757
0581,2022,60818
0581,2023,60506
0582,2012,3419
0582,2013,3457
0582,2014,3545
0582,2015,3597
0582,2016,3664
0582,2017,3668
0582,2018,3718
0582,2019,3786
0582,2020,3722
0582,2021,3682
0582,2022,3727
0582,2023,3759
0583,2012,13572
0583,2013,13905
0583,2014,14156
0583,2015,14496
0583,2016,14805
0583,2017,14966
0583,2018,15070
0583,2019,15199
0583,2020,15190
0583,2021,15281
0583,2022,15175
0583,2023,15123
0584,2012,1943
0584,2013,2004
0584,2014,2042
0584,2015,2045
0584,2016,2076
0584,2017,2124
0584,2018,2204
0584,2019,2140
0584,2020,2150
0584,2021,2234
0584,2022,2198
0584,2023,2173
0586,2012,6732
0586,2013,6967
0586,2014,7163
0586,2015,7325
0586,2016,7524
0586,2017,7609
0586,2018,7741
0586,2019,7813
0586,2020,7631
0586,2021,7742
0586,2022,7610
0586,2023,7802
0604,2012,934
0604,2013,948
0604,2014,963
0604,2015,1045
0604,2016,1079
0604,2017,1187
0604,2018,1224
0604,2019,1229
0604,2020,1225
0604,2021,1216
0604,2022,1169
0604,2023,1201
0617,2012,1893
0617,2013,2004
0617,2014,2121
0617,2015,2191
0617,2016,2282
0617,2017,2328
0617,2018,2391
0617,2019,2354
0617,2020,2302
0617,2021,2274
0617,2022,2210
0617,2023,2121
0642,2012,1147
0642,2013,1143
0642,2014,1149
0642,2015,1177
0642,2016,1187
0642,2017,1220
0642,2018,1214
0642,2019,1238
0642,2020,1255
0642,2021,1275
0642,2022,1302
0642,2023,1258
0643,2012,1191
0643,2013,1253
0643,2014,1199
0643,2015,1205
0643,2016,1260
0643,2017,1356
0643,2018,1415
0643,2019,1364
0643,2020,1393
0643,2021,1393
0643,2022,1398
0643,2023,1394
0662,2012,6287
0662,2013,6408
0662,2014,6548
0662,2015,7163
0662,2016,7383
0662,2017,7603
0662,2018,7782
0662,2019,7832
0662,2020,7638
0662,2021,7512
0662,2022,7484
0662,2023,7245
0665,2012,2616
0665,2013,2653
0665,2014,2686
0665,2015,2793
0665,2016,2941
0665,2017,2935
0665,2018,2948
0665,2019,3107
0665,2020,3246
0665,2021,3202
0665,2022,3199
0665,2023,3174
0680,2012,40370
0680,2013,41186
0680,2014,42491
0680,2015,43391
0680,2016,44580
0680,2017,45696
0680,2018,46487
0680,2019,47023
0680,2020,47385
0680,2021,48025
0680,2022,49069
0680,2023,49148
0682,2012,7312
0682,2013,7498
0682,2014,7915
0682,2015,8244
0682,2016,8582
0682,2017,8844
0682,2018,8986
0682,2019,8965
0682,2020,8915
0682,2021,8960
0682,2022,9050
0682,2023,8881
0683,2012,7756
0683,2013,7930
0683,2014,8098
0683,2015,8323
0683,2016,8621
0683,2017,8819
0683,2018,8960
0683,2019,9078
0683,2020,9194
0683,2021,9223
0683,2022,9231
0683,2023,9281
0684,2012,1831
0684,2013,1984
0684,2014,2134
0684,2015,2442
0684,2016,2501
0684,2017,2527
0684,2018,2627
0684,2019,2569
0684,2020,2563
0684,2021,2552
0684,2022,2538
0684,2023,2454
0685,2012,5487
0685,2013,5606
0685,2014,5774
0685,2015,6003
0685,2016,6369
0685,2017,6342
0685,2018,6520
0685,2019,6493
0685,2020,6453
0685,2021,6476
0685,2022,6554
0685,2023,6536
0686,2012,4228
0686,2013,4314
0686,2014,4451
0686,2015,4641
0686,2016,4985
0686,2017,5218
0686,2018,5346
0686,2019,5344
0686,2020,5363
0686,2021,5422
0686,2022,5405
0686,2023,5337
0687,2012,5590
0687,2013,5660
0687,2014,5880
0687,2015,6125
0687,2016,6290
0687,2017,6307
0687,2018,6370
0687,2019,6419
0687,2020,6318
0687,2021,6317
0687,2022,6300
0687,2023,6229
0760,2012,1751
0760,2013,1814
0760,2014,1795
0760,2015,1890
0760,2016,2016
0760,2017,2090
0760,2018,2143
0760,2019,2180
0760,2020,2135
0760,2021,2096
0760,2022,2116
0760,2023,1994
0761,2012,1530
0761,2013,1592
0761,2014,1881
0761,2015,2067
0761,2016,2260
0761,2017,2372
0761,2018,2405
0761,2019,2362
0761,2020,2292
0761,2021,2241
0761,2022,2163
0761,2023,2090
0763,2012,1961
0763,2013,2021
0763,2014,2132
0763,2015,2298
0763,2016,2376
0763,2017,2405
0763,2018,2391
0763,2019,2416
0763,2020,2421
0763,2021,2451
0763,2022,2383
0763,2023,2320
0764,2012,3941
0764,2013,4258
0764,2014,4460
0764,2015,4530
0764,2016,4712
0764,2017,4810
0764,2018,4942
0764,2019,4917
0764,2020,4981
0764,2021,4860
0764,2022,4802
0764,2023,4560
0765,2012,3350
0765,2013,3352
0765,2014,3521
0765,2015,3715
0765,2016,3967
0765,2017,4381
0765,2018,4522
0765,2019,4526
0765,2020,4501
0765,2021,4455
0765,2022,4585
0765,2023,4448
0767,2012,1861
0767,2013,1889
0767,2014,2012
0767,2015,2218
0767,2016,2336
0767,2017,2424
0767,2018,2604
0767,2019,2672
0767,2020,2645
0767,2021,2571
0767,2022,2532
0767,2023,2484
0780,2012,30252
0780,2013,30906
0780,2014,31906
0780,2015,32398
0780,2016,32820
0780,2017,33119
0780,2018,33200
0780,2019,33618
0780,2020,33976
0780,2021,34442
0780,2022,35320
0780,2023,35544
0781,2012,6184
0781,2013,6237
0781,2014,6558
0781,2015,6775
0781,2016,6989
0781,2017,7169
0781,2018,7409
0781,2019,7366
0781,2020,7360
0781,2021,7339
0781,2022,7367
0781,2023,7266
0821,2012,882
0821,2013,901
0821,2014,949
0821,2015,1023
0821,2016,1199
0821,2017,1186
0821,2018,1192
0821,2019,1112
0821,2020,1013
0821,2021,946
0821,2022,864
0821,2023,836
0834,2012,844
0834,2013,930
0834,2014,896
0834,2015,956
0834,2016,983
0834,2017,1046
0834,2018,1069
0834,2019,1095
0834,2020,1077
0834,2021,1039
0834,2022,1017
0834,2023,980
0840,2012,1534
0840,2013,1569
0840,2014,1564
0840,2015,1645
0840,2016,1670
0840,2017,1719
0840,2018,1746
0840,2019,1791
0840,2020,1794
0840,2021,1925
0840,2022,1915
0840,2023,1965
0860,2012,3076
0860,2013,3263
0860,2014,3365
0860,2015,3613
0860,2016,4074
0860,2017,4137
0860,2018,3922
0860,2019,3838
0860,2020,3740
0860,2021,3660
0860,2022,3650
0860,2023,3543
0861,2012,2326
0861,2013,2473
0861,2014,2519
0861,2015,2645
0861,2016,2809
0861,2017,2857
0861,2018,2961
0861,2019,2926
0861,2020,2818
0861,2021,2775
0861,2022,2730
0861,2023,2653
0862,2012,1347
0862,2013,1375
0862,2014,1480
0862,2015,1531
0862,2016,1600
0862,2017,1712
0862,2018,1771
0862,2019,1771
0862,2020,1760
0862,2021,1743
0862,2022,1708
0862,2023,1578
0880,2012,20272
0880,2013,20362
0880,2014,20705
0880,2015,21171
0880,2016,21484
0880,2017,21943
0880,2018,22396
0880,2019,23063
0880,2020,23693
0880,2021,23962
0880,2022,24448
0880,2023,24630
0881,2012,4795
0881,2013,4862
0881,2014,5072
0881,2015,5153
0881,2016,5502
0881,2017,5721
0881,2018,5719
0881,2019,5654
0881,2020,5500
0881,2021,5469
0881,2022,5478
0881,2023,5378
0882,2012,6521
0882,2013,6577
0882,2014,6665
0882,2015,6827
0882,2016,7088
0882,2017,7182
0882,2018,7210
0882,2019,7357
0882,2020,7409
0882,2021,7417
0882,2022,7306
0882,2023,7312
0883,2012,8507
0883,2013,8548
0883,2014,8866
0883,2015,9005
0883,2016,9240
0883,2017,9456
0883,2018,9559
0883,2019,9454
0883,2020,9433
0883,2021,9476
0883,2022,9422
0883,2023,9264
0884,2012,3717
0884,2013,3730
0884,2014,3741
0884,2015,3905
0884,2016,4070
0884,2017,4169
0884,2018,4236
0884,2019,4135
0884,2020,4112
0884,2021,4045
0884,2022,4044
0884,2023,4017
0885,2012,1292
0885,2013,1301
0885,2014,1315
0885,2015,1398
0885,2016,1411
0885,2017,1424
0885,2018,1414
0885,2019,1467
0885,2020,1455
0885,2021,1482
0885,2022,1495
0885,2023,1463
0980,2012,12216
0980,2013,12179
0980,2014,12306
0980,2015,12479
0980,2016,12748
0980,2017,12623
0980,2018,12839
0980,2019,12798
0980,2020,12935
0980,2021,13089
0980,2022,13111
0980,2023,12985
1060,2012,2878
1060,2013,2936
1060,2014,3124
1060,2015,3303
1060,2016,3439
1060,2017,3497
1060,2018,3613
1060,2019,3547
1060,2020,3495
1060,2021,3467
1060,2022,3464
1060,2023,3401
1080,2012,17877
1080,2013,18213
1080,2014,18601
1080,2015,19370
1080,2016,19835
1080,2017,19920
1080,2018,19827
1080,2019,19688
1080,2020,19563
1080,2021,19443
1080,2022,19416
1080,2023,19295
1081,2012,6046
1081,2013,6206
1081,2014,6531
1081,2015,6996
1081,2016,7341
1081,2017,7668
1081,2018,7715
1081,2019,7595
1081,2020,7386
1081,2021,7260
1081,2022,7342
1081,2023,7271
1082,2012,7431
1082,2013,7636
1082,2014,8061
1082,2015,8179
1082,2016,8301
1082,2017,8494
1082,2018,8631
1082,2019,8648
1082,2020,8603
1082,2021,8614
1082,2022,8539
1082,2023,8439
1083,2012,3146
1083,2013,3157
1083,2014,3241
1083,2015,3310
1083,2016,3487
1083,2017,3558
1083,2018,3620
1083,2019,3624
1083,2020,3621
1083,2021,3744
1083,2022,3726
1083,2023,3680
1214,2012,2176
1214,2013,2217
1214,2014,2257
1214,2015,2371
1214,2016,2422
1214,2017,2585
1214,2018,2644
1214,2019,2667
1214,2020,2718
1214,2021,2747
1214,2022,2722
1214,2023,2761
1230,2012,3602
1230,2013,3534
1230,2014,3660
1230,2015,3670
1230,2016,3741
1230,2017,3803
1230,2018,3811
1230,2019,3748
1230,2020,3724
1230,2021,3983
1230,2022,3994
1230,2023,3980
1231,2012,5946
1231,2013,5935
1231,2014,6156
1231,2015,6200
1231,2016,6225
1231,2017,6282
1231,2018,6346
1231,2019,6898
1231,2020,7160
1231,2021,7636
1231,2022,7740
1231,2023,7707
1233,2012,2331
1233,2013,2358
1233,2014,2416
1233,2015,2455
1233,2016,2596
1233,2017,2626
1233,2018,2712
1233,2019,2657
1233,2020,2652
1233,2021,2761
1233,2022,2844
1233,2023,2893
1256,2012,2643
1256,2013,2759
1256,2014,2895
1256,2015,3051
1256,2016,3262
1256,2017,3485
1256,2018,3597
1256,2019,3580
1256,2020,3543
1256,2021,3472
1256,2022,3301
1256,2023,3187
1257,2012,1699
1257,2013,1664
1257,2014,1738
1257,2015,1812
1257,2016,1839
1257,2017,1945
1257,2018,1977
1257,2019,2055
1257,2020,2129
1257,2021,2130
1257,2022,2110
1257,2023,2179
1260,2012,2576
1260,2013,2559
1260,2014,2626
1260,2015,2732
1260,2016,2845
1260,2017,2956
1260,2018,2976
1260,2019,3048
1260,2020,3138
1260,2021,3186
1260,2022,3310
1260,2023,3506
1261,2012,4915
1261,2013,4954
1261,2014,5040
1261,2015,5095
1261,2016,5261
1261,2017,5448
1261,2018,5664
1261,2019,5741
1261,2020,5778
1261,2021,5873
1261,2022,5960
1261,2023,5934
1262,2012,1032
1262,2013,990
1262,2014,1004
1262,2015,1058
1262,2016,1158
1262,2017,1203
1262,2018,1511
1262,2019,1576
1262,2020,1513
1262,2021,1497
1262,2022,1538
1262,2023,1509
1263,2012,2695
1263,2013,2702
1263,2014,2857
1263,2015,2934
1263,2016,3034
1263,2017,3069
1263,2018,3217
1263,2019,3182
1263,2020,3191
1263,2021,3315
1263,2022,3275
1263,2023,3383
1264,2012,3046
1264,2013,3127
1264,2014,3220
1264,2015,3285
1264,2016,3474
1264,2017,3523
1264,2018,3481
1264,2019,3538
1264,2020,3597
1264,2021,3823
1264,2022,4012
1264,2023,4012
1265,2012,2089
1265,2013,2194
1265,2014,2206
1265,2015,2207
1265,2016,2306
1265,2017,2410
1265,2018,2408
1265,2019,2481
1265,2020,2507
1265,2021,2494
1265,2022,2493
1265,2023,2501
1266,2012,2797
1266,2013,2790
1266,2014,2814
1266,2015,2881
1266,2016,2952
1266,2017,3039
1266,2018,2984
1266,2019,3000
1266,2020,2985
1266,2021,2934
1266,2022,2911
1266,2023,2878
1267,2012,2011
1267,2013,1992
1267,2014,2046
1267,2015,2124
1267,2016,2133
1267,2017,2246
1267,2018,2282
1267,2019,2287
1267,2020,2315
1267,2021,2353
1267,2022,2441
1267,2023,2489
1270,2012,2584
1270,2013,2616
1270,2014,2640
1270,2015,2687
1270,2016,2760
1270,2017,2750
1270,2018,2768
1270,2019,2809
1270,2020,2809
1270,2021,2832
1270,2022,2908
1270,2023,2864
1272,2012,2170
1272,2013,2208
1272,2014,2247
1272,2015,2305
1272,2016,2371
1272,2017,2519
1272,2018,2702
1272,2019,2679
1272,2020,2632
1272,2021,2499
1272,2022,2502
1272,2023,2396
1273,2012,2318
1273,2013,2325
1273,2014,2396
1273,2015,2548
1273,2016,2713
1273,2017,2836
1273,2018,2866
1273,2019,2862
1273,2020,2850
1273,2021,2828
1273,2022,2764
1273,2023,2695
1275,2012,1780
1275,2013,1865
1275,2014,1882
1275,2015,1899
1275,2016,2004
1275,2017,1976
1275,2018,2065
1275,2019,2057
1275,2020,2044
1275,2021,2154
1275,2022,2134
1275,2023,2059
1276,2012,3126
1276,2013,3188
1276,2014,3206
1276,2015,3308
1276,2016,3453
1276,2017,3510
1276,2018,3630
1276,2019,3774
1276,2020,3724
1276,2021,3762
1276,2022,3766
1276,2023,3765
1277,2012,4153
1277,2013,4267
1277,2014,4393
1277,2015,4532
1277,2016,4709
1277,2017,4813
1277,2018,4820
1277,2019,4796
1277,2020,4851
1277,2021,4951
1277,2022,4945
1277,2023,4956
1278,2012,2213
1278,2013,2270
1278,2014,2392
1278,2015,2359
1278,2016,2426
1278,2017,2608
1278,2018,2764
1278,2019,2804
1278,2020,2849
1278,2021,2944
1278,2022,3007
1278,2023,2952
1280,2012,126165
1280,2013,128905
1280,2014,132368
1280,2015,134631
1280,2016,139131
1280,2017,142420
1280,2018,144626
1280,2019,146436
1280,2020,148024
1280,2021,150580
1280,2022,153549
1280,2023,155546
1281,2012,37062
1281,2013,37680
1281,2014,38362
1281,2015,38478
1281,2016,39228
1281,2017,40898
1281,2018,41706
1281,2019,42924
1281,2020,44209
1281,2021,44728
1281,2022,45569
1281,2023,46950
1282,2012,19143
1282,2013,19528
1282,2014,19773
1282,2015,19843
1282,2016,20121
1282,2017,20386
1282,2018,20325
1282,2019,19969
1282,2020,19769
1282,2021,19697
1282,2022,19755
1282,2023,19691
1283,2012,49398
1283,2013,49806
1283,2014,51238
1283,2015,52839
1283,2016,54355
1283,2017,55459
1283,2018,57074
1283,2019,58223
1283,2020,58851
1283,2021,59573
1283,2022,60267
1283,2023,60621
1284,2012,4161
1284,2013,4200
1284,2014,4385
1284,2015,4566
1284,2016,4678
1284,2017,4726
1284,2018,4861
1284,2019,4956
1284,2020,5027
1284,2021,5148
1284,2022,5249
1284,2023,5320
1285,2012,7400
1285,2013,7622
1285,2014,7869
1285,2015,8072
1285,2016,8452
1285,2017,8758
1285,2018,8933
1285,2019,9082
1285,2020,9204
1285,2021,9576
1285,2022,9732
1285,2023,9928
1286,2012,6627
1286,2013,6694
1286,2014,6976
1286,2015,7140
1286,2016,7375
1286,2017,7472
1286,2018,7512
1286,2019,7542
1286,2020,7772
1286,2021,8013
1286,2022,8204
1286,2023,8454
1287,2012,9645
1287,2013,9840
1287,2014,10115
1287,2015,10406
1287,2016,10706
1287,2017,11112
1287,2018,11199
1287,2019,11374
1287,2020,11415
1287,2021,11500
1287,2022,11764
1287,2023,11831
1290,2012,23324
1290,2013,23868
1290,2014,24384
1290,2015,24945
1290,2016,25508
1290,2017,26137
1290,2018,26451
1290,2019,27018
1290,2020,27242
1290,2021,27431
1290,2022,27468
1290,2023,27378
1291,2012,3743
1291,2013,3754
1291,2014,3837
1291,2015,4094
1291,2016,4331
1291,2017,4363
1291,2018,4419
1291,2019,4416
1291,2020,4381
1291,2021,4520
1291,2022,4501
1291,2023,4435
1292,2012,10172
1292,2013,10269
1292,2014,10662
1292,2015,11015
1292,2016,11226
1292,2017,11445
1292,2018,11484
1292,2019,11537
1292,2020,11510
1292,2021,11856
1292,2022,12195
1292,2023,12512
1293,2012,10837
1293,2013,11055
1293,2014,11204
1293,2015,11678
1293,2016,12035
1293,2017,12169
1293,2018,12106
1293,2019,12266
1293,2020,12160
1293,2021,12398
1293,2022,12546
1293,2023,12605
1315,2012,2043
1315,2013,2062
1315,2014,2288
1315,2015,2526
1315,2016,2832
1315,2017,2824
1315,2018,2753
1315,2019,2785
1315,2020,2601
1315,2021,2557
1315,2022,2512
1315,2023,2416
1380,2012,31115
1380,2013,31698
1380,2014,32606
1380,2015,33335
1380,2016,34748
1380,2017,35423
1380,2018,36429
1380,2019,37681
1380,2020,38400
1380,2021,38782
1380,2022,39126
1380,2023,39210
1381,2012,3570
1381,2013,3674
1381,2014,3844
1381,2015,4065
1381,2016,4272
1381,2017,4525
1381,2018,4623
1381,2019,4894
1381,2020,4910
1381,2021,4976
1381,2022,5169
1381,2023,4969
1382,2012,7902
1382,2013,8135
1382,2014,8466
1382,2015,8718
1382,2016,8969
1382,2017,9082
1382,2018,9203
1382,2019,9309
1382,2020,9616
1382,2021,9974
1382,2022,10031
1382,2023,10010
1383,2012,16406
1383,2013,16459
1383,2014,16646
1383,2015,16717
1383,2016,16962
1383,2017,17135
1383,2018,17317
1383,2019,17213
1383,2020,17362
1383,2021,17797
1383,2022,18172
1383,2023,18392
1384,2012,11197
1384,2013,11541
1384,2014,11610
1384,2015,11826
1384,2016,11649
1384,2017,12087
1384,2018,12630
1384,2019,12817
1384,2020,13130
1384,2021,13284
1384,2022,13615
1384,2023,13615
1401,2012,5075
1401,2013,5145
1401,2014,5457
1401,2015,5509
1401,2016,5670
1401,2017,5746
1401,2018,5909
1401,2019,5839
1401,2020,6036
1401,2021,6626
1401,2022,6951
1401,2023,7089
1402,2012,10049
1402,2013,10111
1402,2014,10201
1402,2015,10261
1402,2016,10230
1402,2017,10718
1402,2018,10709
1402,2019,10902
1402,2020,10926
1402,2021,10933
1402,2022,10964
1402,2023,11306
1407,2012,1027
1407,2013,899
1407,2014,1019
1407,2015,974
1407,2016,1026
1407,2017,1109
1407,2018,1123
1407,2019,1084
1407,2020,1067
1407,2021,1115
1407,2022,1102
1407,2023,1112
1415,2012,4499
1415,2013,4497
1415,2014,4615
1415,2015,4715
1415,2016,4769
1415,2017,4975
1415,2018,4958
1415,2019,4937
1415,2020,4996
1415,2021,5147
1415,2022,5281
1415,2023,5295
1419,2012,1192
1419,2013,1192
1419,2014,1306
1419,2015,1266
1419,2016,1280
1419,2017,1347
1419,2018,1358
1419,2019,1462
1419,2020,1447
1419,2021,1469
1419,2022,1464
1419,2023,1527
1421,2012,1771
1421,2013,1766
1421,2014,1753
1421,2015,1748
1421,2016,1813
1421,2017,1845
1421,2018,1839
1421,2019,1886
1421,2020,1928
1421,2021,1957
1421,2022,2009
1421,2023,2010
1427,2012,2032
1427,2013,2036
1427,2014,2007
1427,2015,2042
1427,2016,2129
1427,2017,2137
1427,2018,2191
1427,2019,2244
1427,2020,2218
1427,2021,2247
1427,2022,2307
1427,2023,2290
1430,2012,1595
1430,2013,1654
1430,2014,1685
1430,2015,1767
1430,2016,1814
1430,2017,1912
1430,2018,1979
1430,2019,1986
1430,2020,2002
1430,2021,2029
1430,2022,1999
1430,2023,1962
1435,2012,1829
1435,2013,1794
1435,2014,1799
1435,2015,1843
1435,2016,1847
1435,2017,1889
1435,2018,2018
1435,2019,2018
1435,2020,2076
1435,2021,2099
1435,2022,2077
1435,2023,2038
1438,2012,887
1438,2013,925
1438,2014,936
1438,2015,1010
1438,2016,1003
1438,2017,1041
1438,2018,1074
1438,2019,1109
1438,2020,1062
1438,2021,1054
1438,2022,1023
1438,2023,1019
1439,2012,1047
1439,2013,1065
1439,2014,1129
1439,2015,1130
1439,2016,1214
1439,2017,1219
1439,2018,1218
1439,2019,1240
1439,2020,1274
1439,2021,1248
1439,2022,1193
1439,2023,1156
1440,2012,5547
1440,2013,5557
1440,2014,5674
1440,2015,5888
1440,2016,6021
1440,2017,6228
1440,2018,6261
1440,2019,6277
1440,2020,6296
1440,2021,6297
1440,2022,6582
1440,2023,6595
1441,2012,4086
1441,2013,4170
1441,2014,4183
1441,2015,4241
1441,2016,4441
1441,2017,4644
1441,2018,4735
1441,2019,4768
1441,2020,4912
1441,2021,4938
1441,2022,4896
1441,2023,4797
1442,2012,2136
1442,2013,2141
1442,2014,2168
1442,2015,2186
1442,2016,2256
1442,2017,2351
1442,2018,2380
1442,2019,2382
1442,2020,2416
1442,2021,2457
1442,2022,2483
1442,2023,2536
1443,2012,1071
1443,2013,1192
1443,2014,1175
1443,2015,1242
1443,2016,1315
1443,2017,1426
1443,2018,1461
1443,2019,1441
1443,2020,1512
1443,2021,1475
1443,2022,1479
1443,2023,1460
1444,2012,644
1444,2013,650
1444,2014,696
1444,2015,720
1444,2016,774
1444,2017,760
1444,2018,801
1444,2019,796
1444,2020,788
1444,2021,814
1444,2022,774
1444,2023,742
1445,2012,813
1445,2013,817
1445,2014,870
1445,2015,880
1445,2016,905
1445,2017,975
1445,2018,993
1445,2019,1003
1445,2020,954
1445,2021,970
1445,2022,1022
1445,2023,990
1446,2012,1249
1446,2013,1245
1446,2014,1283
1446,2015,1385
1446,2016,1453
1446,2017,1548
1446,2018,1553
1446,2019,1535
1446,2020,1524
1446,2021,1506
1446,2022,1540
1446,2023,1580
1447,2012,827
1447,2013,850
1447,2014,913
1447,2015,910
1447,2016,949
1447,2017,927
1447,2018,1006
1447,2019,985
1447,2020,892
1447,2021,946
1447,2022,926
1447,2023,895
1452,2012,2068
1452,2013,2092
1452,2014,2145
1452,2015,2210
1452,2016,2324
1452,2017,2324
1452,2018,2343
1452,2019,2345
1452,2020,2237
1452,2021,2266
1452,2022,2315
1452,2023,2247
1460,2012,1831
1460,2013,1831
1460,2014,1931
1460,2015,2079
1460,2016,2361
1460,2017,2373
1460,2018,2365
1460,2019,2336
1460,2020,2190
1460,2021,2107
1460,2022,2008
1460,2023,2007
1461,2012,1600
1461,2013,1579
1461,2014,1662
1461,2015,1767
1461,2016,1846
1461,2017,1949
1461,2018,1951
1461,2019,1926
1461,2020,1916
1461,2021,1930
1461,2022,1914
1461,2023,1833
1462,2012,2142
1462,2013,2307
1462,2014,2392
1462,2015,2421
1462,2016,2535
1462,2017,2569
1462,2018,2608
1462,2019,2621
1462,2020,2539
1462,2021,2561
1462,2022,2516
1462,2023,2518
1463,2012,6680
1463,2013,6769
1463,2014,6968
1463,2015,6968
1463,2016,7190
1463,2017,7254
1463,2018,7439
1463,2019,7388
1463,2020,7378
1463,2021,7462
1463,2022,7510
1463,2023,7460
1465,2012,1607
1465,2013,1650
1465,2014,1733
1465,2015,1830
1465,2016,1926
1465,2017,1897
1465,2018,1961
1465,2019,2011
1465,2020,2057
1465,2021,2079
1465,2022,2046
1465,2023,2014
1466,2012,1568
1466,2013,1580
1466,2014,1656
1466,2015,1726
1466,2016,1826
1466,2017,1823
1466,2018,1848
1466,2019,1832
1466,2020,1816
1466,2021,1858
1466,2022,1867
1466,2023,1839
1470,2012,2375
1470,2013,2409
1470,2014,2538
1470,2015,2604
1470,2016,2691
1470,2017,2714
1470,2018,2730
1470,2019,2771
1470,2020,2777
1470,2021,2878
1470,2022,2953
1470,2023,2851
1471,2012,1506
1471,2013,1522
1471,2014,1556
1471,2015,1694
1471,2016,1690
1471,2017,1700
1471,2018,1741
1471,2019,1690
1471,2020,1710
1471,2021,1692
1471,2022,1679
1471,2023,1743
1472,2012,2028
1472,2013,2059
1472,2014,2280
1472,2015,2362
1472,2016,2382
1472,2017,2419
1472,2018,2446
1472,2019,2617
1472,2020,2580
1472,2021,2549
1472,2022,2552
1472,2023,2515
1473,2012,1523
1473,2013,1595
1473,2014,1742
1473,2015,1892
1473,2016,2032
1473,2017,2016
1473,2018,1982
1473,2019,2019
1473,2020,2012
1473,2021,1931
1473,2022,1965
1473,2023,1940
1480,2012,249564
1480,2013,253524
1480,2014,258975
1480,2015,262992
1480,2016,267055
1480,2017,270021
1480,2018,273405
1480,2019,275879
1480,2020,276239
1480,2021,278100
1480,2022,283493
1480,2023,287036
1481,2012,15233
1481,2013,15249
1481,2014,15168
1481,2015,15256
1481,2016,15722
1481,2017,16539
1481,2018,17166
1481,2019,17319
1481,2020,17411
1481,2021,17426
1481,2022,17361
1481,2023,17770
1482,2012,7198
1482,2013,7275
1482,2014,7399
1482,2015,7579
1482,2016,7514
1482,2017,7834
1482,2018,8144
1482,2019,8520
1482,2020,8643
1482,2021,8704
1482,2022,8931
1482,2023,8974
1484,2012,4033
1484,2013,4083
1484,2014,4024
1484,2015,4095
1484,2016,4227
1484,2017,4407
1484,2018,4358
1484,2019,4374
1484,2020,4276
1484,2021,4204
1484,2022,4181
1484,2023,4119
1485,2012,15905
1485,2013,16285
1485,2014,16440
1485,2015,16969
1485,2016,17752
1485,2017,17922
1485,2018,18082
1485,2019,18229
1485,2020,18130
1485,2021,17995
1485,2022,17971
1485,2023,17771
1486,2012,2930
1486,2013,3041
1486,2014,3136
1486,2015,3222
1486,2016,3294
1486,2017,3416
1486,2018,3380
1486,2019,3340
1486,2020,3344
1486,2021,3369
1486,2022,3361
1486,2023,3723
1487,2012,9492
1487,2013,9820
1487,2014,10216
1487,2015,10596
1487,2016,10839
1487,2017,11061
1487,2018,11234
1487,2019,11286
1487,2020,11221
1487,2021,11438
1487,2022,11438
1487,2023,11519
1488,2012,18364
1488,2013,19119
1488,2014,19364
1488,2015,19558
1488,2016,19730
1488,2017,20173
1488,2018,20384
1488,2019,20319
1488,2020,20222
1488,2021,19946
1488,2022,20041
1488,2023,19712
1489,2012,10216
1489,2013,10279
1489,2014,10609
1489,2015,10753
1489,2016,10993
1489,2017,11113
1489,2018,11280
1489,2019,11316
1489,2020,11254
1489,2021,11179
1489,2022,11249
1489,2023,11281
1490,2012,37211
1490,2013,38130
1490,2014,38814
1490,2015,40093
1490,2016,41123
1490,2017,41596
1490,2018,42157
1490,2019,42510
1490,2020,42828
1490,2021,42830
1490,2022,42941
1490,2023,42737
1491,2012,4578
1491,2013,4687
1491,2014,4647
1491,2015,4748
1491,2016,4983
1491,2017,5281
1491,2018,5406
1491,2019,5489
1491,2020,5501
1491,2021,5537
1491,2022,5527
1491,2023,5514
1492,2012,2904
1492,2013,2963
1492,2014,3054
1492,2015,3308
1492,2016,3515
1492,2017,3557
1492,2018,3559
1492,2019,3513
1492,2020,3419
1492,2021,3278
1492,2022,3231
1492,2023,3138
1493,2012,4419
1493,2013,4480
1493,2014,4512
1493,2015,4606
1493,2016,4776
1493,2017,4813
1493,2018,4726
1493,2019,4897
1493,2020,4850
1493,2021,4886
1493,2022,4904
1493,2023,4901
1494,2012,8276
1494,2013,8422
1494,2014,8837
1494,2015,8913
1494,2016,9107
1494,2017,9136
1494,2018,9367
1494,2019,9384
1494,2020,9484
1494,2021,9438
1494,2022,9521
1494,2023,9556
1495,2012,4361
1495,2013,4614
1495,2014,4868
1495,2015,4966
1495,2016,5101
1495,2017,5177
1495,2018,5166
1495,2019,5184
1495,2020,5078
1495,2021,5156
1495,2022,5191
1495,2023,5105
1496,2012,16299
1496,2013,16584
1496,2014,16901
1496,2015,17164
1496,2016,17375
1496,2017,17650
1496,2018,18214
1496,2019,18455
1496,2020,18719
1496,2021,18792
1496,2022,18974
1496,2023,19134
1497,2012,1855
1497,2013,1828
1497,2014,1900
1497,2015,1950
1497,2016,2019
1497,2017,1998
1497,2018,2096
1497,2019,2064
1497,2020,2081
1497,2021,2035
1497,2022,2062
1497,2023,2057
1498,2012,2102
1498,2013,2115
1498,2014,2118
1498,2015,2144
1498,2016,2272
1498,2017,2279
1498,2018,2233
1498,2019,2164
1498,2020,2108
1498,2021,2153
1498,2022,2197
1498,2023,2195
1499,2012,8454
1499,2013,8782
1499,2014,9020
1499,2015,9294
1499,2016,9584
1499,2017,9782
1499,2018,10014
1499,2019,10097
1499,2020,10030
1499,2021,10081
1499,2022,10039
1499,2023,9932
1715,2012,2055
1715,2013,2103
1715,2014,2153
1715,2015,2113
1715,2016,2131
1715,2017,2164
1715,2018,2154
1715,2019,2192
1715,2020,2197
1715,2021,2197
1715,2022,2182
1715,2023,2175
1730,2012,1479
1730,2013,1493
1730,2014,1494
1730,2015,1577
1730,2016,1657
1730,2017,1806
1730,2018,1810
1730,2019,1820
1730,2020,1723
1730,2021,1700
1730,2022,1715
1730,2023,1803
1737,2012,2227
1737,2013,2185
1737,2014,2248
1737,2015,2290
1737,2016,2462
1737,2017,2427
1737,2018,2389
1737,2019,2425
1737,2020,2368
1737,2021,2325
1737,2022,2282
1737,2023,2284
1760,2012,750
1760,2013,767
1760,2014,800
1760,2015,780
1760,2016,799
1760,2017,831
1760,2018,796
1760,2019,727
1760,2020,682
1760,2021,645
1760,2022,597
1760,2023,593
1761,2012,1345
1761,2013,1310
1761,2014,1315
1761,2015,1325
1761,2016,1450
1761,2017,1475
1761,2018,1602
1761,2019,1595
1761,2020,1577
1761,2021,1560
1761,2022,1565
1761,2023,1531
1762,2012,577
1762,2013,591
1762,2014,622
1762,2015,650
1762,2016,727
1762,2017,706
1762,2018,738
1762,2019,712
1762,2020,684
1762,2021,640
1762,2022,635
1762,2023,625
1763,2012,1710
1763,2013,1705
1763,2014,1771
1763,2015,1782
1763,2016,1915
1763,2017,1951
1763,2018,1980
1763,2019,1960
1763,2020,1938
1763,2021,1959
1763,2022,1915
1763,2023,1924
1764,2012,1722
1764,2013,1730
1764,2014,1800
1764,2015,1797
1764,2016,1900
1764,2017,1919
1764,2018,1896
1764,2019,1994
1764,2020,1980
1764,2021,1970
1764,2022,2005
1764,2023,1940
1765,2012,1655
1765,2013,1678
1765,2014,1664
1765,2015,1713
1765,2016,1793
1765,2017,1933
1765,2018,1908
1765,2019,1894
1765,2020,1847
1765,2021,1805
1765,2022,1832
1765,2023,1853
1766,2012,1770
1766,2013,1821
1766,2014,1903
1766,2015,1968
1766,2016,2039
1766,2017,2085
1766,2018,2050
1766,2019,2104
1766,2020,2126
1766,2021,2153
1766,2022,2183
1766,2023,2165
1780,2012,30493
1780,2013,30903
1780,2014,31221
1780,2015,31740
1780,2016,32197
1780,2017,32460
1780,2018,33182
1780,2019,33718
1780,2020,33855
1780,2021,34271
1780,2022,35092
1780,2023,35508
1781,2012,5561
1781,2013,5778
1781,2014,6010
1781,2015,6243
1781,2016,6415
1781,2017,6502
1781,2018,6346
1781,2019,6361
1781,2020,6200
1781,2021,6196
1781,2022,6114
1781,2023,5946
1782,2012,1861
1782,2013,1966
1782,2014,2078
1782,2015,2179
1782,2016,2354
1782,2017,2308
1782,2018,2428
1782,2019,2292
1782,2020,2143
1782,2021,2039
1782,2022,1982
1782,2023,1881
1783,2012,1441
1783,2013,1455
1783,2014,1419
1783,2015,1443
1783,2016,1524
1783,2017,1512
1783,2018,1539
1783,2019,1510
1783,2020,1440
1783,2021,1435
1783,2022,1445
1783,2023,1401
1784,2012,6444
1784,2013,6518
1784,2014,6548
1784,2015,6665
1784,2016,6791
1784,2017,6818
1784,2018,6804
1784,2019,6774
1784,2020,6729
1784,2021,6550
1784,2022,6590
1784,2023,6684
1785,2012,2764
1785,2013,2898
1785,2014,3024
1785,2015,3175
1785,2016,3429
1785,2017,3562
1785,2018,3548
1785,2019,3504
1785,2020,3449
1785,2021,3383
1785,2022,3299
1785,2023,3237
1814,2012,894
1814,2013,883
1814,2014,896
1814,2015,938
1814,2016,989
1814,2017,990
1814,2018,1158
1814,2019,1199
1814,2020,1277
1814,2021,1239
1814,2022,1253
1814,2023,1244
1860,2012,1083
1860,2013,1111
1860,2014,1180
1860,2015,1166
1860,2016,1272
1860,2017,1269
1860,2018,1261
1860,2019,1315
1860,2020,1314
1860,2021,1283
1860,2022,1296
1860,2023,1330
1861,2012,3376
1861,2013,3428
1861,2014,3497
1861,2015,3687
1861,2016,3787
1861,2017,3929
1861,2018,4036
1861,2019,3999
1861,2020,4013
1861,2021,4081
1861,2022,4053
1861,2023,4096
1862,2012,1729
1862,2013,1793
1862,2014,1852
1862,2015,1938
1862,2016,2023
1862,2017,2073
1862,2018,2193
1862,2019,2160
1862,2020,2129
1862,2021,2084
1862,2022,2070
1862,2023,2007
1863,2012,1311
1863,2013,1310
1863,2014,1353
1863,2015,1456
1863,2016,1584
1863,2017,1614
1863,2018,1573
1863,2019,1652
1863,2020,1539
1863,2021,1485
1863,2022,1406
1863,2023,1258
1864,2012,808
1864,2013,883
1864,2014,890
1864,2015,1005
1864,2016,1084
1864,2017,1044
1864,2018,995
1864,2019,937
1864,2020,876
1864,2021,857
1864,2022,842
1864,2023,808
1880,2012,65020
1880,2013,65788
1880,2014,66389
1880,2015,67014
1880,2016,67784
1880,2017,69114
1880,2018,70401
1880,2019,71218
1880,2020,71145
1880,2021,71389
1880,2022,72110
1880,2023,73128
1881,2012,5961
1881,2013,6021
1881,2014,6076
1881,2015,6045
1881,2016,6141
1881,2017,6194
1881,2018,6143
1881,2019,6085
1881,2020,6047
1881,2021,6282
1881,2022,6512
1881,2023,6425
1882,2012,2092
1882,2013,2131
1882,2014,2243
1882,2015,2244
1882,2016,2332
1882,2017,2352
1882,2018,2435
1882,2019,2497
1882,2020,2525
1882,2021,2537
1882,2022,2519
1882,2023,2545
1883,2012,5794
1883,2013,5958
1883,2014,6344
1883,2015,6576
1883,2016,6729
1883,2017,6794
1883,2018,6877
1883,2019,6868
1883,2020,6877
1883,2021,6976
1883,2022,6814
1883,2023,6809
1884,2012,2598
1884,2013,2600
1884,2014,2583
1884,2015,2719
1884,2016,2826
1884,2017,2866
1884,2018,2900
1884,2019,2866
1884,2020,2816
1884,2021,2807
1884,2022,2890
1884,2023,2831
1885,2012,5081
1885,2013,5272
1885,2014,5307
1885,2015,5622
1885,2016,5837
1885,2017,5830
1885,2018,5805
1885,2019,5814
1885,2020,5827
1885,2021,5855
1885,2022,5722
1885,2023,5647
1904,2012,851
1904,2013,917
1904,2014,938
1904,2015,983
1904,2016,985
1904,2017,944
1904,2018,876
1904,2019,813
1904,2020,744
1904,2021,760
1904,2022,784
1904,2023,741
1907,2012,1587
1907,2013,1596
1907,2014,1669
1907,2015,1707
1907,2016,1716
1907,2017,1731
1907,2018,1747
1907,2019,1753
1907,2020,1722
1907,2021,1689
1907,2022,1683
1907,2023,1624
1960,2012,1882
1960,2013,2021
1960,2014,2145
1960,2015,2192
1960,2016,2254
1960,2017,2393
1960,2018,2463
1960,2019,2470
1960,2020,2484
1960,2021,2417
1960,2022,2415
1960,2023,2368
1961,2012,4438
1961,2013,4617
1961,2014,4625
1961,2015,4704
1961,2016,4865
1961,2017,4888
1961,2018,5027
1961,2019,5140
1961,2020,5037
1961,2021,5160
1961,2022,5126
1961,2023,5102
1962,2012,1250
1962,2013,1329
1962,2014,1440
1962,2015,1514
1962,2016,1531
1962,2017,1542
1962,2018,1558
1962,2019,1469
1962,2020,1485
1962,2021,1494
1962,2022,1396
1962,2023,1346
1980,2012,42483
1980,2013,43425
1980,2014,44496
1980,2015,45006
1980,2016,45834
1980,2017,47377
1980,2018,47847
1980,2019,48965
1980,2020,49659
1980,2021,50501
1980,2022,51093
1980,2023,51479
1981,2012,5853
1981,2013,6050
1981,2014,6203
1981,2015,6356
1981,2016,6466
1981,2017,6624
1981,2018,6750
1981,2019,6649
1981,2020,6688
1981,2021,6742
1981,2022,6849
1981,2023,6696
1982,2012,2332
1982,2013,2493
1982,2014,2707
1982,2015,2893
1982,2016,2976
1982,2017,2930
1982,2018,2956
1982,2019,2898
1982,2020,2793
1982,2021,2798
1982,2022,2836
1982,2023,2779
1983,2012,7774
1983,2013,8225
1983,2014,8711
1983,2015,8895
1983,2016,9172
1983,2017,9288
1983,2018,9460
1983,2019,9288
1983,2020,9229
1983,2021,9214
1983,2022,9036
1983,2023,8890
1984,2012,4332
1984,2013,4458
1984,2014,4548
1984,2015,4708
1984,2016,4754
1984,2017,4860
1984,2018,4974
1984,2019,4955
1984,2020,4793
1984,2021,4787
1984,2022,4711
1984,2023,4646
2021,2012,903
2021,2013,956
2021,2014,945
2021,2015,991
2021,2016,1108
2021,2017,1108
2021,2018,1091
2021,2019,1098
2021,2020,1086
2021,2021,1107
2021,2022,1155
2021,2023,1160
2023,2012,1345
2023,2013,1311
2023,2014,1327
2023,2015,1394
2023,2016,1510
2023,2017,1557
2023,2018,1575
2023,2019,1603
2023,2020,1602
2023,2021,1606
2023,2022,1621
2023,2023,1568
2026,2012,740
2026,2013,749
2026,2014,763
2026,2015,791
2026,2016,845
2026,2017,867
2026,2018,900
2026,2019,916
2026,2020,855
2026,2021,901
2026,2022,944
2026,2023,919
2029,2012,2439
2029,2013,2435
2029,2014,2601
2029,2015,2661
2029,2016,2721
2029,2017,2777
2029,2018,2832
2029,2019,2910
2029,2020,2864
2029,2021,2841
2029,2022,2823
2029,2023,2882
2031,2012,1596
2031,2013,1625
2031,2014,1688
2031,2015,1730
2031,2016,1795
2031,2017,1789
2031,2018,1774
2031,2019,1880
2031,2020,1882
2031,2021,1876
2031,2022,1863
2031,2023,1840
2034,2012,1539
2034,2013,1568
2034,2014,1555
2034,2015,1573
2034,2016,1621
2034,2017,1673
2034,2018,1722
2034,2019,1736
2034,2020,1690
2034,2021,1661
2034,2022,1692
2034,2023,1716
2039,2012,812
2039,2013,782
2039,2014,797
2039,2015,825
2039,2016,849
2039,2017,866
2039,2018,880
2039,2019,865
2039,2020,850
2039,2021,857
2039,2022,883
2039,2023,867
2061,2012,1670
2061,2013,1708
2061,2014,1738
2061,2015,1773
2061,2016,1814
2061,2017,1810
2061,2018,1837
2061,2019,1863
2061,2020,1805
2061,2021,1889
2061,2022,1922
2061,2023,1878
2062,2012,3680
2062,2013,3658
2062,2014,3731
2062,2015,3838
2062,2016,3926
2062,2017,3989
2062,2018,3963
2062,2019,4030
2062,2020,4000
2062,2021,4053
2062,2022,3964
2062,2023,3902
2080,2012,15964
2080,2013,16168
2080,2014,16451
2080,2015,16712
2080,2016,16992
2080,2017,17179
2080,2018,17434
2080,2019,17506
2080,2020,17367
2080,2021,17472
2080,2022,17328
2080,2023,17393
2081,2012,15013
2081,2013,15618
2081,2014,16348
2081,2015,16658
2081,2016,17130
2081,2017,17329
2081,2018,17396
2081,2019,17622
2081,2020,17369
2081,2021,17265
2081,2022,17311
2081,2023,17105
2082,2012,1994
2082,2013,2078
2082,2014,2113
2082,2015,2196
2082,2016,2218
2082,2017,2228
2082,2018,2237
2082,2019,2276
2082,2020,2343
2082,2021,2368
2082,2022,2390
2082,2023,2393
2083,2012,2819
2083,2013,2861
2083,2014,2959
2083,2015,3077
2083,2016,3250
2083,2017,3376
2083,2018,3355
2083,2019,3433
2083,2020,3335
2083,2021,3366
2083,2022,3359
2083,2023,3283
2084,2012,4374
2084,2013,4535
2084,2014,4904
2084,2015,5594
2084,2016,5915
2084,2017,6050
2084,2018,6086
2084,2019,5925
2084,2020,5697
2084,2021,5553
2084,2022,5519
2084,2023,5389
2085,2012,6336
2085,2013,6470
2085,2014,6754
2085,2015,7009
2085,2016,7331
2085,2017,7502
2085,2018,7554
2085,2019,7679
2085,2020,7528
2085,2021,7554
2085,2022,7529
2085,2023,7629
2101,2012,1227
2101,2013,1247
2101,2014,1240
2101,2015,1325
2101,2016,1381
2101,2017,1388
2101,2018,1422
2101,2019,1399
2101,2020,1382
2101,2021,1403
2101,2022,1395
2101,2023,1356
2104,2012,1952
2104,2013,1964
2104,2014,1939
2104,2015,2019
2104,2016,2095
2104,2017,2202
2104,2018,2124
2104,2019,2082
2104,2020,2105
2104,2021,2104
2104,2022,2105
2104,2023,2029
2121,2012,2472
2121,2013,2519
2121,2014,2631
2121,2015,2716
2121,2016,2766
2121,2017,2795
2121,2018,2884
2121,2019,2935
2121,2020,2936
2121,2021,2968
2121,2022,2956
2121,2023,2908
2132,2012,1496
2132,2013,1513
2132,2014,1506
2132,2015,1572
2132,2016,1565
2132,2017,1552
2132,2018,1625
2132,2019,1580
2132,2020,1599
2132,2021,1542
2132,2022,1557
2132,2023,1549
2161,2012,3797
2161,2013,3966
2161,2014,4101
2161,2015,4273
2161,2016,4307
2161,2017,4387
2161,2018,4398
2161,2019,4463
2161,2020,4406
2161,2021,4401
2161,2022,4311
2161,2023,4269
2180,2012,34768
2180,2013,35659
2180,2014,36402
2180,2015,36645
2180,2016,37018
2180,2017,37637
2180,2018,38017
2180,2019,38585
2180,2020,38669
2180,2021,38737
2180,2022,38713
2180,2023,38788
2181,2012,9650
2181,2013,9993
2181,2014,10577
2181,2015,10993
2181,2016,11441
2181,2017,11819
2181,2018,11732
2181,2019,11771
2181,2020,11791
2181,2021,11732
2181,2022,11577
2181,2023,11291
2182,2012,6413
2182,2013,6662
2182,2014,6719
2182,2015,7138
2182,2016,7378
2182,2017,7464
2182,2018,7498
2182,2019,7491
2182,2020,7321
2182,2021,7389
2182,2022,7318
2182,2023,7079
2183,2012,6981
2183,2013,7103
2183,2014,7417
2183,2015,7663
2183,2016,7880
2183,2017,7954
2183,2018,8024
2183,2019,8086
2183,2020,8027
2183,2021,8007
2183,2022,7988
2183,2023,7905
2184,2012,9434
2184,2013,9526
2184,2014,9634
2184,2015,9634
2184,2016,9802
2184,2017,9832
2184,2018,9803
2184,2019,9934
2184,2020,9894
2184,2021,9954
2184,2022,9982
2184,2023,9936
2260,2012,1489
2260,2013,1463
2260,2014,1470
2260,2015,1510
2260,2016,1506
2260,2017,1526
2260,2018,1505
2260,2019,1440
2260,2020,1370
2260,2021,1366
2260,2022,1371
2260,2023,1371
2262,2012,2743
2262,2013,2879
2262,2014,2911
2262,2015,2725
2262,2016,2972
2262,2017,3100
2262,2018,3109
2262,2019,3122
2262,2020,3158
2262,2021,3176
2262,2022,3145
2262,2023,3119
2280,2012,5230
2280,2013,5486
2280,2014,5819
2280,2015,6118
2280,2016,6257
2280,2017,6250
2280,2018,6232
2280,2019,6293
2280,2020,6255
2280,2021,6183
2280,2022,6103
2280,2023,6027
2281,2012,20925
2281,2013,21180
2281,2014,21683
2281,2015,21845
2281,2016,22367
2281,2017,22530
2281,2018,22528
2281,2019,22620
2281,2020,22564
2281,2021,22800
2281,2022,23026
2281,2023,23362
2282,2012,3247
2282,2013,3286
2282,2014,3313
2282,2015,3389
2282,2016,3668
2282,2017,3685
2282,2018,3648
2282,2019,3687
2282,2020,3636
2282,2021,3585
2282,2022,3547
2282,2023,3445
2283,2012,3537
2283,2013,3644
2283,2014,3807
2283,2015,3905
2283,2016,4127
2283,2017,4200
2283,2018,4137
2283,2019,3899
2283,2020,3788
2283,2021,3703
2283,2022,3741
2283,2023,3638
2284,2012,10581
2284,2013,10630
2284,2014,10965
2284,2015,11284
2284,2016,11645
2284,2017,11991
2284,2018,12127
2284,2019,12156
2284,2020,12106
2284,2021,12155
2284,2022,12087
2284,2023,12123
2303,2012,890
2303,2013,909
2303,2014,897
2303,2015,909
2303,2016,931
2303,2017,965
2303,2018,895
2303,2019,925
2303,2020,861
2303,2021,876
2303,2022,828
2303,2023,834
2305,2012,1064
2305,2013,1052
2305,2014,1073
2305,2015,1129
2305,2016,1163
2305,2017,1172
2305,2018,1111
2305,2019,1067
2305,2020,1019
2305,2021,1030
2305,2022,1035
2305,2023,1019
2309,2012,2062
2309,2013,2088
2309,2014,2083
2309,2015,2142
2309,2016,2163
2309,2017,2222
2309,2018,2109
2309,2019,2151
2309,2020,2129
2309,2021,2079
2309,2022,2063
2309,2023,2074
2313,2012,2080
2313,2013,2046
2313,2014,2108
2313,2015,2055
2313,2016,2154
2313,2017,2186
2313,2018,2151
2313,2019,2133
2313,2020,2103
2313,2021,2069
2313,2022,2109
2313,2023,2005
2321,2012,2014
2321,2013,2017
2321,2014,2091
2321,2015,2105
2321,2016,2188
2321,2017,2286
2321,2018,2329
2321,2019,2301
2321,2020,2328
2321,2021,2326
2321,2022,2284
2321,2023,2238
2326,2012,906
2326,2013,913
2326,2014,923
2326,2015,915
2326,2016,943
2326,2017,1016
2326,2018,998
2326,2019,934
2326,2020,965
2326,2021,969
2326,2022,993
2326,2023,988
2361,2012,1737
2361,2013,1834
2361,2014,1875
2361,2015,1885
2361,2016,1962
2361,2017,1945
2361,2018,1936
2361,2019,1867
2361,2020,1871
2361,2021,1882
2361,2022,1912
2361,2023,1859
2380,2012,18230
2380,2013,18724
2380,2014,19139
2380,2015,19244
2380,2016,19330
2380,2017,19834
2380,2018,19680
2380,2019,19767
2380,2020,19761
2380,2021,20108
2380,2022,20456
2380,2023,20464
2401,2012,1091
2401,2013,1134
2401,2014,1211
2401,2015,1228
2401,2016,1288
2401,2017,1282
2401,2018,1280
2401,2019,1310
2401,2020,1259
2401,2021,1233
2401,2022,1207
2401,2023,1257
2403,2012,304
2403,2013,301
2403,2014,311
2403,2015,360
2403,2016,372
2403,2017,368
2403,2018,386
2403,2019,340
2403,2020,335
2403,2021,376
2403,2022,357
2403,2023,339
2404,2012,645
2404,2013,701
2404,2014,744
2404,2015,769
2404,2016,785
2404,2017,835
2404,2018,833
2404,2019,883
2404,2020,898
2404,2021,888
2404,2022,873
2404,2023,877
2409,2012,792
2409,2013,809
2409,2014,860
2409,2015,865
2409,2016,897
2409,2017,890
2409,2018,935
2409,2019,937
2409,2020,902
2409,2021,894
2409,2022,893
2409,2023,889
2417,2012,729
2417,2013,747
2417,2014,784
2417,2015,813
2417,2016,760
2417,2017,781
2417,2018,792
2417,2019,764
2417,2020,779
2417,2021,756
2417,2022,765
2417,2023,766
2418,2012,578
2418,2013,587
2418,2014,595
2418,2015,613
2418,2016,620
2418,2017,659
2418,2018,654
2418,2019,655
2418,2020,624
2418,2021,642
2418,2022,646
2418,2023,638
2421,2012,707
2421,2013,712
2421,2014,777
2421,2015,783
2421,2016,800
2421,2017,806
2421,2018,835
2421,2019,787
2421,2020,816
2421,2021,790
2421,2022,765
2421,2023,726
2422,2012,411
2422,2013,356
2422,2014,358
2422,2015,349
2422,2016,406
2422,2017,416
2422,2018,419
2422,2019,393
2422,2020,365
2422,2021,392
2422,2022,385
2422,2023,384
2425,2012,605
2425,2013,609
2425,2014,613
2425,2015,663
2425,2016,646
2425,2017,635
2425,2018,576
2425,2019,569
2425,2020,541
2425,2021,511
2425,2022,510
2425,2023,455
2460,2012,1518
2460,2013,1545
2460,2014,1627
2460,2015,1603
2460,2016,1685
2460,2017,1730
2460,2018,1767
2460,2019,1755
2460,2020,1777
2460,2021,1793
2460,2022,1778
2460,2023,1772
2462,2012,1232
2462,2013,1227
2462,2014,1244
2462,2015,1262
2462,2016,1306
2462,2017,1290
2462,2018,1271
2462,2019,1266
2462,2020,1206
2462,2021,1193
2462,2022,1201
2462,2023,1174
2463,2012,427
2463,2013,396
2463,2014,421
2463,2015,433
2463,2016,431
2463,2017,421
2463,2018,403
2463,2019,406
2463,2020,422
2463,2021,418
2463,2022,412
2463,2023,402
2480,2012,40287
2480,2013,40786
2480,2014,41182
2480,2015,41773
2480,2016,42314
2480,2017,43142
2480,2018,43995
2480,2019,45182
2480,2020,45631
2480,2021,46035
2480,2022,46723
2480,2023,47400
2481,2012,3436
2481,2013,3476
2481,2014,3580
2481,2015,3614
2481,2016,3619
2481,2017,3627
2481,2018,3634
2481,2019,3648
2481,2020,3680
2481,2021,3654
2481,2022,3632
2481,2023,3691
2482,2012,14105
2482,2013,14461
2482,2014,14770
2482,2015,14860
2482,2016,15389
2482,2017,15424
2482,2018,15153
2482,2019,15133
2482,2020,15371
2482,2021,15504
2482,2022,16205
2482,2023,17268
2505,2012,1260
2505,2013,1324
2505,2014,1361
2505,2015,1622
2505,2016,1614
2505,2017,1674
2505,2018,1607
2505,2019,1543
2505,2020,1526
2505,2021,1554
2505,2022,1574
2505,2023,1504
2506,2012,559
2506,2013,532
2506,2014,518
2506,2015,538
2506,2016,575
2506,2017,580
2506,2018,556
2506,2019,547
2506,2020,497
2506,2021,488
2506,2022,490
2506,2023,482
2510,2012,1064
2510,2013,1089
2510,2014,1072
2510,2015,1089
2510,2016,1187
2510,2017,1227
2510,2018,1175
2510,2019,1147
2510,2020,1144
2510,2021,1130
2510,2022,1120
2510,2023,1112
2513,2012,619
2513,2013,628
2513,2014,634
2513,2015,656
2513,2016,671
2513,2017,696
2513,2018,681
2513,2019,700
2513,2020,697
2513,2021,693
2513,2022,661
2513,2023,678
2514,2012,2658
2514,2013,2745
2514,2014,2758
2514,2015,2820
2514,2016,2856
2514,2017,2862
2514,2018,2841
2514,2019,2826
2514,2020,2846
2514,2021,2873
2514,2022,2889
2514,2023,2917
2518,2012,679
2518,2013,717
2518,2014,735
2518,2015,718
2518,2016,733
2518,2017,770
2518,2018,743
2518,2019,689
2518,2020,664
2518,2021,662
2518,2022,634
2518,2023,609
2521,2012,859
2521,2013,907
2521,2014,971
2521,2015,961
2521,2016,986
2521,2017,1035
2521,2018,1008
2521,2019,1005
2521,2020,973
2521,2021,997
2521,2022,960
2521,2023,980
2523,2012,4780
2523,2013,4867
2523,2014,4937
2523,2015,4844
2523,2016,4862
2523,2017,4798
2523,2018,4637
2523,2019,4853
2523,2020,4849
2523,2021,4942
2523,2022,4939
2523,2023,5034
2560,2012,1513
2560,2013,1557
2560,2014,1607
2560,2015,1656
2560,2016,1708
2560,2017,1823
2560,2018,1735
2560,2019,1715
2560,2020,1715
2560,2021,1696
2560,2022,1641
2560,2023,1640
2580,2012,24595
2580,2013,24034
2580,2014,24238
2580,2015,24245
2580,2016,23924
2580,2017,24198
2580,2018,24271
2580,2019,24112
2580,2020,24476
2580,2021,24534
2580,2022,25032
2580,2023,25337
2581,2012,9716
2581,2013,9834
2581,2014,10019
2581,2015,10108
2581,2016,10510
2581,2017,10841
2581,2018,10767
2581,2019,10915
2581,2020,10922
2581,2021,10941
2581,2022,11097
2581,2023,11173
2582,2012,7100
2582,2013,7333
2582,2014,7421
2582,2015,7639
2582,2016,7806
2582,2017,7916
2582,2018,7939
2582,2019,7899
2582,2020,7962
2582,2021,8041
2582,2022,8031
2582,2023,7997
2583,2012,1916
2583,2013,1905
2583,2014,1938
2583,2015,2011
2583,2016,2047
2583,2017,2099
2583,2018,2110
2583,2019,2099
2583,2020,2095
2583,2021,2079
2583,2022,2022
2583,2023,1977
2584,2012,6045
2584,2013,6131
2584,2014,6208
2584,2015,6346
2584,2016,6566
2584,2017,6641
2584,2018,6515
2584,2019,6696
2584,2020,6820
2584,2021,6789
2584,2022,6570
2584,2023,6963
