kommun,year,uppform_hyresratt_procent
0114,2012,32.26
0114,2013,31.98
0114,2014,30.83
0114,2015,32.21
0114,2016,31.53
0114,2017,31.58
0114,2018,30.51
0114,2019,30.36
0114,2020,30.07
0114,2021,30.27
0114,2022,30.56
0114,2023,31.05
0115,2012,3.70
0115,2013,3.79
0115,2014,3.93
0115,2015,3.56
0115,2016,3.04
0115,2017,3.13
0115,2018,3.38
0115,2019,4.45
0115,2020,4.34
0115,2021,4.56
0115,2022,5.23
0115,2023,5.49
0117,2012,12.77
0117,2013,12.93
0117,2014,13.12
0117,2015,13.14
0117,2016,13.02
0117,2017,12.69
0117,2018,12.00
0117,2019,11.51
0117,2020,12.04
0117,2021,12.02
0117,2022,11.85
0117,2023,11.81
0120,2012,10.46
0120,2013,10.54
0120,2014,10.76
0120,2015,10.62
0120,2016,10.99
0120,2017,11.32
0120,2018,11.51
0120,2019,11.24
0120,2020,11.14
0120,2021,11.26
0120,2022,11.21
0120,2023,11.64
0123,2012,26.11
0123,2013,24.93
0123,2014,25.01
0123,2015,25.70
0123,2016,26.13
0123,2017,25.59
0123,2018,25.26
0123,2019,24.81
0123,2020,25.19
0123,2021,25.38
0123,2022,26.28
0123,2023,26.66
0125,2012,9.54
0125,2013,9.38
0125,2014,9.27
0125,2015,9.37
0125,2016,10.06
0125,2017,9.84
0125,2018,9.58
0125,2019,9.55
0125,2020,9.55
0125,2021,9.62
0125,2022,9.50
0125,2023,9.52
0126,2012,27.97
0126,2013,27.81
0126,2014,27.67
0126,2015,26.88
0126,2016,27.06
0126,2017,26.94
0126,2018,26.32
0126,2019,25.64
0126,2020,25.42
0126,2021,24.89
0126,2022,24.55
0126,2023,24.32
0127,2012,40.33
0127,2013,40.35
0127,2014,40.33
0127,2015,40.08
0127,2016,40.17
0127,2017,42.55
0127,2018,39.14
0127,2019,38.16
0127,2020,38.24
0127,2021,37.60
0127,2022,37.29
0127,2023,37.12
0128,2012,15.36
0128,2013,15.44
0128,2014,15.56
0128,2015,15.26
0128,2016,15.89
0128,2017,16.20
0128,2018,15.81
0128,2019,15.79
0128,2020,15.89
0128,2021,16.34
0128,2022,16.78
0128,2023,17.00
0136,2012,25.22
0136,2013,25.26
0136,2014,25.55
0136,2015,25.96
0136,2016,25.91
0136,2017,25.95
0136,2018,26.07
0136,2019,25.76
0136,2020,25.51
0136,2021,25.93
0136,2022,26.51
0136,2023,27.32
0138,2012,20.58
0138,2013,20.62
0138,2014,19.71
0138,2015,19.80
0138,2016,20.08
0138,2017,19.67
0138,2018,20.76
0138,2019,21.27
0138,2020,21.34
0138,2021,21.68
0138,2022,21.44
0138,2023,21.47
0139,2012,22.41
0139,2013,22.81
0139,2014,22.42
0139,2015,22.63
0139,2016,23.16
0139,2017,22.73
0139,2018,23.84
0139,2019,24.32
0139,2020,25.52
0139,2021,26.92
0139,2022,28.19
0139,2023,29.46
0140,2012,15.66
0140,2013,15.08
0140,2014,15.19
0140,2015,16.44
0140,2016,16.86
0140,2017,17.02
0140,2018,15.53
0140,2019,15.53
0140,2020,15.26
0140,2021,15.26
0140,2022,16.19
0140,2023,18.00
0160,2012,5.37
0160,2013,5.47
0160,2014,5.58
0160,2015,4.32
0160,2016,4.34
0160,2017,4.30
0160,2018,4.43
0160,2019,4.93
0160,2020,5.49
0160,2021,5.93
0160,2022,6.11
0160,2023,6.74
0162,2012,11.74
0162,2013,11.68
0162,2014,11.70
0162,2015,11.31
0162,2016,8.74
0162,2017,8.93
0162,2018,9.22
0162,2019,9.03
0162,2020,9.11
0162,2021,9.00
0162,2022,9.09
0162,2023,8.95
0163,2012,20.22
0163,2013,20.94
0163,2014,20.69
0163,2015,20.87
0163,2016,20.28
0163,2017,20.27
0163,2018,20.16
0163,2019,19.31
0163,2020,18.71
0163,2021,19.08
0163,2022,19.54
0163,2023,20.14
0180,2012,40.00
0180,2013,39.74
0180,2014,39.72
0180,2015,39.54
0180,2016,39.26
0180,2017,39.20
0180,2018,39.02
0180,2019,38.76
0180,2020,38.54
0180,2021,38.43
0180,2022,38.32
0180,2023,38.21
0181,2012,49.32
0181,2013,49.42
0181,2014,49.30
0181,2015,49.17
0181,2016,48.47
0181,2017,48.36
0181,2018,47.12
0181,2019,47.05
0181,2020,46.49
0181,2021,46.26
0181,2022,46.26
0181,2023,45.91
0182,2012,17.12
0182,2013,16.00
0182,2014,15.21
0182,2015,15.78
0182,2016,14.42
0182,2017,14.21
0182,2018,14.32
0182,2019,14.07
0182,2020,13.92
0182,2021,13.65
0182,2022,13.74
0182,2023,13.96
0183,2012,52.01
0183,2013,51.26
0183,2014,50.45
0183,2015,50.03
0183,2016,49.80
0183,2017,45.38
0183,2018,42.37
0183,2019,41.60
0183,2020,41.21
0183,2021,41.43
0183,2022,41.67
0183,2023,42.63
0184,2012,34.42
0184,2013,33.74
0184,2014,33.60
0184,2015,34.06
0184,2016,33.31
0184,2017,32.36
0184,2018,32.07
0184,2019,31.59
0184,2020,31.17
0184,2021,30.96
0184,2022,30.60
0184,2023,30.02
0186,2012,20.85
0186,2013,21.21
0186,2014,21.34
0186,2015,21.52
0186,2016,21.73
0186,2017,21.72
0186,2018,22.13
0186,2019,22.22
0186,2020,21.72
0186,2021,21.84
0186,2022,22.05
0186,2023,22.00
0187,2012,9.18
0187,2013,9.31
0187,2014,9.51
0187,2015,9.25
0187,2016,9.84
0187,2017,9.44
0187,2018,10.10
0187,2019,9.61
0187,2020,9.33
0187,2021,9.14
0187,2022,9.17
0187,2023,8.96
0188,2012,14.21
0188,2013,15.02
0188,2014,15.64
0188,2015,15.92
0188,2016,16.38
0188,2017,16.05
0188,2018,15.99
0188,2019,16.17
0188,2020,16.17
0188,2021,16.14
0188,2022,16.76
0188,2023,17.01
0191,2012,35.07
0191,2013,35.61
0191,2014,35.76
0191,2015,36.65
0191,2016,36.83
0191,2017,37.22
0191,2018,37.63
0191,2019,36.60
0191,2020,36.75
0191,2021,36.55
0191,2022,37.05
0191,2023,37.34
0192,2012,27.66
0192,2013,28.14
0192,2014,27.11
0192,2015,27.36
0192,2016,27.75
0192,2017,28.21
0192,2018,28.36
0192,2019,28.69
0192,2020,28.77
0192,2021,29.79
0192,2022,30.26
0192,2023,30.64
0305,2012,15.30
0305,2013,15.55
0305,2014,15.62
0305,2015,15.48
0305,2016,15.49
0305,2017,15.71
0305,2018,15.66
0305,2019,16.21
0305,2020,16.14
0305,2021,15.94
0305,2022,16.85
0305,2023,17.92
0319,2012,20.69
0319,2013,21.30
0319,2014,21.88
0319,2015,22.81
0319,2016,23.60
0319,2017,24.18
0319,2018,23.39
0319,2019,23.22
0319,2020,23.76
0319,2021,23.98
0319,2022,24.20
0319,2023,23.81
0330,2012,12.03
0330,2013,12.12
0330,2014,12.54
0330,2015,12.05
0330,2016,10.90
0330,2017,11.46
0330,2018,10.66
0330,2019,10.78
0330,2020,11.94
0330,2021,12.97
0330,2022,13.33
0330,2023,14.90
0331,2012,13.72
0331,2013,13.72
0331,2014,14.11
0331,2015,14.65
0331,2016,15.53
0331,2017,15.75
0331,2018,15.54
0331,2019,15.89
0331,2020,15.95
0331,2021,16.22
0331,2022,16.03
0331,2023,16.15
0360,2012,21.26
0360,2013,21.87
0360,2014,22.46
0360,2015,23.36
0360,2016,23.52
0360,2017,24.12
0360,2018,24.18
0360,2019,24.26
0360,2020,24.63
0360,2021,24.91
0360,2022,24.50
0360,2023,24.55
0380,2012,27.61
0380,2013,27.99
0380,2014,27.95
0380,2015,27.77
0380,2016,27.93
0380,2017,28.44
0380,2018,28.80
0380,2019,28.95
0380,2020,28.89
0380,2021,29.61
0380,2022,30.11
0380,2023,30.47
0381,2012,22.82
0381,2013,22.67
0381,2014,23.29
0381,2015,23.80
0381,2016,23.37
0381,2017,23.49
0381,2018,23.44
0381,2019,22.89
0381,2020,24.04
0381,2021,24.89
0381,2022,25.39
0381,2023,25.51
0382,2012,15.67
0382,2013,15.54
0382,2014,15.11
0382,2015,15.63
0382,2016,16.10
0382,2017,16.19
0382,2018,16.09
0382,2019,16.13
0382,2020,16.06
0382,2021,15.99
0382,2022,16.17
0382,2023,16.30
0428,2012,20.51
0428,2013,22.06
0428,2014,22.81
0428,2015,23.70
0428,2016,25.04
0428,2017,25.94
0428,2018,25.92
0428,2019,26.40
0428,2020,26.51
0428,2021,25.91
0428,2022,24.83
0428,2023,24.79
0461,2012,21.67
0461,2013,22.06
0461,2014,22.46
0461,2015,22.98
0461,2016,23.07
0461,2017,22.68
0461,2018,21.73
0461,2019,21.14
0461,2020,21.32
0461,2021,22.06
0461,2022,21.74
0461,2023,21.75
0480,2012,27.20
0480,2013,27.69
0480,2014,27.86
0480,2015,28.80
0480,2016,28.63
0480,2017,28.65
0480,2018,28.80
0480,2019,29.09
0480,2020,29.41
0480,2021,29.70
0480,2022,30.12
0480,2023,30.15
0481,2012,23.50
0481,2013,24.44
0481,2014,25.52
0481,2015,25.87
0481,2016,26.79
0481,2017,27.05
0481,2018,27.01
0481,2019,26.50
0481,2020,26.91
0481,2021,27.03
0481,2022,26.55
0481,2023,26.71
0482,2012,28.16
0482,2013,30.07
0482,2014,30.94
0482,2015,32.31
0482,2016,33.71
0482,2017,34.03
0482,2018,34.34
0482,2019,34.34
0482,2020,34.30
0482,2021,34.46
0482,2022,33.85
0482,2023,32.81
0483,2012,36.12
0483,2013,37.04
0483,2014,38.30
0483,2015,38.87
0483,2016,38.98
0483,2017,39.54
0483,2018,39.88
0483,2019,39.99
0483,2020,39.53
0483,2021,39.51
0483,2022,39.22
0483,2023,38.77
0484,2012,40.78
0484,2013,41.06
0484,2014,41.71
0484,2015,42.09
0484,2016,42.16
0484,2017,42.17
0484,2018,42.38
0484,2019,42.23
0484,2020,41.60
0484,2021,41.29
0484,2022,41.12
0484,2023,40.91
0486,2012,26.56
0486,2013,27.21
0486,2014,27.28
0486,2015,26.91
0486,2016,27.24
0486,2017,27.30
0486,2018,27.22
0486,2019,27.21
0486,2020,27.02
0486,2021,27.21
0486,2022,26.99
0486,2023,28.11
0488,2012,18.74
0488,2013,19.01
0488,2014,19.41
0488,2015,19.33
0488,2016,19.52
0488,2017,18.67
0488,2018,19.38
0488,2019,18.75
0488,2020,19.52
0488,2021,19.33
0488,2022,19.51
0488,2023,19.15
0509,2012,14.92
0509,2013,15.25
0509,2014,15.17
0509,2015,15.66
0509,2016,16.89
0509,2017,17.24
0509,2018,17.00
0509,2019,16.98
0509,2020,16.99
0509,2021,17.05
0509,2022,16.95
0509,2023,16.80
0512,2012,12.90
0512,2013,13.05
0512,2014,13.22
0512,2015,14.19
0512,2016,14.94
0512,2017,15.54
0512,2018,14.85
0512,2019,14.46
0512,2020,13.90
0512,2021,13.59
0512,2022,13.58
0512,2023,13.47
0513,2012,19.24
0513,2013,19.92
0513,2014,20.84
0513,2015,21.82
0513,2016,21.60
0513,2017,22.04
0513,2018,22.06
0513,2019,22.18
0513,2020,21.88
0513,2021,22.16
0513,2022,22.27
0513,2023,21.90
0560,2012,17.38
0560,2013,17.98
0560,2014,18.26
0560,2015,18.79
0560,2016,18.76
0560,2017,19.05
0560,2018,19.01
0560,2019,19.12
0560,2020,18.56
0560,2021,18.96
0560,2022,18.66
0560,2023,18.23
0561,2012,19.05
0561,2013,19.38
0561,2014,20.17
0561,2015,21.07
0561,2016,21.35
0561,2017,21.49
0561,2018,21.45
0561,2019,21.27
0561,2020,21.00
0561,2021,20.90
0561,2022,21.21
0561,2023,21.34
0562,2012,24.75
0562,2013,25.12
0562,2014,25.93
0562,2015,25.95
0562,2016,26.80
0562,2017,27.31
0562,2018,27.62
0562,2019,27.77
0562,2020,27.68
0562,2021,28.11
0562,2022,28.51
0562,2023,28.07
0563,2012,18.97
0563,2013,19.42
0563,2014,20.28
0563,2015,21.44
0563,2016,21.90
0563,2017,22.55
0563,2018,22.35
0563,2019,22.06
0563,2020,20.98
0563,2021,20.23
0563,2022,20.58
0563,2023,20.22
0580,2012,40.40
0580,2013,40.56
0580,2014,40.85
0580,2015,40.70
0580,2016,40.68
0580,2017,40.70
0580,2018,40.11
0580,2019,40.06
0580,2020,40.17
0580,2021,40.20
0580,2022,40.17
0580,2023,39.90
0581,2012,41.51
0581,2013,41.83
0581,2014,42.10
0581,2015,42.16
0581,2016,42.10
0581,2017,42.22
0581,2018,41.86
0581,2019,41.98
0581,2020,42.04
0581,2021,42.06
0581,2022,41.91
0581,2023,41.68
0582,2012,24.17
0582,2013,24.35
0582,2014,24.85
0582,2015,25.26
0582,2016,25.44
0582,2017,25.26
0582,2018,25.43
0582,2019,25.89
0582,2020,25.47
0582,2021,25.09
0582,2022,25.12
0582,2023,25.28
0583,2012,32.42
0583,2013,32.96
0583,2014,33.26
0583,2015,33.79
0583,2016,34.22
0583,2017,34.37
0583,2018,34.50
0583,2019,34.80
0583,2020,34.81
0583,2021,34.99
0583,2022,34.70
0583,2023,34.58
0584,2012,26.48
0584,2013,27.14
0584,2014,27.62
0584,2015,27.61
0584,2016,28.25
0584,2017,28.62
0584,2018,29.33
0584,2019,28.81
0584,2020,28.96
0584,2021,29.68
0584,2022,29.38
0584,2023,29.23
0586,2012,25.70
0586,2013,26.48
0586,2014,27.10
0586,2015,27.54
0586,2016,28.17
0586,2017,28.16
0586,2018,28.28
0586,2019,28.15
0586,2020,27.29
0586,2021,27.39
0586,2022,26.73
0586,2023,27.30
0604,2012,14.58
0604,2013,14.87
0604,2014,14.99
0604,2015,15.99
0604,2016,16.34
0604,2017,17.52
0604,2018,17.92
0604,2019,17.95
0604,2020,17.96
0604,2021,17.64
0604,2022,17.13
0604,2023,17.53
0617,2012,20.24
0617,2013,21.31
0617,2014,22.31
0617,2015,23.03
0617,2016,23.73
0617,2017,23.92
0617,2018,24.46
0617,2019,24.24
0617,2020,23.94
0617,2021,23.76
0617,2022,23.42
0617,2023,22.94
0642,2012,16.22
0642,2013,16.24
0642,2014,16.16
0642,2015,16.45
0642,2016,16.43
0642,2017,16.65
0642,2018,16.58
0642,2019,16.98
0642,2020,16.99
0642,2021,17.16
0642,2022,17.29
0642,2023,16.60
0643,2012,10.95
0643,2013,11.42
0643,2014,10.79
0643,2015,10.65
0643,2016,10.88
0643,2017,11.45
0643,2018,11.66
0643,2019,10.97
0643,2020,11.07
0643,2021,10.87
0643,2022,10.65
0643,2023,10.50
0662,2012,21.88
0662,2013,22.32
0662,2014,22.79
0662,2015,24.47
0662,2016,25.05
0662,2017,25.66
0662,2018,26.06
0662,2019,26.14
0662,2020,25.77
0662,2021,25.42
0662,2022,25.39
0662,2023,24.97
0665,2012,19.90
0665,2013,20.08
0665,2014,20.30
0665,2015,20.89
0665,2016,21.56
0665,2017,21.21
0665,2018,21.09
0665,2019,21.77
0665,2020,22.34
0665,2021,21.71
0665,2022,21.54
0665,2023,21.43
0680,2012,31.18
0680,2013,31.49
0680,2014,32.16
0680,2015,32.55
0680,2016,32.95
0680,2017,33.24
0680,2018,33.39
0680,2019,33.33
0680,2020,33.27
0680,2021,33.45
0680,2022,33.81
0680,2023,33.63
0682,2012,24.89
0682,2013,25.40
0682,2014,26.47
0682,2015,27.07
0682,2016,27.85
0682,2017,28.37
0682,2018,28.55
0682,2019,28.43
0682,2020,28.25
0682,2021,28.19
0682,2022,28.33
0682,2023,28.06
0683,2012,23.49
0683,2013,23.92
0683,2014,24.29
0683,2015,24.86
0683,2016,25.43
0683,2017,25.78
0683,2018,26.03
0683,2019,26.27
0683,2020,26.63
0683,2021,26.61
0683,2022,26.61
0683,2023,26.82
0684,2012,16.88
0684,2013,18.09
0684,2014,19.23
0684,2015,21.75
0684,2016,21.95
0684,2017,21.98
0684,2018,22.59
0684,2019,22.00
0684,2020,21.87
0684,2021,21.80
0684,2022,21.56
0684,2023,21.03
0685,2012,20.87
0685,2013,21.22
0685,2014,21.67
0685,2015,22.34
0685,2016,23.38
0685,2017,23.13
0685,2018,23.71
0685,2019,23.64
0685,2020,23.46
0685,2021,23.45
0685,2022,23.68
0685,2023,23.77
0686,2012,25.83
0686,2013,26.20
0686,2014,26.82
0686,2015,27.64
0686,2016,29.10
0686,2017,29.96
0686,2018,30.26
0686,2019,30.10
0686,2020,30.15
0686,2021,30.40
0686,2022,30.27
0686,2023,30.07
0687,2012,30.81
0687,2013,31.10
0687,2014,31.93
0687,2015,33.03
0687,2016,33.47
0687,2017,33.38
0687,2018,33.55
0687,2019,33.78
0687,2020,33.42
0687,2021,33.47
0687,2022,33.50
0687,2023,33.21
0760,2012,18.88
0760,2013,19.53
0760,2014,19.46
0760,2015,20.28
0760,2016,21.20
0760,2017,21.86
0760,2018,22.37
0760,2019,22.74
0760,2020,22.48
0760,2021,22.18
0760,2022,22.47
0760,2023,21.53
0761,2012,19.10
0761,2013,19.75
0761,2014,22.78
0761,2015,24.27
0761,2016,25.80
0761,2017,26.94
0761,2018,27.39
0761,2019,27.05
0761,2020,26.48
0761,2021,26.14
0761,2022,25.49
0761,2023,25.05
0763,2012,16.15
0763,2013,16.63
0763,2014,17.48
0763,2015,18.74
0763,2016,19.17
0763,2017,19.32
0763,2018,19.27
0763,2019,19.49
0763,2020,19.57
0763,2021,19.90
0763,2022,19.38
0763,2023,19.09
0764,2012,20.71
0764,2013,22.09
0764,2014,22.87
0764,2015,23.13
0764,2016,23.74
0764,2017,24.02
0764,2018,24.53
0764,2019,24.42
0764,2020,24.63
0764,2021,23.96
0764,2022,23.71
0764,2023,22.75
0765,2012,21.31
0765,2013,21.27
0765,2014,22.13
0765,2015,22.98
0765,2016,23.87
0765,2017,25.55
0765,2018,25.74
0765,2019,25.64
0765,2020,25.17
0765,2021,24.80
0765,2022,25.34
0765,2023,24.80
0767,2012,19.64
0767,2013,19.85
0767,2014,21.07
0767,2015,22.68
0767,2016,23.38
0767,2017,23.83
0767,2018,25.38
0767,2019,25.89
0767,2020,25.50
0767,2021,24.91
0767,2022,24.91
0767,2023,24.65
0780,2012,35.67
0780,2013,36.01
0780,2014,36.69
0780,2015,36.77
0780,2016,36.67
0780,2017,36.37
0780,2018,35.87
0780,2019,35.71
0780,2020,35.82
0780,2021,35.88
0780,2022,36.36
0780,2023,36.43
0781,2012,22.55
0781,2013,22.87
0781,2014,23.83
0781,2015,24.51
0781,2016,24.95
0781,2017,25.33
0781,2018,25.93
0781,2019,25.83
0781,2020,25.91
0781,2021,25.81
0781,2022,25.86
0781,2023,25.67
0821,2012,15.39
0821,2013,15.76
0821,2014,16.41
0821,2015,17.47
0821,2016,19.72
0821,2017,19.48
0821,2018,19.56
0821,2019,18.78
0821,2020,17.68
0821,2021,16.76
0821,2022,15.47
0821,2023,15.37
0834,2012,12.31
0834,2013,13.52
0834,2014,12.94
0834,2015,13.77
0834,2016,13.92
0834,2017,14.77
0834,2018,15.06
0834,2019,15.37
0834,2020,15.07
0834,2021,14.61
0834,2022,14.44
0834,2023,14.00
0840,2012,10.76
0840,2013,10.92
0840,2014,10.79
0840,2015,11.21
0840,2016,11.20
0840,2017,11.46
0840,2018,11.60
0840,2019,11.75
0840,2020,11.58
0840,2021,12.24
0840,2022,11.98
0840,2023,12.17
0860,2012,22.70
0860,2013,23.93
0860,2014,24.49
0860,2015,25.96
0860,2016,27.89
0860,2017,28.38
0860,2018,27.31
0860,2019,26.98
0860,2020,26.51
0860,2021,26.04
0860,2022,25.95
0860,2023,25.52
0861,2012,18.17
0861,2013,19.10
0861,2014,19.29
0861,2015,20.12
0861,2016,20.97
0861,2017,21.17
0861,2018,21.83
0861,2019,21.79
0861,2020,21.25
0861,2021,20.93
0861,2022,20.56
0861,2023,20.20
0862,2012,14.98
0862,2013,15.34
0862,2014,16.43
0862,2015,16.84
0862,2016,17.12
0862,2017,18.27
0862,2018,18.84
0862,2019,18.75
0862,2020,18.80
0862,2021,18.68
0862,2022,18.27
0862,2023,17.42
0880,2012,31.84
0880,2013,31.87
0880,2014,32.01
0880,2015,32.22
0880,2016,32.27
0880,2017,32.53
0880,2018,32.69
0880,2019,33.20
0880,2020,33.69
0880,2021,33.59
0880,2022,33.95
0880,2023,34.06
0881,2012,24.61
0881,2013,24.95
0881,2014,25.73
0881,2015,26.09
0881,2016,27.09
0881,2017,28.04
0881,2018,28.10
0881,2019,27.83
0881,2020,27.13
0881,2021,26.96
0881,2022,26.98
0881,2023,26.70
0882,2012,24.94
0882,2013,25.09
0882,2014,25.34
0882,2015,25.81
0882,2016,26.25
0882,2017,26.67
0882,2018,26.78
0882,2019,27.15
0882,2020,27.29
0882,2021,27.25
0882,2022,27.03
0882,2023,27.16
0883,2012,23.70
0883,2013,23.83
0883,2014,24.68
0883,2015,24.98
0883,2016,25.36
0883,2017,25.87
0883,2018,26.06
0883,2019,25.77
0883,2020,25.73
0883,2021,25.79
0883,2022,25.71
0883,2023,25.43
0884,2012,24.13
0884,2013,24.40
0884,2014,24.46
0884,2015,25.33
0884,2016,26.03
0884,2017,26.51
0884,2018,26.87
0884,2019,26.43
0884,2020,26.24
0884,2021,25.97
0884,2022,25.99
0884,2023,25.98
0885,2012,12.00
0885,2013,12.25
0885,2014,12.31
0885,2015,13.09
0885,2016,12.91
0885,2017,13.12
0885,2018,13.00
0885,2019,13.53
0885,2020,13.43
0885,2021,13.60
0885,2022,13.77
0885,2023,13.61
0980,2012,21.34
0980,2013,21.31
0980,2014,21.49
0980,2015,21.74
0980,2016,21.98
0980,2017,21.54
0980,2018,21.67
0980,2019,21.44
0980,2020,21.51
0980,2021,21.46
0980,2022,21.43
0980,2023,21.28
1060,2012,22.32
1060,2013,22.76
1060,2014,23.97
1060,2015,25.08
1060,2016,25.63
1060,2017,25.94
1060,2018,26.73
1060,2019,26.42
1060,2020,26.26
1060,2021,26.14
1060,2022,26.32
1060,2023,26.04
1080,2012,28.07
1080,2013,28.50
1080,2014,28.91
1080,2015,29.63
1080,2016,29.93
1080,2017,29.88
1080,2018,29.74
1080,2019,29.55
1080,2020,29.41
1080,2021,29.15
1080,2022,29.12
1080,2023,29.05
1081,2012,21.76
1081,2013,22.27
1081,2014,23.14
1081,2015,24.38
1081,2016,25.13
1081,2017,25.93
1081,2018,25.98
1081,2019,25.63
1081,2020,25.15
1081,2021,24.86
1081,2022,25.17
1081,2023,25.05
1082,2012,23.87
1082,2013,24.42
1082,2014,25.51
1082,2015,25.68
1082,2016,25.84
1082,2017,26.38
1082,2018,26.70
1082,2019,26.63
1082,2020,26.55
1082,2021,26.73
1082,2022,26.51
1082,2023,26.38
1083,2012,18.72
1083,2013,18.79
1083,2014,19.11
1083,2015,19.29
1083,2016,20.00
1083,2017,20.38
1083,2018,20.72
1083,2019,20.77
1083,2020,20.74
1083,2021,21.35
1083,2022,21.27
1083,2023,21.06
1214,2012,16.39
1214,2013,16.63
1214,2014,16.77
1214,2015,17.36
1214,2016,17.40
1214,2017,18.43
1214,2018,18.72
1214,2019,18.69
1214,2020,19.04
1214,2021,19.06
1214,2022,18.82
1214,2023,18.98
1230,2012,15.98
1230,2013,15.59
1230,2014,15.92
1230,2015,15.87
1230,2016,15.85
1230,2017,15.74
1230,2018,15.41
1230,2019,14.76
1230,2020,14.39
1230,2021,15.18
1230,2022,14.92
1230,2023,14.66
1231,2012,34.95
1231,2013,34.68
1231,2014,35.77
1231,2015,35.57
1231,2016,35.28
1231,2017,34.76
1231,2018,34.56
1231,2019,36.09
1231,2020,37.08
1231,2021,38.66
1231,2022,38.93
1231,2023,38.84
1233,2012,6.93
1233,2013,6.97
1233,2014,7.08
1233,2015,7.08
1233,2016,7.36
1233,2017,7.34
1233,2018,7.43
1233,2019,7.25
1233,2020,7.18
1233,2021,7.37
1233,2022,7.52
1233,2023,7.67
1256,2012,19.41
1256,2013,20.16
1256,2014,20.88
1256,2015,21.64
1256,2016,22.64
1256,2017,23.68
1256,2018,24.12
1256,2019,23.86
1256,2020,23.59
1256,2021,23.24
1256,2022,22.65
1256,2023,22.24
1257,2012,17.60
1257,2013,17.24
1257,2014,17.86
1257,2015,18.43
1257,2016,18.47
1257,2017,19.36
1257,2018,19.43
1257,2019,19.99
1257,2020,20.37
1257,2021,20.29
1257,2022,20.18
1257,2023,20.89
1260,2012,17.33
1260,2013,17.29
1260,2014,17.63
1260,2015,18.26
1260,2016,18.71
1260,2017,19.16
1260,2018,19.20
1260,2019,19.40
1260,2020,19.99
1260,2021,20.11
1260,2022,20.61
1260,2023,21.96
1261,2012,16.70
1261,2013,16.74
1261,2014,16.91
1261,2015,16.92
1261,2016,17.23
1261,2017,17.60
1261,2018,17.99
1261,2019,18.11
1261,2020,18.04
1261,2021,18.16
1261,2022,18.36
1261,2023,18.30
1262,2012,4.63
1262,2013,4.40
1262,2014,4.38
1262,2015,4.54
1262,2016,4.85
1262,2017,4.96
1262,2018,6.10
1262,2019,6.35
1262,2020,6.08
1262,2021,6.08
1262,2022,6.22
1262,2023,6.13
1263,2012,13.49
1263,2013,13.46
1263,2014,14.11
1263,2015,14.34
1263,2016,14.61
1263,2017,14.56
1263,2018,14.91
1263,2019,14.31
1263,2020,14.08
1263,2021,14.28
1263,2022,14.06
1263,2023,14.41
1264,2012,20.37
1264,2013,20.81
1264,2014,21.23
1264,2015,21.68
1264,2016,22.55
1264,2017,22.52
1264,2018,22.09
1264,2019,22.27
1264,2020,22.42
1264,2021,23.28
1264,2022,23.98
1264,2023,23.79
1265,2012,11.42
1265,2013,11.92
1265,2014,11.98
1265,2015,11.92
1265,2016,12.30
1265,2017,12.64
1265,2018,12.57
1265,2019,12.90
1265,2020,12.91
1265,2021,12.79
1265,2022,12.75
1265,2023,12.87
1266,2012,18.70
1266,2013,18.70
1266,2014,18.85
1266,2015,19.18
1266,2016,19.32
1266,2017,19.54
1266,2018,19.09
1266,2019,19.19
1266,2020,19.07
1266,2021,18.63
1266,2022,18.52
1266,2023,18.47
1267,2012,12.95
1267,2013,12.74
1267,2014,12.97
1267,2015,13.30
1267,2016,13.17
1267,2017,13.63
1267,2018,13.72
1267,2019,13.68
1267,2020,13.76
1267,2021,13.88
1267,2022,14.11
1267,2023,14.32
1270,2012,20.00
1270,2013,20.29
1270,2014,20.30
1270,2015,20.46
1270,2016,20.71
1270,2017,20.50
1270,2018,20.42
1270,2019,20.63
1270,2020,20.56
1270,2021,20.65
1270,2022,21.05
1270,2023,20.97
1272,2012,17.71
1272,2013,17.90
1272,2014,18.12
1272,2015,18.42
1272,2016,18.78
1272,2017,19.84
1272,2018,20.98
1272,2019,20.82
1272,2020,20.63
1272,2021,19.75
1272,2022,19.81
1272,2023,19.17
1273,2012,18.34
1273,2013,18.29
1273,2014,18.68
1273,2015,19.67
1273,2016,20.63
1273,2017,21.51
1273,2018,21.60
1273,2019,21.67
1273,2020,21.59
1273,2021,21.31
1273,2022,20.88
1273,2023,20.56
1275,2012,25.08
1275,2013,26.12
1275,2014,26.23
1275,2015,26.33
1275,2016,27.31
1275,2017,26.94
1275,2018,27.61
1275,2019,27.46
1275,2020,27.34
1275,2021,28.47
1275,2022,28.68
1275,2023,28.12
1276,2012,18.76
1276,2013,19.07
1276,2014,19.16
1276,2015,19.55
1276,2016,20.05
1276,2017,20.10
1276,2018,20.63
1276,2019,21.25
1276,2020,20.99
1276,2021,21.16
1276,2022,21.08
1276,2023,21.24
1277,2012,28.05
1277,2013,28.59
1277,2014,29.17
1277,2015,29.83
1277,2016,30.33
1277,2017,30.41
1277,2018,30.15
1277,2019,30.09
1277,2020,30.20
1277,2021,30.36
1277,2022,30.26
1277,2023,30.11
1278,2012,15.52
1278,2013,15.90
1278,2014,16.59
1278,2015,16.41
1278,2016,16.60
1278,2017,17.63
1278,2018,18.49
1278,2019,18.54
1278,2020,18.48
1278,2021,18.83
1278,2022,19.00
1278,2023,18.55
1280,2012,40.99
1280,2013,41.18
1280,2014,41.61
1280,2015,41.74
1280,2016,42.35
1280,2017,42.69
1280,2018,42.62
1280,2019,42.55
1280,2020,42.54
1280,2021,42.81
1280,2022,42.97
1280,2023,42.95
1281,2012,32.81
1281,2013,32.97
1281,2014,33.08
1281,2015,32.93
1281,2016,33.09
1281,2017,33.72
1281,2018,33.92
1281,2019,34.36
1281,2020,35.10
1281,2021,35.11
1281,2022,35.49
1281,2023,36.04
1282,2012,44.98
1282,2013,45.34
1282,2014,45.38
1282,2015,45.14
1282,2016,45.10
1282,2017,45.02
1282,2018,44.40
1282,2019,43.33
1282,2020,42.69
1282,2021,42.37
1282,2022,42.03
1282,2023,41.78
1283,2012,37.42
1283,2013,37.45
1283,2014,37.86
1283,2015,38.31
1283,2016,38.67
1283,2017,38.70
1283,2018,39.25
1283,2019,39.41
1283,2020,39.42
1283,2021,39.69
1283,2022,39.92
1283,2023,40.07
1284,2012,16.74
1284,2013,16.74
1284,2014,17.33
1284,2015,17.83
1284,2016,18.10
1284,2017,18.04
1284,2018,18.30
1284,2019,18.40
1284,2020,18.50
1284,2021,18.66
1284,2022,18.68
1284,2023,18.87
1285,2012,23.31
1285,2013,23.88
1285,2014,24.45
1285,2015,24.88
1285,2016,25.71
1285,2017,26.35
1285,2018,26.62
1285,2019,26.88
1285,2020,26.97
1285,2021,27.68
1285,2022,28.05
1285,2023,28.55
1286,2012,23.21
1286,2013,23.39
1286,2014,24.25
1286,2015,24.63
1286,2016,25.04
1286,2017,25.03
1286,2018,24.85
1286,2019,24.69
1286,2020,25.10
1286,2021,25.39
1286,2022,25.87
1286,2023,26.49
1287,2012,22.64
1287,2013,22.97
1287,2014,23.54
1287,2015,24.00
1287,2016,24.38
1287,2017,24.92
1287,2018,24.94
1287,2019,25.03
1287,2020,24.88
1287,2021,24.88
1287,2022,25.22
1287,2023,25.21
1290,2012,28.97
1290,2013,29.46
1290,2014,29.80
1290,2015,30.23
1290,2016,30.66
1290,2017,31.06
1290,2018,31.15
1290,2019,31.51
1290,2020,31.60
1290,2021,31.66
1290,2022,31.67
1290,2023,31.63
1291,2012,19.70
1291,2013,19.81
1291,2014,20.30
1291,2015,21.47
1291,2016,22.23
1291,2017,22.52
1291,2018,22.92
1291,2019,23.03
1291,2020,22.79
1291,2021,23.46
1291,2022,23.60
1291,2023,23.39
1292,2012,25.60
1292,2013,25.76
1292,2014,26.50
1292,2015,27.04
1292,2016,27.16
1292,2017,27.39
1292,2018,27.26
1292,2019,27.16
1292,2020,26.82
1292,2021,27.17
1292,2022,27.55
1292,2023,27.89
1293,2012,21.60
1293,2013,22.01
1293,2014,22.16
1293,2015,22.88
1293,2016,23.29
1293,2017,23.40
1293,2018,23.23
1293,2019,23.52
1293,2020,23.38
1293,2021,23.70
1293,2022,23.96
1293,2023,24.13
1315,2012,20.36
1315,2013,20.62
1315,2014,22.26
1315,2015,24.03
1315,2016,25.85
1315,2017,25.70
1315,2018,25.22
1315,2019,25.75
1315,2020,24.42
1315,2021,24.08
1315,2022,24.01
1315,2023,23.46
1380,2012,33.37
1380,2013,33.69
1380,2014,34.13
1380,2015,34.38
1380,2016,35.26
1380,2017,35.51
1380,2018,35.97
1380,2019,36.67
1380,2020,37.01
1380,2021,37.09
1380,2022,37.21
1380,2023,37.06
1381,2012,15.22
1381,2013,15.62
1381,2014,16.16
1381,2015,16.80
1381,2016,17.32
1381,2017,17.99
1381,2018,18.14
1381,2019,18.89
1381,2020,18.91
1381,2021,18.91
1381,2022,19.45
1381,2023,18.71
1382,2012,19.08
1382,2013,19.41
1382,2014,19.95
1382,2015,20.30
1382,2016,20.45
1382,2017,20.55
1382,2018,20.59
1382,2019,20.52
1382,2020,20.88
1382,2021,21.32
1382,2022,21.33
1382,2023,21.25
1383,2012,27.72
1383,2013,27.46
1383,2014,27.55
1383,2015,27.39
1383,2016,27.42
1383,2017,27.30
1383,2018,27.22
1383,2019,26.65
1383,2020,26.55
1383,2021,26.70
1383,2022,26.80
1383,2023,26.92
1384,2012,14.58
1384,2013,14.91
1384,2014,14.84
1384,2015,14.94
1384,2016,14.48
1384,2017,14.74
1384,2018,15.15
1384,2019,15.19
1384,2020,15.46
1384,2021,15.57
1384,2022,15.87
1384,2023,15.90
1401,2012,14.41
1401,2013,14.40
1401,2014,15.04
1401,2015,15.03
1401,2016,15.28
1401,2017,15.36
1401,2018,15.63
1401,2019,15.38
1401,2020,15.78
1401,2021,16.99
1401,2022,17.48
1401,2023,17.78
1402,2012,28.04
1402,2013,27.97
1402,2014,27.93
1402,2015,27.75
1402,2016,27.41
1402,2017,28.29
1402,2018,27.86
1402,2019,27.75
1402,2020,27.65
1402,2021,27.66
1402,2022,27.51
1402,2023,27.76
1407,2012,8.19
1407,2013,7.15
1407,2014,8.06
1407,2015,7.68
1407,2016,8.03
1407,2017,8.58
1407,2018,8.68
1407,2019,8.39
1407,2020,8.25
1407,2021,8.64
1407,2022,8.61
1407,2023,8.67
1415,2012,18.09
1415,2013,18.04
1415,2014,18.26
1415,2015,18.48
1415,2016,18.47
1415,2017,18.97
1415,2018,18.71
1415,2019,18.44
1415,2020,18.47
1415,2021,18.68
1415,2022,18.95
1415,2023,19.00
1419,2012,7.96
1419,2013,7.92
1419,2014,8.63
1419,2015,8.27
1419,2016,8.21
1419,2017,8.53
1419,2018,8.53
1419,2019,9.13
1419,2020,8.96
1419,2021,9.01
1419,2022,9.00
1419,2023,9.46
1421,2012,11.74
1421,2013,11.75
1421,2014,11.64
1421,2015,11.65
1421,2016,12.01
1421,2017,12.21
1421,2018,12.17
1421,2019,12.39
1421,2020,12.59
1421,2021,12.75
1421,2022,13.03
1421,2023,13.11
1427,2012,22.57
1427,2013,22.80
1427,2014,22.47
1427,2015,22.67
1427,2016,23.49
1427,2017,23.55
1427,2018,24.26
1427,2019,24.77
1427,2020,24.37
1427,2021,24.62
1427,2022,25.19
1427,2023,25.30
1430,2012,15.68
1430,2013,16.21
1430,2014,16.45
1430,2015,17.32
1430,2016,17.51
1430,2017,18.34
1430,2018,18.84
1430,2019,18.89
1430,2020,18.92
1430,2021,19.16
1430,2022,18.90
1430,2023,18.68
1435,2012,14.91
1435,2013,14.58
1435,2014,14.57
1435,2015,14.80
1435,2016,14.65
1435,2017,14.80
1435,2018,15.68
1435,2019,15.72
1435,2020,16.08
1435,2021,16.19
1435,2022,15.96
1435,2023,15.84
1438,2012,19.01
1438,2013,19.51
1438,2014,19.65
1438,2015,21.05
1438,2016,21.00
1438,2017,21.86
1438,2018,22.35
1438,2019,23.04
1438,2020,22.31
1438,2021,22.16
1438,2022,22.00
1438,2023,22.12
1439,2012,15.99
1439,2013,16.33
1439,2014,17.36
1439,2015,17.40
1439,2016,18.32
1439,2017,18.49
1439,2018,18.45
1439,2019,18.68
1439,2020,19.13
1439,2021,18.98
1439,2022,18.32
1439,2023,17.97
1440,2012,19.92
1440,2013,19.79
1440,2014,19.96
1440,2015,20.40
1440,2016,20.38
1440,2017,20.61
1440,2018,20.25
1440,2019,19.99
1440,2020,19.76
1440,2021,19.59
1440,2022,20.32
1440,2023,20.33
1441,2012,10.46
1441,2013,10.61
1441,2014,10.52
1441,2015,10.55
1441,2016,10.91
1441,2017,11.19
1441,2018,11.24
1441,2019,11.20
1441,2020,11.42
1441,2021,11.38
1441,2022,11.25
1441,2023,10.98
1442,2012,19.37
1442,2013,19.35
1442,2014,19.55
1442,2015,19.58
1442,2016,19.97
1442,2017,20.46
1442,2018,20.42
1442,2019,20.17
1442,2020,20.22
1442,2021,20.17
1442,2022,20.24
1442,2023,20.48
1443,2012,12.59
1443,2013,13.92
1443,2014,13.58
1443,2015,14.12
1443,2016,14.45
1443,2017,15.40
1443,2018,15.50
1443,2019,15.18
1443,2020,15.84
1443,2021,15.31
1443,2022,15.24
1443,2023,15.00
1444,2012,11.42
1444,2013,11.52
1444,2014,12.36
1444,2015,12.76
1444,2016,13.53
1444,2017,13.22
1444,2018,13.98
1444,2019,13.98
1444,2020,13.86
1444,2021,14.21
1444,2022,13.71
1444,2023,13.34
1445,2012,14.78
1445,2013,14.87
1445,2014,15.71
1445,2015,15.74
1445,2016,16.10
1445,2017,17.27
1445,2018,17.51
1445,2019,17.74
1445,2020,16.78
1445,2021,17.02
1445,2022,17.88
1445,2023,17.50
1446,2012,18.64
1446,2013,18.43
1446,2014,18.91
1446,2015,20.48
1446,2016,21.02
1446,2017,22.26
1446,2018,22.37
1446,2019,22.12
1446,2020,21.89
1446,2021,21.62
1446,2022,21.82
1446,2023,22.38
1447,2012,15.84
1447,2013,16.39
1447,2014,17.42
1447,2015,17.40
1447,2016,17.88
1447,2017,17.56
1447,2018,19.01
1447,2019,18.66
1447,2020,17.26
1447,2021,18.17
1447,2022,17.83
1447,2023,17.48
1452,2012,17.87
1452,2013,18.14
1452,2014,18.43
1452,2015,19.02
1452,2016,19.74
1452,2017,19.63
1452,2018,19.73
1452,2019,19.65
1452,2020,18.82
1452,2021,18.98
1452,2022,19.39
1452,2023,18.91
1460,2012,19.10
1460,2013,19.17
1460,2014,20.21
1460,2015,21.60
1460,2016,23.75
1460,2017,23.96
1460,2018,24.02
1460,2019,23.96
1460,2020,22.83
1460,2021,22.39
1460,2022,21.70
1460,2023,21.96
1461,2012,17.89
1461,2013,17.76
1461,2014,18.60
1461,2015,19.27
1461,2016,19.80
1461,2017,20.78
1461,2018,20.86
1461,2019,20.69
1461,2020,20.58
1461,2021,20.82
1461,2022,20.66
1461,2023,20.00
1462,2012,17.03
1462,2013,17.98
1462,2014,18.36
1462,2015,18.37
1462,2016,18.47
1462,2017,18.40
1462,2018,18.57
1462,2019,18.58
1462,2020,17.78
1462,2021,17.65
1462,2022,17.44
1462,2023,17.45
1463,2012,19.78
1463,2013,20.05
1463,2014,20.56
1463,2015,20.55
1463,2016,21.01
1463,2017,21.04
1463,2018,21.39
1463,2019,21.26
1463,2020,21.14
1463,2021,21.20
1463,2022,21.26
1463,2023,21.14
1465,2012,15.69
1465,2013,16.02
1465,2014,16.72
1465,2015,17.42
1465,2016,18.04
1465,2017,17.80
1465,2018,18.36
1465,2019,18.65
1465,2020,19.13
1465,2021,19.14
1465,2022,18.92
1465,2023,18.72
1466,2012,16.89
1466,2013,17.04
1466,2014,17.66
1466,2015,18.46
1466,2016,19.25
1466,2017,19.22
1466,2018,19.46
1466,2019,19.36
1466,2020,19.23
1466,2021,19.56
1466,2022,19.62
1466,2023,19.48
1470,2012,15.27
1470,2013,15.43
1470,2014,16.27
1470,2015,16.63
1470,2016,17.04
1470,2017,17.02
1470,2018,17.11
1470,2019,17.29
1470,2020,17.25
1470,2021,17.81
1470,2022,18.27
1470,2023,17.75
1471,2012,11.50
1471,2013,11.68
1471,2014,11.90
1471,2015,12.87
1471,2016,12.73
1471,2017,12.84
1471,2018,13.16
1471,2019,12.80
1471,2020,12.96
1471,2021,12.76
1471,2022,12.65
1471,2023,13.19
1472,2012,19.00
1472,2013,19.15
1472,2014,20.99
1472,2015,21.51
1472,2016,21.52
1472,2017,21.77
1472,2018,21.90
1472,2019,23.28
1472,2020,22.84
1472,2021,22.60
1472,2022,22.39
1472,2023,22.19
1473,2012,16.91
1473,2013,17.74
1473,2014,19.20
1473,2015,20.36
1473,2016,21.54
1473,2017,21.41
1473,2018,21.28
1473,2019,21.73
1473,2020,21.68
1473,2021,20.97
1473,2022,21.39
1473,2023,21.22
1480,2012,47.44
1480,2013,47.54
1480,2014,47.86
1480,2015,47.97
1480,2016,47.98
1480,2017,47.87
1480,2018,47.81
1480,2019,47.62
1480,2020,47.38
1480,2021,47.33
1480,2022,47.50
1480,2023,47.47
1481,2012,24.71
1481,2013,24.60
1481,2014,24.10
1481,2015,24.09
1481,2016,24.39
1481,2017,25.01
1481,2018,25.19
1481,2019,24.97
1481,2020,24.91
1481,2021,24.91
1481,2022,24.76
1481,2023,25.19
1482,2012,17.24
1482,2013,17.28
1482,2014,17.48
1482,2015,17.74
1482,2016,17.36
1482,2017,17.76
1482,2018,18.06
1482,2019,18.39
1482,2020,18.37
1482,2021,18.03
1482,2022,18.20
1482,2023,18.03
1484,2012,28.01
1484,2013,28.42
1484,2014,28.14
1484,2015,28.31
1484,2016,29.01
1484,2017,30.14
1484,2018,29.83
1484,2019,30.05
1484,2020,29.76
1484,2021,29.47
1484,2022,29.51
1484,2023,29.49
1485,2012,30.28
1485,2013,30.71
1485,2014,30.72
1485,2015,31.32
1485,2016,32.18
1485,2017,32.14
1485,2018,32.14
1485,2019,32.15
1485,2020,31.93
1485,2021,31.50
1485,2022,31.37
1485,2023,31.15
1486,2012,23.83
1486,2013,24.37
1486,2014,24.70
1486,2015,25.07
1486,2016,25.19
1486,2017,25.84
1486,2018,25.50
1486,2019,25.27
1486,2020,25.25
1486,2021,25.37
1486,2022,25.29
1486,2023,27.63
1487,2012,25.68
1487,2013,26.28
1487,2014,26.96
1487,2015,27.61
1487,2016,27.82
1487,2017,28.25
1487,2018,28.50
1487,2019,28.51
1487,2020,28.32
1487,2021,28.86
1487,2022,28.66
1487,2023,28.79
1488,2012,32.94
1488,2013,33.80
1488,2014,34.01
1488,2015,34.26
1488,2016,34.16
1488,2017,34.64
1488,2018,34.71
1488,2019,34.41
1488,2020,34.13
1488,2021,33.72
1488,2022,33.81
1488,2023,33.37
1489,2012,26.64
1489,2013,26.62
1489,2014,27.07
1489,2015,27.15
1489,2016,27.45
1489,2017,27.51
1489,2018,27.47
1489,2019,27.32
1489,2020,27.05
1489,2021,26.71
1489,2022,26.66
1489,2023,26.62
1490,2012,35.48
1490,2013,35.97
1490,2014,36.27
1490,2015,36.96
1490,2016,37.43
1490,2017,37.47
1490,2018,37.58
1490,2019,37.56
1490,2020,37.66
1490,2021,37.54
1490,2022,37.52
1490,2023,37.29
1491,2012,19.89
1491,2013,20.19
1491,2014,19.99
1491,2015,20.21
1491,2016,20.86
1491,2017,21.74
1491,2018,22.11
1491,2019,22.25
1491,2020,22.27
1491,2021,22.24
1491,2022,22.01
1491,2023,21.98
1492,2012,23.78
1492,2013,24.23
1492,2014,24.78
1492,2015,26.25
1492,2016,27.46
1492,2017,27.98
1492,2018,27.98
1492,2019,27.86
1492,2020,27.48
1492,2021,26.61
1492,2022,26.45
1492,2023,26.14
1493,2012,18.61
1493,2013,18.77
1493,2014,18.86
1493,2015,19.16
1493,2016,19.72
1493,2017,19.81
1493,2018,19.39
1493,2019,19.96
1493,2020,19.79
1493,2021,19.76
1493,2022,19.80
1493,2023,19.88
1494,2012,21.63
1494,2013,21.92
1494,2014,22.80
1494,2015,22.85
1494,2016,23.21
1494,2017,23.13
1494,2018,23.49
1494,2019,23.41
1494,2020,23.52
1494,2021,23.33
1494,2022,23.53
1494,2023,23.57
1495,2012,23.86
1495,2013,24.83
1495,2014,25.97
1495,2015,26.54
1495,2016,26.88
1495,2017,27.47
1495,2018,27.44
1495,2019,27.52
1495,2020,27.16
1495,2021,27.53
1495,2022,27.68
1495,2023,27.37
1496,2012,31.22
1496,2013,31.37
1496,2014,31.81
1496,2015,32.05
1496,2016,32.10
1496,2017,32.11
1496,2018,32.68
1496,2019,32.74
1496,2020,32.96
1496,2021,32.96
1496,2022,33.02
1496,2023,33.13
1497,2012,21.00
1497,2013,20.76
1497,2014,21.38
1497,2015,21.71
1497,2016,22.31
1497,2017,21.97
1497,2018,22.84
1497,2019,22.41
1497,2020,22.55
1497,2021,22.04
1497,2022,22.31
1497,2023,22.22
1498,2012,16.74
1498,2013,16.83
1498,2014,16.79
1498,2015,16.92
1498,2016,17.75
1498,2017,17.77
1498,2018,17.41
1498,2019,16.85
1498,2020,16.48
1498,2021,16.79
1498,2022,17.11
1498,2023,17.10
1499,2012,26.68
1499,2013,27.45
1499,2014,28.03
1499,2015,28.59
1499,2016,29.21
1499,2017,29.57
1499,2018,30.20
1499,2019,30.37
1499,2020,30.18
1499,2021,30.30
1499,2022,30.19
1499,2023,30.11
1715,2012,17.44
1715,2013,17.81
1715,2014,18.12
1715,2015,17.90
1715,2016,18.06
1715,2017,18.17
1715,2018,18.01
1715,2019,18.14
1715,2020,18.13
1715,2021,18.11
1715,2022,18.01
1715,2023,18.00
1730,2012,17.41
1730,2013,17.72
1730,2014,17.67
1730,2015,18.54
1730,2016,19.43
1730,2017,20.96
1730,2018,21.11
1730,2019,21.25
1730,2020,20.15
1730,2021,20.02
1730,2022,20.09
1730,2023,21.21
1737,2012,18.23
1737,2013,18.19
1737,2014,18.75
1737,2015,19.23
1737,2016,20.23
1737,2017,20.41
1737,2018,20.39
1737,2019,20.88
1737,2020,20.50
1737,2021,20.27
1737,2022,20.00
1737,2023,20.06
1760,2012,18.07
1760,2013,18.57
1760,2014,19.48
1760,2015,19.35
1760,2016,19.75
1760,2017,20.16
1760,2018,19.63
1760,2019,18.11
1760,2020,17.09
1760,2021,16.34
1760,2022,15.38
1760,2023,15.60
1761,2012,8.93
1761,2013,8.65
1761,2014,8.62
1761,2015,8.59
1761,2016,9.22
1761,2017,9.12
1761,2018,9.72
1761,2019,9.63
1761,2020,9.46
1761,2021,9.31
1761,2022,9.30
1761,2023,9.04
1762,2012,15.84
1762,2013,16.17
1762,2014,17.01
1762,2015,17.75
1762,2016,19.45
1762,2017,18.76
1762,2018,19.48
1762,2019,19.04
1762,2020,18.36
1762,2021,17.39
1762,2022,17.16
1762,2023,17.03
1763,2012,15.12
1763,2013,15.10
1763,2014,15.56
1763,2015,15.66
1763,2016,16.72
1763,2017,16.95
1763,2018,17.19
1763,2019,17.04
1763,2020,16.82
1763,2021,16.88
1763,2022,16.54
1763,2023,16.68
1764,2012,19.26
1764,2013,19.38
1764,2014,20.09
1764,2015,20.09
1764,2016,20.96
1764,2017,21.30
1764,2018,21.03
1764,2019,22.04
1764,2020,21.90
1764,2021,21.67
1764,2022,22.02
1764,2023,21.42
1765,2012,16.78
1765,2013,16.86
1765,2014,16.97
1765,2015,17.36
1765,2016,18.01
1765,2017,19.43
1765,2018,19.06
1765,2019,18.81
1765,2020,18.48
1765,2021,18.16
1765,2022,18.48
1765,2023,18.73
1766,2012,13.51
1766,2013,14.00
1766,2014,14.53
1766,2015,14.90
1766,2016,15.19
1766,2017,15.64
1766,2018,15.46
1766,2019,15.81
1766,2020,15.94
1766,2021,16.12
1766,2022,16.27
1766,2023,16.20
1780,2012,35.08
1780,2013,35.20
1780,2014,35.34
1780,2015,35.57
1780,2016,35.70
1780,2017,35.62
1780,2018,35.87
1780,2019,35.91
1780,2020,35.70
1780,2021,35.92
1780,2022,36.38
1780,2023,36.52
1781,2012,23.44
1781,2013,24.13
1781,2014,24.92
1781,2015,25.72
1781,2016,26.00
1781,2017,26.38
1781,2018,26.08
1781,2019,26.23
1781,2020,25.63
1781,2021,25.71
1781,2022,25.42
1781,2023,24.97
1782,2012,17.64
1782,2013,18.61
1782,2014,19.58
1782,2015,20.51
1782,2016,21.48
1782,2017,21.40
1782,2018,22.40
1782,2019,21.53
1782,2020,20.40
1782,2021,19.60
1782,2022,19.21
1782,2023,18.75
1783,2012,11.84
1783,2013,12.05
1783,2014,11.90
1783,2015,12.20
1783,2016,12.79
1783,2017,12.83
1783,2018,13.16
1783,2019,13.01
1783,2020,12.50
1783,2021,12.42
1783,2022,12.47
1783,2023,12.14
1784,2012,24.95
1784,2013,25.25
1784,2014,25.41
1784,2015,25.79
1784,2016,26.07
1784,2017,26.16
1784,2018,26.09
1784,2019,26.01
1784,2020,25.95
1784,2021,25.33
1784,2022,25.51
1784,2023,26.03
1785,2012,18.06
1785,2013,18.97
1785,2014,19.72
1785,2015,20.66
1785,2016,21.93
1785,2017,22.65
1785,2018,22.68
1785,2019,22.67
1785,2020,22.37
1785,2021,21.97
1785,2022,21.64
1785,2023,21.56
1814,2012,12.25
1814,2013,12.11
1814,2014,12.17
1814,2015,12.52
1814,2016,12.95
1814,2017,12.58
1814,2018,14.27
1814,2019,14.56
1814,2020,15.07
1814,2021,14.40
1814,2022,14.31
1814,2023,14.46
1860,2012,19.51
1860,2013,19.91
1860,2014,20.83
1860,2015,20.62
1860,2016,22.28
1860,2017,22.49
1860,2018,22.37
1860,2019,23.14
1860,2020,23.22
1860,2021,22.98
1860,2022,23.24
1860,2023,24.20
1861,2012,22.09
1861,2013,22.45
1861,2014,22.83
1861,2015,23.77
1861,2016,24.20
1861,2017,24.66
1861,2018,25.30
1861,2019,25.10
1861,2020,25.10
1861,2021,25.20
1861,2022,24.88
1861,2023,25.23
1862,2012,18.24
1862,2013,18.87
1862,2014,19.43
1862,2015,20.31
1862,2016,21.05
1862,2017,21.44
1862,2018,22.69
1862,2019,22.35
1862,2020,22.11
1862,2021,21.86
1862,2022,21.72
1862,2023,21.45
1863,2012,18.76
1863,2013,18.76
1863,2014,19.51
1863,2015,20.71
1863,2016,22.19
1863,2017,22.70
1863,2018,22.53
1863,2019,23.56
1863,2020,22.32
1863,2021,21.68
1863,2022,21.12
1863,2023,19.37
1864,2012,16.67
1864,2013,18.11
1864,2014,18.12
1864,2015,20.39
1864,2016,21.65
1864,2017,21.13
1864,2018,20.53
1864,2019,19.64
1864,2020,18.74
1864,2021,18.61
1864,2022,18.64
1864,2023,18.33
1880,2012,46.79
1880,2013,46.79
1880,2014,46.55
1880,2015,46.47
1880,2016,46.23
1880,2017,45.99
1880,2018,45.90
1880,2019,45.74
1880,2020,45.49
1880,2021,45.47
1880,2022,45.62
1880,2023,45.89
1881,2012,28.74
1881,2013,28.80
1881,2014,28.91
1881,2015,28.58
1881,2016,28.79
1881,2017,28.80
1881,2018,28.39
1881,2019,27.99
1881,2020,27.66
1881,2021,28.37
1881,2022,28.97
1881,2023,28.54
1882,2012,19.00
1882,2013,19.21
1882,2014,20.17
1882,2015,20.12
1882,2016,20.67
1882,2017,21.05
1882,2018,21.52
1882,2019,21.95
1882,2020,22.01
1882,2021,22.00
1882,2022,21.91
1882,2023,22.17
1883,2012,19.55
1883,2013,20.04
1883,2014,21.11
1883,2015,21.72
1883,2016,22.03
1883,2017,22.34
1883,2018,22.61
1883,2019,22.61
1883,2020,22.72
1883,2021,22.92
1883,2022,22.50
1883,2023,22.50
1884,2012,25.09
1884,2013,25.00
1884,2014,24.95
1884,2015,25.89
1884,2016,26.50
1884,2017,26.67
1884,2018,27.01
1884,2019,26.72
1884,2020,26.35
1884,2021,26.18
1884,2022,27.01
1884,2023,26.64
1885,2012,22.11
1885,2013,22.75
1885,2014,22.81
1885,2015,23.86
1885,2016,24.58
1885,2017,24.69
1885,2018,24.62
1885,2019,24.65
1885,2020,24.63
1885,2021,24.81
1885,2022,24.42
1885,2023,24.24
1904,2012,19.38
1904,2013,20.79
1904,2014,21.15
1904,2015,21.98
1904,2016,22.24
1904,2017,21.30
1904,2018,19.78
1904,2019,18.51
1904,2020,17.04
1904,2021,17.39
1904,2022,17.81
1904,2023,17.04
1907,2012,16.05
1907,2013,16.23
1907,2014,16.83
1907,2015,17.10
1907,2016,17.06
1907,2017,17.25
1907,2018,17.32
1907,2019,17.35
1907,2020,17.06
1907,2021,16.72
1907,2022,16.77
1907,2023,16.35
1960,2012,23.44
1960,2013,24.72
1960,2014,25.94
1960,2015,26.27
1960,2016,26.73
1960,2017,27.82
1960,2018,28.42
1960,2019,28.47
1960,2020,28.40
1960,2021,27.51
1960,2022,27.56
1960,2023,27.40
1961,2012,28.92
1961,2013,29.74
1961,2014,29.66
1961,2015,30.07
1961,2016,30.71
1961,2017,30.55
1961,2018,31.06
1961,2019,31.45
1961,2020,30.71
1961,2021,31.07
1961,2022,30.67
1961,2023,30.64
1962,2012,22.20
1962,2013,23.70
1962,2014,25.18
1962,2015,26.09
1962,2016,26.42
1962,2017,26.60
1962,2018,26.89
1962,2019,25.82
1962,2020,25.92
1962,2021,26.15
1962,2022,24.81
1962,2023,24.40
1980,2012,30.24
1980,2013,30.55
1980,2014,30.96
1980,2015,30.99
1980,2016,31.09
1980,2017,31.56
1980,2018,31.46
1980,2019,31.79
1980,2020,31.92
1980,2021,32.20
1980,2022,32.20
1980,2023,32.24
1981,2012,27.10
1981,2013,27.79
1981,2014,28.29
1981,2015,28.75
1981,2016,28.93
1981,2017,29.27
1981,2018,29.58
1981,2019,29.04
1981,2020,29.25
1981,2021,29.32
1981,2022,29.80
1981,2023,29.30
1982,2012,18.46
1982,2013,19.37
1982,2014,20.61
1982,2015,21.77
1982,2016,22.13
1982,2017,21.84
1982,2018,21.95
1982,2019,21.64
1982,2020,21.05
1982,2021,21.01
1982,2022,21.26
1982,2023,21.02
1983,2012,31.28
1983,2013,32.59
1983,2014,34.33
1983,2015,34.80
1983,2016,35.34
1983,2017,35.56
1983,2018,36.01
1983,2019,35.43
1983,2020,35.38
1983,2021,35.26
1983,2022,34.59
1983,2023,34.22
1984,2012,32.44
1984,2013,33.04
1984,2014,33.37
1984,2015,33.97
1984,2016,34.19
1984,2017,34.88
1984,2018,35.18
1984,2019,35.17
1984,2020,34.14
1984,2021,33.95
1984,2022,33.45
1984,2023,33.18
2021,2012,13.32
2021,2013,14.21
2021,2014,14.12
2021,2015,14.76
2021,2016,16.10
2021,2017,16.21
2021,2018,16.03
2021,2019,16.14
2021,2020,15.97
2021,2021,16.34
2021,2022,16.99
2021,2023,17.24
2023,2012,13.21
2023,2013,13.03
2023,2014,13.31
2023,2015,13.89
2023,2016,14.96
2023,2017,15.39
2023,2018,15.58
2023,2019,15.81
2023,2020,15.74
2023,2021,15.72
2023,2022,15.80
2023,2023,15.28
2026,2012,7.39
2026,2013,7.47
2026,2014,7.61
2026,2015,7.85
2026,2016,8.30
2026,2017,8.47
2026,2018,8.76
2026,2019,8.89
2026,2020,8.24
2026,2021,8.58
2026,2022,8.99
2026,2023,8.81
2029,2012,16.10
2029,2013,16.07
2029,2014,17.05
2029,2015,17.36
2029,2016,17.55
2029,2017,17.76
2029,2018,17.92
2029,2019,18.41
2029,2020,18.13
2029,2021,17.74
2029,2022,17.52
2029,2023,17.96
2031,2012,14.78
2031,2013,15.09
2031,2014,15.71
2031,2015,16.08
2031,2016,16.53
2031,2017,16.51
2031,2018,16.26
2031,2019,17.17
2031,2020,17.04
2031,2021,16.90
2031,2022,16.80
2031,2023,16.66
2034,2012,22.52
2034,2013,22.89
2034,2014,22.83
2034,2015,23.30
2034,2016,23.63
2034,2017,24.29
2034,2018,24.99
2034,2019,25.12
2034,2020,24.57
2034,2021,24.01
2034,2022,24.40
2034,2023,24.84
2039,2012,11.37
2039,2013,11.02
2039,2014,11.30
2039,2015,11.73
2039,2016,12.06
2039,2017,12.25
2039,2018,12.36
2039,2019,12.30
2039,2020,12.09
2039,2021,12.17
2039,2022,12.58
2039,2023,12.51
2061,2012,15.68
2061,2013,15.98
2061,2014,16.22
2061,2015,16.43
2061,2016,16.63
2061,2017,16.61
2061,2018,16.86
2061,2019,17.10
2061,2020,16.63
2061,2021,17.28
2061,2022,17.60
2061,2023,17.21
2062,2012,18.32
2062,2013,18.29
2062,2014,18.65
2062,2015,19.09
2062,2016,19.36
2062,2017,19.58
2062,2018,19.44
2062,2019,19.69
2062,2020,19.52
2062,2021,19.61
2062,2022,19.17
2062,2023,19.00
2080,2012,28.29
2080,2013,28.48
2080,2014,28.91
2080,2015,29.29
2080,2016,29.46
2080,2017,29.45
2080,2018,29.59
2080,2019,29.47
2080,2020,29.17
2080,2021,29.20
2080,2022,28.97
2080,2023,29.00
2081,2012,30.34
2081,2013,31.22
2081,2014,32.24
2081,2015,32.67
2081,2016,33.20
2081,2017,33.35
2081,2018,33.31
2081,2019,33.51
2081,2020,33.15
2081,2021,33.04
2081,2022,33.18
2081,2023,33.06
2082,2012,18.38
2082,2013,19.11
2082,2014,19.41
2082,2015,19.95
2082,2016,20.01
2082,2017,19.96
2082,2018,20.11
2082,2019,20.52
2082,2020,20.99
2082,2021,21.06
2082,2022,21.20
2082,2023,21.28
2083,2012,18.71
2083,2013,19.05
2083,2014,19.62
2083,2015,20.20
2083,2016,21.02
2083,2017,21.69
2083,2018,21.71
2083,2019,22.16
2083,2020,21.57
2083,2021,21.78
2083,2022,21.75
2083,2023,21.39
2084,2012,20.38
2084,2013,21.01
2084,2014,22.27
2084,2015,24.56
2084,2016,25.54
2084,2017,26.01
2084,2018,26.09
2084,2019,25.56
2084,2020,24.70
2084,2021,24.22
2084,2022,24.07
2084,2023,23.68
2085,2012,24.71
2085,2013,25.16
2085,2014,25.95
2085,2015,26.59
2085,2016,27.22
2085,2017,27.79
2085,2018,28.03
2085,2019,28.55
2085,2020,28.30
2085,2021,28.51
2085,2022,28.57
2085,2023,28.90
2101,2012,20.97
2101,2013,21.56
2101,2014,21.51
2101,2015,22.65
2101,2016,23.58
2101,2017,23.54
2101,2018,24.08
2101,2019,23.68
2101,2020,23.49
2101,2021,23.92
2101,2022,23.96
2101,2023,23.55
2104,2012,20.50
2104,2013,20.65
2104,2014,20.56
2104,2015,21.40
2104,2016,21.91
2104,2017,22.80
2104,2018,22.12
2104,2019,21.71
2104,2020,22.00
2104,2021,21.97
2104,2022,22.22
2104,2023,21.64
2121,2012,21.70
2121,2013,22.19
2121,2014,23.01
2121,2015,23.68
2121,2016,23.78
2121,2017,24.08
2121,2018,24.68
2121,2019,25.15
2121,2020,25.15
2121,2021,25.34
2121,2022,25.43
2121,2023,25.23
2132,2012,15.69
2132,2013,15.94
2132,2014,15.86
2132,2015,16.56
2132,2016,16.45
2132,2017,16.37
2132,2018,17.07
2132,2019,16.67
2132,2020,16.86
2132,2021,16.27
2132,2022,16.41
2132,2023,16.53
2161,2012,20.11
2161,2013,20.95
2161,2014,21.64
2161,2015,22.46
2161,2016,22.59
2161,2017,23.06
2161,2018,23.11
2161,2019,23.55
2161,2020,23.35
2161,2021,23.40
2161,2022,22.97
2161,2023,23.03
2180,2012,36.15
2180,2013,36.67
2180,2014,37.03
2180,2015,37.06
2180,2016,37.10
2180,2017,37.41
2180,2018,37.47
2180,2019,37.67
2180,2020,37.58
2180,2021,37.56
2180,2022,37.41
2180,2023,37.46
2181,2012,26.02
2181,2013,26.83
2181,2014,27.96
2181,2015,28.69
2181,2016,29.37
2181,2017,30.11
2181,2018,29.92
2181,2019,30.00
2181,2020,30.01
2181,2021,29.89
2181,2022,29.61
2181,2023,29.23
2182,2012,25.43
2182,2013,26.19
2182,2014,26.39
2182,2015,27.68
2182,2016,28.39
2182,2017,28.95
2182,2018,29.15
2182,2019,29.21
2182,2020,28.72
2182,2021,29.04
2182,2022,28.97
2182,2023,28.48
2183,2012,26.69
2183,2013,27.17
2183,2014,28.10
2183,2015,28.81
2183,2016,29.26
2183,2017,29.55
2183,2018,29.73
2183,2019,30.07
2183,2020,29.94
2183,2021,29.93
2183,2022,30.00
2183,2023,29.93
2184,2012,25.62
2184,2013,25.87
2184,2014,26.09
2184,2015,26.06
2184,2016,26.28
2184,2017,26.29
2184,2018,26.19
2184,2019,26.42
2184,2020,26.36
2184,2021,26.37
2184,2022,26.49
2184,2023,26.39
2260,2012,15.45
2260,2013,15.32
2260,2014,15.50
2260,2015,15.91
2260,2016,15.86
2260,2017,16.10
2260,2018,15.99
2260,2019,15.46
2260,2020,14.85
2260,2021,14.79
2260,2022,15.00
2260,2023,15.05
2262,2012,15.24
2262,2013,15.94
2262,2014,16.15
2262,2015,15.15
2262,2016,16.52
2262,2017,17.19
2262,2018,17.21
2262,2019,17.36
2262,2020,17.58
2262,2021,17.72
2262,2022,17.71
2262,2023,17.78
2280,2012,21.44
2280,2013,22.38
2280,2014,23.51
2280,2015,24.41
2280,2016,24.76
2280,2017,24.81
2280,2018,24.81
2280,2019,24.99
2280,2020,24.91
2280,2021,24.72
2280,2022,24.53
2280,2023,24.45
2281,2012,21.64
2281,2013,21.84
2281,2014,22.28
2281,2015,22.37
2281,2016,22.75
2281,2017,22.80
2281,2018,22.79
2281,2019,22.75
2281,2020,22.69
2281,2021,22.94
2281,2022,23.17
2281,2023,23.55
2282,2012,17.54
2282,2013,17.81
2282,2014,17.97
2282,2015,18.46
2282,2016,19.63
2282,2017,19.80
2282,2018,19.80
2282,2019,20.17
2282,2020,20.05
2282,2021,19.91
2282,2022,19.81
2282,2023,19.54
2283,2012,17.92
2283,2013,18.57
2283,2014,19.25
2283,2015,19.74
2283,2016,20.80
2283,2017,21.31
2283,2018,21.22
2283,2019,20.37
2283,2020,20.07
2283,2021,19.68
2283,2022,20.04
2283,2023,19.64
2284,2012,19.24
2284,2013,19.33
2284,2014,19.85
2284,2015,20.30
2284,2016,20.81
2284,2017,21.36
2284,2018,21.62
2284,2019,21.71
2284,2020,21.69
2284,2021,21.77
2284,2022,21.76
2284,2023,21.85
2303,2012,16.28
2303,2013,16.65
2303,2014,16.49
2303,2015,16.87
2303,2016,17.19
2303,2017,17.73
2303,2018,16.75
2303,2019,17.51
2303,2020,16.53
2303,2021,16.81
2303,2022,16.00
2303,2023,16.24
2305,2012,15.99
2305,2013,16.04
2305,2014,16.60
2305,2015,17.49
2305,2016,17.91
2305,2017,18.03
2305,2018,17.42
2305,2019,16.94
2305,2020,16.49
2305,2021,16.68
2305,2022,16.80
2305,2023,16.71
2309,2012,14.13
2309,2013,14.26
2309,2014,14.22
2309,2015,14.49
2309,2016,14.57
2309,2017,14.89
2309,2018,14.19
2309,2019,14.37
2309,2020,14.14
2309,2021,13.54
2309,2022,13.28
2309,2023,13.30
2313,2012,17.14
2313,2013,17.07
2313,2014,17.75
2313,2015,17.55
2313,2016,18.24
2313,2017,18.54
2313,2018,18.38
2313,2019,18.38
2313,2020,18.31
2313,2021,18.03
2313,2022,18.50
2313,2023,18.04
2321,2012,19.35
2321,2013,19.36
2321,2014,19.81
2321,2015,19.72
2321,2016,19.73
2321,2017,20.29
2321,2018,20.20
2321,2019,19.62
2321,2020,19.32
2321,2021,18.96
2321,2022,18.52
2321,2023,17.96
2326,2012,12.56
2326,2013,12.75
2326,2014,13.06
2326,2015,13.01
2326,2016,13.32
2326,2017,14.27
2326,2018,14.06
2326,2019,13.23
2326,2020,13.55
2326,2021,13.58
2326,2022,13.84
2326,2023,13.84
2361,2012,16.95
2361,2013,17.84
2361,2014,18.34
2361,2015,18.37
2361,2016,19.24
2361,2017,19.16
2361,2018,19.08
2361,2019,18.50
2361,2020,18.58
2361,2021,18.61
2361,2022,18.77
2361,2023,18.32
2380,2012,30.65
2380,2013,31.23
2380,2014,31.64
2380,2015,31.51
2380,2016,31.31
2380,2017,31.68
2380,2018,31.13
2380,2019,30.99
2380,2020,30.88
2380,2021,31.26
2380,2022,31.61
2380,2023,31.54
2401,2012,15.50
2401,2013,16.19
2401,2014,17.09
2401,2015,17.39
2401,2016,18.06
2401,2017,18.05
2401,2018,17.98
2401,2019,18.34
2401,2020,17.71
2401,2021,17.37
2401,2022,17.08
2401,2023,17.87
2403,2012,12.56
2403,2013,12.36
2403,2014,12.69
2403,2015,14.68
2403,2016,15.16
2403,2017,15.01
2403,2018,15.76
2403,2019,14.12
2403,2020,14.03
2403,2021,15.70
2403,2022,15.05
2403,2023,14.44
2404,2012,12.04
2404,2013,13.12
2404,2014,13.82
2404,2015,14.32
2404,2016,14.50
2404,2017,15.43
2404,2018,15.32
2404,2019,16.28
2404,2020,16.37
2404,2021,16.00
2404,2022,15.86
2404,2023,16.06
2409,2012,11.79
2409,2013,12.01
2409,2014,12.79
2409,2015,12.78
2409,2016,13.22
2409,2017,13.12
2409,2018,13.83
2409,2019,13.89
2409,2020,13.37
2409,2021,13.17
2409,2022,13.21
2409,2023,13.19
2417,2012,17.47
2417,2013,17.89
2417,2014,18.76
2417,2015,19.47
2417,2016,18.42
2417,2017,19.11
2417,2018,19.35
2417,2019,19.17
2417,2020,19.75
2417,2021,19.04
2417,2022,19.38
2417,2023,19.52
2418,2012,18.09
2418,2013,18.61
2418,2014,19.10
2418,2015,19.72
2418,2016,20.00
2418,2017,21.03
2418,2018,20.95
2418,2019,21.35
2418,2020,20.63
2418,2021,21.16
2418,2022,21.30
2418,2023,21.34
2421,2012,11.77
2421,2013,11.96
2421,2014,13.05
2421,2015,13.18
2421,2016,13.56
2421,2017,13.66
2421,2018,14.12
2421,2019,13.45
2421,2020,14.01
2421,2021,13.60
2421,2022,13.31
2421,2023,12.92
2422,2012,15.38
2422,2013,13.72
2422,2014,13.96
2422,2015,13.87
2422,2016,16.02
2422,2017,16.53
2422,2018,16.61
2422,2019,15.79
2422,2020,14.95
2422,2021,15.93
2422,2022,15.80
2422,2023,16.09
2425,2012,21.65
2425,2013,22.09
2425,2014,22.23
2425,2015,24.20
2425,2016,23.76
2425,2017,24.00
2425,2018,22.43
2425,2019,22.30
2425,2020,21.66
2425,2021,20.78
2425,2022,21.14
2425,2023,19.45
2460,2012,17.81
2460,2013,18.00
2460,2014,18.88
2460,2015,18.65
2460,2016,19.38
2460,2017,19.71
2460,2018,20.11
2460,2019,19.78
2460,2020,19.75
2460,2021,19.80
2460,2022,19.84
2460,2023,19.56
2462,2012,17.75
2462,2013,17.82
2462,2014,18.17
2462,2015,18.48
2462,2016,19.19
2462,2017,19.01
2462,2018,18.82
2462,2019,18.99
2462,2020,18.44
2462,2021,18.40
2462,2022,18.79
2462,2023,18.75
2463,2012,14.44
2463,2013,13.77
2463,2014,14.83
2463,2015,15.29
2463,2016,14.99
2463,2017,14.99
2463,2018,14.30
2463,2019,14.53
2463,2020,15.04
2463,2021,14.89
2463,2022,14.81
2463,2023,14.79
2480,2012,34.35
2480,2013,34.46
2480,2014,34.43
2480,2015,34.59
2480,2016,34.43
2480,2017,34.49
2480,2018,34.61
2480,2019,35.05
2480,2020,35.04
2480,2021,35.14
2480,2022,35.33
2480,2023,35.61
2481,2012,27.82
2481,2013,28.33
2481,2014,29.33
2481,2015,29.68
2481,2016,29.70
2481,2017,29.59
2481,2018,29.72
2481,2019,29.79
2481,2020,29.86
2481,2021,29.79
2481,2022,29.67
2481,2023,30.22
2482,2012,19.65
2482,2013,20.09
2482,2014,20.51
2482,2015,20.63
2482,2016,21.29
2482,2017,21.21
2482,2018,20.91
2482,2019,20.85
2482,2020,21.10
2482,2021,21.12
2482,2022,21.78
2482,2023,22.56
2505,2012,19.48
2505,2013,20.46
2505,2014,20.99
2505,2015,25.07
2505,2016,25.05
2505,2017,25.99
2505,2018,25.37
2505,2019,24.81
2505,2020,24.83
2505,2021,25.30
2505,2022,25.76
2505,2023,24.60
2506,2012,18.30
2506,2013,17.85
2506,2014,17.82
2506,2015,18.64
2506,2016,19.99
2506,2017,20.56
2506,2018,19.90
2506,2019,19.64
2506,2020,18.29
2506,2021,18.03
2506,2022,18.37
2506,2023,18.47
2510,2012,20.92
2510,2013,21.50
2510,2014,21.08
2510,2015,21.47
2510,2016,23.25
2510,2017,24.15
2510,2018,23.50
2510,2019,23.30
2510,2020,23.58
2510,2021,23.64
2510,2022,23.53
2510,2023,23.52
2513,2012,17.70
2513,2013,18.28
2513,2014,18.60
2513,2015,19.32
2513,2016,19.86
2513,2017,20.67
2513,2018,20.62
2513,2019,21.12
2513,2020,21.19
2513,2021,21.31
2513,2022,20.92
2513,2023,21.44
2514,2012,16.09
2514,2013,16.75
2514,2014,16.91
2514,2015,17.36
2514,2016,17.60
2514,2017,17.70
2514,2018,17.69
2514,2019,17.79
2514,2020,18.00
2514,2021,18.22
2514,2022,18.37
2514,2023,18.76
2518,2012,14.23
2518,2013,15.23
2518,2014,15.60
2518,2015,15.60
2518,2016,16.17
2518,2017,17.26
2518,2018,16.85
2518,2019,16.03
2518,2020,15.75
2518,2021,15.72
2518,2022,15.39
2518,2023,14.90
2521,2012,13.68
2521,2013,14.40
2521,2014,15.41
2521,2015,15.52
2521,2016,16.12
2521,2017,16.96
2521,2018,16.69
2521,2019,16.61
2521,2020,16.31
2521,2021,16.69
2521,2022,16.32
2521,2023,16.69
2523,2012,26.11
2523,2013,26.54
2523,2014,27.08
2523,2015,26.73
2523,2016,27.08
2523,2017,26.92
2523,2018,26.30
2523,2019,27.69
2523,2020,27.77
2523,2021,28.32
2523,2022,28.35
2523,2023,29.05
2560,2012,18.45
2560,2013,19.06
2560,2014,19.67
2560,2015,20.24
2560,2016,20.85
2560,2017,22.03
2560,2018,21.31
2560,2019,21.26
2560,2020,21.29
2560,2021,21.18
2560,2022,20.74
2560,2023,21.07
2580,2012,32.83
2580,2013,31.88
2580,2014,31.91
2580,2015,31.86
2580,2016,31.16
2580,2017,31.24
2580,2018,31.18
2580,2019,30.87
2580,2020,31.16
2580,2021,31.11
2580,2022,31.59
2580,2023,31.93
2581,2012,23.65
2581,2013,23.82
2581,2014,24.14
2581,2015,24.33
2581,2016,25.08
2581,2017,25.70
2581,2018,25.57
2581,2019,25.82
2581,2020,25.87
2581,2021,25.85
2581,2022,26.20
2581,2023,26.39
2582,2012,25.73
2582,2013,26.34
2582,2014,26.61
2582,2015,27.37
2582,2016,27.84
2582,2017,28.09
2582,2018,28.29
2582,2019,28.13
2582,2020,28.37
2582,2021,28.55
2582,2022,28.63
2582,2023,28.62
2583,2012,19.35
2583,2013,19.27
2583,2014,19.82
2583,2015,20.46
2583,2016,20.75
2583,2017,21.41
2583,2018,21.56
2583,2019,21.67
2583,2020,21.82
2583,2021,21.89
2583,2022,21.65
2583,2023,21.54
2584,2012,26.31
2584,2013,26.43
2584,2014,26.71
2584,2015,27.38
2584,2016,28.34
2584,2017,28.73
2584,2018,28.34
2584,2019,29.28
2584,2020,30.09
2584,2021,30.10
2584,2022,29.30
2584,2023,31.04
