kommun,year,ekstand_l_procent
0114,2011,9
0114,2012,9
0114,2013,10
0114,2014,10
0114,2015,10
0114,2016,10
0114,2017,11
0114,2018,10
0114,2019,11
0114,2020,11
0114,2021,11
0114,2022,10
0115,2011,6
0115,2012,5
0115,2013,5
0115,2014,6
0115,2015,5
0115,2016,5
0115,2017,6
0115,2018,6
0115,2019,6
0115,2020,6
0115,2021,6
0115,2022,6
0117,2011,6
0117,2012,6
0117,2013,6
0117,2014,6
0117,2015,6
0117,2016,6
0117,2017,6
0117,2018,6
0117,2019,7
0117,2020,7
0117,2021,6
0117,2022,6
0120,2011,7
0120,2012,7
0120,2013,7
0120,2014,7
0120,2015,7
0120,2016,7
0120,2017,7
0120,2018,7
0120,2019,7
0120,2020,7
0120,2021,7
0120,2022,6
0123,2011,10
0123,2012,10
0123,2013,10
0123,2014,10
0123,2015,10
0123,2016,10
0123,2017,10
0123,2018,10
0123,2019,10
0123,2020,11
0123,2021,10
0123,2022,10
0125,2011,5
0125,2012,5
0125,2013,5
0125,2014,5
0125,2015,5
0125,2016,5
0125,2017,6
0125,2018,6
0125,2019,6
0125,2020,6
0125,2021,6
0125,2022,5
0126,2011,13
0126,2012,13
0126,2013,13
0126,2014,13
0126,2015,12
0126,2016,12
0126,2017,12
0126,2018,11
0126,2019,12
0126,2020,12
0126,2021,12
0126,2022,11
0127,2011,18
0127,2012,19
0127,2013,19
0127,2014,18
0127,2015,17
0127,2016,16
0127,2017,16
0127,2018,15
0127,2019,16
0127,2020,17
0127,2021,17
0127,2022,15
0128,2011,6
0128,2012,7
0128,2013,7
0128,2014,7
0128,2015,6
0128,2016,6
0128,2017,7
0128,2018,7
0128,2019,7
0128,2020,7
0128,2021,7
0128,2022,7
0136,2011,11
0136,2012,11
0136,2013,11
0136,2014,11
0136,2015,11
0136,2016,10
0136,2017,10
0136,2018,10
0136,2019,11
0136,2020,11
0136,2021,11
0136,2022,10
0138,2011,7
0138,2012,7
0138,2013,7
0138,2014,7
0138,2015,7
0138,2016,7
0138,2017,7
0138,2018,8
0138,2019,8
0138,2020,8
0138,2021,8
0138,2022,7
0139,2011,10
0139,2012,10
0139,2013,10
0139,2014,10
0139,2015,11
0139,2016,10
0139,2017,10
0139,2018,10
0139,2019,11
0139,2020,11
0139,2021,11
0139,2022,10
0140,2011,5
0140,2012,5
0140,2013,5
0140,2014,5
0140,2015,5
0140,2016,4
0140,2017,5
0140,2018,5
0140,2019,5
0140,2020,5
0140,2021,5
0140,2022,5
0160,2011,5
0160,2012,5
0160,2013,5
0160,2014,5
0160,2015,5
0160,2016,5
0160,2017,5
0160,2018,5
0160,2019,6
0160,2020,6
0160,2021,5
0160,2022,5
0162,2011,6
0162,2012,6
0162,2013,6
0162,2014,5
0162,2015,6
0162,2016,6
0162,2017,6
0162,2018,6
0162,2019,6
0162,2020,6
0162,2021,6
0162,2022,6
0163,2011,8
0163,2012,8
0163,2013,8
0163,2014,8
0163,2015,8
0163,2016,8
0163,2017,8
0163,2018,8
0163,2019,9
0163,2020,9
0163,2021,9
0163,2022,8
0180,2011,13
0180,2012,12
0180,2013,12
0180,2014,12
0180,2015,12
0180,2016,11
0180,2017,11
0180,2018,11
0180,2019,11
0180,2020,12
0180,2021,11
0180,2022,11
0181,2011,18
0181,2012,18
0181,2013,18
0181,2014,19
0181,2015,19
0181,2016,18
0181,2017,18
0181,2018,16
0181,2019,16
0181,2020,17
0181,2021,17
0181,2022,15
0182,2011,8
0182,2012,8
0182,2013,8
0182,2014,7
0182,2015,7
0182,2016,7
0182,2017,7
0182,2018,7
0182,2019,8
0182,2020,7
0182,2021,7
0182,2022,7
0183,2011,12
0183,2012,11
0183,2013,11
0183,2014,11
0183,2015,11
0183,2016,10
0183,2017,10
0183,2018,9
0183,2019,10
0183,2020,10
0183,2021,9
0183,2022,9
0184,2011,11
0184,2012,11
0184,2013,11
0184,2014,10
0184,2015,10
0184,2016,9
0184,2017,9
0184,2018,10
0184,2019,10
0184,2020,10
0184,2021,10
0184,2022,9
0186,2011,8
0186,2012,7
0186,2013,8
0186,2014,8
0186,2015,8
0186,2016,7
0186,2017,8
0186,2018,8
0186,2019,7
0186,2020,7
0186,2021,7
0186,2022,7
0187,2011,6
0187,2012,6
0187,2013,6
0187,2014,6
0187,2015,6
0187,2016,6
0187,2017,6
0187,2018,5
0187,2019,6
0187,2020,5
0187,2021,5
0187,2022,5
0188,2011,11
0188,2012,11
0188,2013,11
0188,2014,11
0188,2015,11
0188,2016,11
0188,2017,11
0188,2018,11
0188,2019,12
0188,2020,12
0188,2021,12
0188,2022,11
0191,2011,12
0191,2012,12
0191,2013,12
0191,2014,12
0191,2015,12
0191,2016,13
0191,2017,12
0191,2018,12
0191,2019,13
0191,2020,14
0191,2021,15
0191,2022,14
0192,2011,10
0192,2012,12
0192,2013,11
0192,2014,11
0192,2015,11
0192,2016,11
0192,2017,11
0192,2018,11
0192,2019,12
0192,2020,12
0192,2021,12
0192,2022,11
0305,2011,6
0305,2012,6
0305,2013,6
0305,2014,6
0305,2015,6
0305,2016,6
0305,2017,6
0305,2018,7
0305,2019,7
0305,2020,7
0305,2021,7
0305,2022,7
0319,2011,12
0319,2012,12
0319,2013,13
0319,2014,12
0319,2015,13
0319,2016,15
0319,2017,15
0319,2018,15
0319,2019,15
0319,2020,15
0319,2021,15
0319,2022,13
0330,2011,6
0330,2012,5
0330,2013,6
0330,2014,6
0330,2015,5
0330,2016,6
0330,2017,6
0330,2018,6
0330,2019,7
0330,2020,7
0330,2021,8
0330,2022,7
0331,2011,12
0331,2012,12
0331,2013,12
0331,2014,13
0331,2015,14
0331,2016,12
0331,2017,13
0331,2018,13
0331,2019,14
0331,2020,14
0331,2021,15
0331,2022,14
0360,2011,11
0360,2012,12
0360,2013,13
0360,2014,13
0360,2015,13
0360,2016,14
0360,2017,14
0360,2018,14
0360,2019,14
0360,2020,14
0360,2021,16
0360,2022,15
0380,2011,15
0380,2012,14
0380,2013,14
0380,2014,14
0380,2015,14
0380,2016,14
0380,2017,14
0380,2018,14
0380,2019,14
0380,2020,15
0380,2021,16
0380,2022,16
0381,2011,9
0381,2012,9
0381,2013,9
0381,2014,10
0381,2015,10
0381,2016,10
0381,2017,10
0381,2018,10
0381,2019,11
0381,2020,11
0381,2021,12
0381,2022,11
0382,2011,8
0382,2012,9
0382,2013,8
0382,2014,9
0382,2015,9
0382,2016,9
0382,2017,10
0382,2018,9
0382,2019,10
0382,2020,10
0382,2021,10
0382,2022,10
0428,2011,13
0428,2012,13
0428,2013,14
0428,2014,15
0428,2015,15
0428,2016,16
0428,2017,16
0428,2018,17
0428,2019,16
0428,2020,18
0428,2021,18
0428,2022,16
0461,2011,10
0461,2012,10
0461,2013,11
0461,2014,11
0461,2015,11
0461,2016,11
0461,2017,11
0461,2018,10
0461,2019,11
0461,2020,11
0461,2021,12
0461,2022,11
0480,2011,10
0480,2012,10
0480,2013,10
0480,2014,11
0480,2015,11
0480,2016,11
0480,2017,12
0480,2018,12
0480,2019,13
0480,2020,14
0480,2021,14
0480,2022,13
0481,2011,10
0481,2012,11
0481,2013,11
0481,2014,12
0481,2015,13
0481,2016,15
0481,2017,15
0481,2018,15
0481,2019,14
0481,2020,16
0481,2021,16
0481,2022,14
0482,2011,15
0482,2012,16
0482,2013,17
0482,2014,18
0482,2015,19
0482,2016,20
0482,2017,21
0482,2018,21
0482,2019,22
0482,2020,22
0482,2021,22
0482,2022,20
0483,2011,14
0483,2012,15
0483,2013,16
0483,2014,16
0483,2015,17
0483,2016,16
0483,2017,16
0483,2018,16
0483,2019,17
0483,2020,17
0483,2021,17
0483,2022,16
0484,2011,17
0484,2012,17
0484,2013,17
0484,2014,18
0484,2015,18
0484,2016,18
0484,2017,18
0484,2018,18
0484,2019,19
0484,2020,19
0484,2021,19
0484,2022,18
0486,2011,9
0486,2012,9
0486,2013,9
0486,2014,10
0486,2015,10
0486,2016,10
0486,2017,10
0486,2018,10
0486,2019,11
0486,2020,11
0486,2021,11
0486,2022,11
0488,2011,6
0488,2012,6
0488,2013,7
0488,2014,7
0488,2015,6
0488,2016,7
0488,2017,7
0488,2018,7
0488,2019,7
0488,2020,8
0488,2021,8
0488,2022,8
0509,2011,12
0509,2012,14
0509,2013,16
0509,2014,14
0509,2015,14
0509,2016,15
0509,2017,15
0509,2018,14
0509,2019,14
0509,2020,15
0509,2021,14
0509,2022,13
0512,2011,9
0512,2012,11
0512,2013,11
0512,2014,11
0512,2015,13
0512,2016,12
0512,2017,12
0512,2018,12
0512,2019,12
0512,2020,12
0512,2021,14
0512,2022,13
0513,2011,10
0513,2012,10
0513,2013,10
0513,2014,11
0513,2015,12
0513,2016,12
0513,2017,11
0513,2018,10
0513,2019,11
0513,2020,11
0513,2021,12
0513,2022,11
0560,2011,11
0560,2012,11
0560,2013,12
0560,2014,11
0560,2015,11
0560,2016,12
0560,2017,12
0560,2018,12
0560,2019,12
0560,2020,13
0560,2021,13
0560,2022,12
0561,2011,10
0561,2012,11
0561,2013,12
0561,2014,12
0561,2015,12
0561,2016,11
0561,2017,12
0561,2018,11
0561,2019,12
0561,2020,12
0561,2021,12
0561,2022,12
0562,2011,11
0562,2012,11
0562,2013,12
0562,2014,13
0562,2015,14
0562,2016,13
0562,2017,14
0562,2018,13
0562,2019,14
0562,2020,15
0562,2021,15
0562,2022,14
0563,2011,13
0563,2012,14
0563,2013,14
0563,2014,14
0563,2015,13
0563,2016,15
0563,2017,15
0563,2018,16
0563,2019,16
0563,2020,17
0563,2021,15
0563,2022,14
0580,2011,16
0580,2012,16
0580,2013,16
0580,2014,16
0580,2015,15
0580,2016,15
0580,2017,15
0580,2018,15
0580,2019,15
0580,2020,16
0580,2021,16
0580,2022,16
0581,2011,15
0581,2012,14
0581,2013,15
0581,2014,15
0581,2015,15
0581,2016,15
0581,2017,15
0581,2018,15
0581,2019,15
0581,2020,16
0581,2021,15
0581,2022,14
0582,2011,8
0582,2012,9
0582,2013,9
0582,2014,9
0582,2015,9
0582,2016,9
0582,2017,9
0582,2018,8
0582,2019,9
0582,2020,10
0582,2021,10
0582,2022,9
0583,2011,13
0583,2012,13
0583,2013,13
0583,2014,14
0583,2015,14
0583,2016,14
0583,2017,15
0583,2018,15
0583,2019,15
0583,2020,16
0583,2021,15
0583,2022,14
0584,2011,11
0584,2012,10
0584,2013,12
0584,2014,12
0584,2015,12
0584,2016,11
0584,2017,13
0584,2018,12
0584,2019,12
0584,2020,12
0584,2021,12
0584,2022,11
0586,2011,11
0586,2012,11
0586,2013,11
0586,2014,12
0586,2015,11
0586,2016,11
0586,2017,12
0586,2018,12
0586,2019,12
0586,2020,12
0586,2021,12
0586,2022,11
0604,2011,9
0604,2012,11
0604,2013,11
0604,2014,10
0604,2015,11
0604,2016,12
0604,2017,12
0604,2018,12
0604,2019,13
0604,2020,13
0604,2021,13
0604,2022,11
0617,2011,7
0617,2012,8
0617,2013,9
0617,2014,9
0617,2015,10
0617,2016,10
0617,2017,9
0617,2018,10
0617,2019,10
0617,2020,12
0617,2021,11
0617,2022,9
0642,2011,9
0642,2012,9
0642,2013,9
0642,2014,11
0642,2015,11
0642,2016,11
0642,2017,11
0642,2018,11
0642,2019,11
0642,2020,11
0642,2021,11
0642,2022,11
0643,2011,7
0643,2012,6
0643,2013,6
0643,2014,7
0643,2015,6
0643,2016,6
0643,2017,7
0643,2018,7
0643,2019,7
0643,2020,7
0643,2021,7
0643,2022,6
0662,2011,9
0662,2012,10
0662,2013,10
0662,2014,10
0662,2015,11
0662,2016,11
0662,2017,11
0662,2018,11
0662,2019,12
0662,2020,13
0662,2021,12
0662,2022,11
0665,2011,7
0665,2012,8
0665,2013,9
0665,2014,9
0665,2015,8
0665,2016,8
0665,2017,8
0665,2018,8
0665,2019,9
0665,2020,9
0665,2021,9
0665,2022,8
0680,2011,10
0680,2012,11
0680,2013,11
0680,2014,11
0680,2015,11
0680,2016,10
0680,2017,11
0680,2018,10
0680,2019,11
0680,2020,12
0680,2021,12
0680,2022,11
0682,2011,11
0682,2012,12
0682,2013,12
0682,2014,14
0682,2015,14
0682,2016,14
0682,2017,14
0682,2018,14
0682,2019,15
0682,2020,16
0682,2021,16
0682,2022,15
0683,2011,7
0683,2012,8
0683,2013,8
0683,2014,9
0683,2015,8
0683,2016,8
0683,2017,9
0683,2018,8
0683,2019,9
0683,2020,10
0683,2021,10
0683,2022,9
0684,2011,11
0684,2012,12
0684,2013,13
0684,2014,14
0684,2015,14
0684,2016,13
0684,2017,14
0684,2018,14
0684,2019,15
0684,2020,17
0684,2021,17
0684,2022,16
0685,2011,9
0685,2012,10
0685,2013,10
0685,2014,11
0685,2015,11
0685,2016,11
0685,2017,11
0685,2018,12
0685,2019,12
0685,2020,14
0685,2021,13
0685,2022,13
0686,2011,10
0686,2012,10
0686,2013,10
0686,2014,11
0686,2015,11
0686,2016,12
0686,2017,12
0686,2018,13
0686,2019,14
0686,2020,15
0686,2021,15
0686,2022,14
0687,2011,12
0687,2012,13
0687,2013,14
0687,2014,14
0687,2015,14
0687,2016,14
0687,2017,14
0687,2018,15
0687,2019,15
0687,2020,17
0687,2021,16
0687,2022,15
0760,2011,11
0760,2012,12
0760,2013,13
0760,2014,13
0760,2015,13
0760,2016,14
0760,2017,14
0760,2018,14
0760,2019,15
0760,2020,17
0760,2021,16
0760,2022,15
0761,2011,14
0761,2012,14
0761,2013,15
0761,2014,16
0761,2015,19
0761,2016,20
0761,2017,21
0761,2018,21
0761,2019,21
0761,2020,21
0761,2021,20
0761,2022,19
0763,2011,11
0763,2012,12
0763,2013,13
0763,2014,13
0763,2015,15
0763,2016,15
0763,2017,15
0763,2018,15
0763,2019,17
0763,2020,17
0763,2021,17
0763,2022,15
0764,2011,11
0764,2012,11
0764,2013,12
0764,2014,13
0764,2015,14
0764,2016,13
0764,2017,14
0764,2018,14
0764,2019,14
0764,2020,16
0764,2021,16
0764,2022,15
0765,2011,9
0765,2012,9
0765,2013,9
0765,2014,9
0765,2015,10
0765,2016,11
0765,2017,11
0765,2018,11
0765,2019,12
0765,2020,13
0765,2021,13
0765,2022,13
0767,2011,13
0767,2012,13
0767,2013,15
0767,2014,16
0767,2015,16
0767,2016,16
0767,2017,17
0767,2018,17
0767,2019,18
0767,2020,18
0767,2021,18
0767,2022,17
0780,2011,13
0780,2012,13
0780,2013,14
0780,2014,14
0780,2015,14
0780,2016,14
0780,2017,14
0780,2018,13
0780,2019,14
0780,2020,15
0780,2021,15
0780,2022,14
0781,2011,10
0781,2012,10
0781,2013,11
0781,2014,12
0781,2015,12
0781,2016,12
0781,2017,12
0781,2018,12
0781,2019,12
0781,2020,13
0781,2021,13
0781,2022,12
0821,2011,16
0821,2012,18
0821,2013,18
0821,2014,19
0821,2015,19
0821,2016,18
0821,2017,21
0821,2018,23
0821,2019,22
0821,2020,22
0821,2021,22
0821,2022,20
0834,2011,12
0834,2012,14
0834,2013,15
0834,2014,14
0834,2015,14
0834,2016,16
0834,2017,17
0834,2018,16
0834,2019,17
0834,2020,17
0834,2021,16
0834,2022,15
0840,2011,8
0840,2012,8
0840,2013,8
0840,2014,8
0840,2015,9
0840,2016,8
0840,2017,10
0840,2018,9
0840,2019,10
0840,2020,9
0840,2021,9
0840,2022,8
0860,2011,13
0860,2012,15
0860,2013,15
0860,2014,16
0860,2015,15
0860,2016,16
0860,2017,19
0860,2018,19
0860,2019,19
0860,2020,20
0860,2021,19
0860,2022,19
0861,2011,10
0861,2012,10
0861,2013,11
0861,2014,11
0861,2015,12
0861,2016,12
0861,2017,14
0861,2018,14
0861,2019,15
0861,2020,15
0861,2021,14
0861,2022,13
0862,2011,12
0862,2012,13
0862,2013,14
0862,2014,15
0862,2015,16
0862,2016,15
0862,2017,17
0862,2018,17
0862,2019,18
0862,2020,19
0862,2021,18
0862,2022,18
0880,2011,12
0880,2012,13
0880,2013,13
0880,2014,13
0880,2015,13
0880,2016,12
0880,2017,12
0880,2018,12
0880,2019,13
0880,2020,13
0880,2021,14
0880,2022,13
0881,2011,14
0881,2012,15
0881,2013,15
0881,2014,15
0881,2015,16
0881,2016,16
0881,2017,18
0881,2018,17
0881,2019,17
0881,2020,18
0881,2021,18
0881,2022,17
0882,2011,8
0882,2012,8
0882,2013,8
0882,2014,9
0882,2015,9
0882,2016,9
0882,2017,9
0882,2018,10
0882,2019,11
0882,2020,12
0882,2021,11
0882,2022,11
0883,2011,11
0883,2012,12
0883,2013,12
0883,2014,13
0883,2015,13
0883,2016,13
0883,2017,14
0883,2018,14
0883,2019,14
0883,2020,14
0883,2021,14
0883,2022,13
0884,2011,10
0884,2012,10
0884,2013,11
0884,2014,11
0884,2015,11
0884,2016,11
0884,2017,12
0884,2018,13
0884,2019,13
0884,2020,13
0884,2021,12
0884,2022,11
0885,2011,13
0885,2012,13
0885,2013,13
0885,2014,15
0885,2015,14
0885,2016,13
0885,2017,14
0885,2018,13
0885,2019,14
0885,2020,13
0885,2021,13
0885,2022,12
0980,2011,13
0980,2012,13
0980,2013,13
0980,2014,14
0980,2015,14
0980,2016,13
0980,2017,13
0980,2018,13
0980,2019,13
0980,2020,13
0980,2021,13
0980,2022,12
1060,2011,12
1060,2012,13
1060,2013,13
1060,2014,13
1060,2015,14
1060,2016,14
1060,2017,14
1060,2018,15
1060,2019,16
1060,2020,16
1060,2021,17
1060,2022,16
1080,2011,12
1080,2012,13
1080,2013,13
1080,2014,14
1080,2015,14
1080,2016,14
1080,2017,14
1080,2018,14
1080,2019,14
1080,2020,14
1080,2021,14
1080,2022,13
1081,2011,13
1081,2012,14
1081,2013,14
1081,2014,15
1081,2015,16
1081,2016,16
1081,2017,17
1081,2018,18
1081,2019,19
1081,2020,19
1081,2021,18
1081,2022,18
1082,2011,13
1082,2012,13
1082,2013,14
1082,2014,14
1082,2015,14
1082,2016,14
1082,2017,14
1082,2018,14
1082,2019,15
1082,2020,15
1082,2021,15
1082,2022,15
1083,2011,11
1083,2012,11
1083,2013,11
1083,2014,12
1083,2015,12
1083,2016,12
1083,2017,12
1083,2018,12
1083,2019,12
1083,2020,12
1083,2021,12
1083,2022,11
1214,2011,12
1214,2012,13
1214,2013,13
1214,2014,13
1214,2015,13
1214,2016,13
1214,2017,14
1214,2018,13
1214,2019,13
1214,2020,13
1214,2021,13
1214,2022,12
1230,2011,6
1230,2012,6
1230,2013,6
1230,2014,6
1230,2015,7
1230,2016,6
1230,2017,7
1230,2018,6
1230,2019,6
1230,2020,6
1230,2021,6
1230,2022,6
1231,2011,16
1231,2012,16
1231,2013,16
1231,2014,16
1231,2015,16
1231,2016,16
1231,2017,16
1231,2018,15
1231,2019,16
1231,2020,16
1231,2021,15
1231,2022,15
1233,2011,6
1233,2012,6
1233,2013,5
1233,2014,5
1233,2015,5
1233,2016,5
1233,2017,5
1233,2018,5
1233,2019,5
1233,2020,5
1233,2021,5
1233,2022,4
1256,2011,12
1256,2012,13
1256,2013,13
1256,2014,14
1256,2015,15
1256,2016,16
1256,2017,19
1256,2018,19
1256,2019,19
1256,2020,20
1256,2021,20
1256,2022,17
1257,2011,15
1257,2012,14
1257,2013,13
1257,2014,15
1257,2015,15
1257,2016,15
1257,2017,15
1257,2018,16
1257,2019,17
1257,2020,16
1257,2021,16
1257,2022,14
1260,2011,15
1260,2012,15
1260,2013,15
1260,2014,15
1260,2015,15
1260,2016,15
1260,2017,16
1260,2018,16
1260,2019,17
1260,2020,17
1260,2021,15
1260,2022,15
1261,2011,6
1261,2012,6
1261,2013,7
1261,2014,7
1261,2015,7
1261,2016,7
1261,2017,7
1261,2018,7
1261,2019,7
1261,2020,7
1261,2021,7
1261,2022,6
1262,2011,5
1262,2012,5
1262,2013,5
1262,2014,5
1262,2015,4
1262,2016,5
1262,2017,5
1262,2018,5
1262,2019,5
1262,2020,5
1262,2021,5
1262,2022,5
1263,2011,7
1263,2012,7
1263,2013,7
1263,2014,7
1263,2015,7
1263,2016,7
1263,2017,7
1263,2018,7
1263,2019,7
1263,2020,7
1263,2021,7
1263,2022,6
1264,2011,11
1264,2012,11
1264,2013,11
1264,2014,11
1264,2015,11
1264,2016,11
1264,2017,11
1264,2018,10
1264,2019,11
1264,2020,11
1264,2021,10
1264,2022,10
1265,2011,13
1265,2012,13
1265,2013,12
1265,2014,12
1265,2015,12
1265,2016,12
1265,2017,12
1265,2018,12
1265,2019,12
1265,2020,12
1265,2021,12
1265,2022,11
1266,2011,13
1266,2012,12
1266,2013,13
1266,2014,13
1266,2015,13
1266,2016,13
1266,2017,13
1266,2018,12
1266,2019,13
1266,2020,12
1266,2021,13
1266,2022,11
1267,2011,10
1267,2012,10
1267,2013,10
1267,2014,10
1267,2015,10
1267,2016,10
1267,2017,10
1267,2018,11
1267,2019,11
1267,2020,11
1267,2021,11
1267,2022,10
1270,2011,15
1270,2012,15
1270,2013,15
1270,2014,16
1270,2015,14
1270,2016,14
1270,2017,15
1270,2018,16
1270,2019,16
1270,2020,15
1270,2021,16
1270,2022,14
1272,2011,12
1272,2012,12
1272,2013,12
1272,2014,12
1272,2015,13
1272,2016,13
1272,2017,13
1272,2018,13
1272,2019,14
1272,2020,14
1272,2021,15
1272,2022,13
1273,2011,13
1273,2012,13
1273,2013,15
1273,2014,14
1273,2015,14
1273,2016,15
1273,2017,15
1273,2018,15
1273,2019,15
1273,2020,16
1273,2021,16
1273,2022,15
1275,2011,19
1275,2012,19
1275,2013,19
1275,2014,20
1275,2015,22
1275,2016,22
1275,2017,22
1275,2018,23
1275,2019,24
1275,2020,25
1275,2021,24
1275,2022,23
1276,2011,15
1276,2012,15
1276,2013,16
1276,2014,16
1276,2015,16
1276,2016,16
1276,2017,16
1276,2018,15
1276,2019,16
1276,2020,16
1276,2021,15
1276,2022,15
1277,2011,15
1277,2012,16
1277,2013,16
1277,2014,16
1277,2015,15
1277,2016,15
1277,2017,16
1277,2018,16
1277,2019,16
1277,2020,16
1277,2021,16
1277,2022,16
1278,2011,11
1278,2012,11
1278,2013,12
1278,2014,12
1278,2015,11
1278,2016,11
1278,2017,11
1278,2018,11
1278,2019,11
1278,2020,11
1278,2021,10
1278,2022,10
1280,2011,22
1280,2012,22
1280,2013,22
1280,2014,22
1280,2015,21
1280,2016,20
1280,2017,21
1280,2018,20
1280,2019,20
1280,2020,20
1280,2021,20
1280,2022,19
1281,2011,18
1281,2012,18
1281,2013,18
1281,2014,20
1281,2015,18
1281,2016,18
1281,2017,18
1281,2018,18
1281,2019,19
1281,2020,19
1281,2021,20
1281,2022,20
1282,2011,19
1282,2012,19
1282,2013,20
1282,2014,20
1282,2015,19
1282,2016,19
1282,2017,19
1282,2018,18
1282,2019,18
1282,2020,18
1282,2021,18
1282,2022,16
1283,2011,15
1283,2012,15
1283,2013,14
1283,2014,15
1283,2015,15
1283,2016,15
1283,2017,15
1283,2018,15
1283,2019,15
1283,2020,16
1283,2021,15
1283,2022,15
1284,2011,9
1284,2012,9
1284,2013,9
1284,2014,9
1284,2015,10
1284,2016,9
1284,2017,9
1284,2018,10
1284,2019,10
1284,2020,10
1284,2021,9
1284,2022,9
1285,2011,11
1285,2012,11
1285,2013,12
1285,2014,12
1285,2015,12
1285,2016,12
1285,2017,13
1285,2018,12
1285,2019,13
1285,2020,14
1285,2021,14
1285,2022,13
1286,2011,9
1286,2012,9
1286,2013,10
1286,2014,9
1286,2015,9
1286,2016,9
1286,2017,9
1286,2018,9
1286,2019,10
1286,2020,10
1286,2021,10
1286,2022,9
1287,2011,12
1287,2012,12
1287,2013,12
1287,2014,12
1287,2015,12
1287,2016,11
1287,2017,12
1287,2018,12
1287,2019,12
1287,2020,12
1287,2021,12
1287,2022,11
1290,2011,14
1290,2012,15
1290,2013,15
1290,2014,15
1290,2015,16
1290,2016,15
1290,2017,16
1290,2018,16
1290,2019,16
1290,2020,16
1290,2021,17
1290,2022,16
1291,2011,13
1291,2012,13
1291,2013,14
1291,2014,14
1291,2015,14
1291,2016,14
1291,2017,15
1291,2018,15
1291,2019,15
1291,2020,15
1291,2021,15
1291,2022,14
1292,2011,8
1292,2012,9
1292,2013,9
1292,2014,9
1292,2015,9
1292,2016,9
1292,2017,9
1292,2018,9
1292,2019,9
1292,2020,9
1292,2021,9
1292,2022,9
1293,2011,14
1293,2012,14
1293,2013,15
1293,2014,15
1293,2015,15
1293,2016,14
1293,2017,15
1293,2018,15
1293,2019,15
1293,2020,16
1293,2021,16
1293,2022,15
1315,2011,11
1315,2012,12
1315,2013,11
1315,2014,13
1315,2015,14
1315,2016,15
1315,2017,17
1315,2018,16
1315,2019,17
1315,2020,18
1315,2021,18
1315,2022,16
1380,2011,11
1380,2012,11
1380,2013,12
1380,2014,12
1380,2015,12
1380,2016,12
1380,2017,12
1380,2018,12
1380,2019,13
1380,2020,13
1380,2021,14
1380,2022,13
1381,2011,10
1381,2012,10
1381,2013,11
1381,2014,12
1381,2015,12
1381,2016,13
1381,2017,12
1381,2018,13
1381,2019,13
1381,2020,13
1381,2021,12
1381,2022,11
1382,2011,9
1382,2012,9
1382,2013,10
1382,2014,10
1382,2015,10
1382,2016,10
1382,2017,10
1382,2018,10
1382,2019,10
1382,2020,11
1382,2021,11
1382,2022,10
1383,2011,8
1383,2012,8
1383,2013,8
1383,2014,7
1383,2015,7
1383,2016,7
1383,2017,7
1383,2018,7
1383,2019,7
1383,2020,8
1383,2021,8
1383,2022,7
1384,2011,5
1384,2012,5
1384,2013,5
1384,2014,5
1384,2015,5
1384,2016,4
1384,2017,5
1384,2018,5
1384,2019,5
1384,2020,5
1384,2021,5
1384,2022,5
1401,2011,6
1401,2012,5
1401,2013,6
1401,2014,6
1401,2015,6
1401,2016,5
1401,2017,6
1401,2018,6
1401,2019,6
1401,2020,6
1401,2021,6
1401,2022,6
1402,2011,7
1402,2012,7
1402,2013,7
1402,2014,7
1402,2015,7
1402,2016,7
1402,2017,7
1402,2018,7
1402,2019,7
1402,2020,8
1402,2021,8
1402,2022,7
1407,2011,4
1407,2012,4
1407,2013,4
1407,2014,4
1407,2015,4
1407,2016,4
1407,2017,4
1407,2018,5
1407,2019,4
1407,2020,4
1407,2021,4
1407,2022,4
1415,2011,7
1415,2012,6
1415,2013,7
1415,2014,7
1415,2015,6
1415,2016,6
1415,2017,7
1415,2018,7
1415,2019,7
1415,2020,7
1415,2021,8
1415,2022,7
1419,2011,6
1419,2012,6
1419,2013,6
1419,2014,6
1419,2015,6
1419,2016,6
1419,2017,6
1419,2018,6
1419,2019,6
1419,2020,6
1419,2021,7
1419,2022,6
1421,2011,9
1421,2012,8
1421,2013,9
1421,2014,10
1421,2015,10
1421,2016,10
1421,2017,10
1421,2018,9
1421,2019,10
1421,2020,10
1421,2021,10
1421,2022,9
1427,2011,9
1427,2012,8
1427,2013,9
1427,2014,8
1427,2015,8
1427,2016,8
1427,2017,9
1427,2018,8
1427,2019,8
1427,2020,9
1427,2021,10
1427,2022,8
1430,2011,15
1430,2012,13
1430,2013,12
1430,2014,13
1430,2015,12
1430,2016,12
1430,2017,13
1430,2018,13
1430,2019,14
1430,2020,15
1430,2021,15
1430,2022,12
1435,2011,14
1435,2012,12
1435,2013,12
1435,2014,12
1435,2015,10
1435,2016,10
1435,2017,11
1435,2018,11
1435,2019,11
1435,2020,11
1435,2021,11
1435,2022,11
1438,2011,19
1438,2012,17
1438,2013,17
1438,2014,17
1438,2015,15
1438,2016,16
1438,2017,16
1438,2018,15
1438,2019,14
1438,2020,15
1438,2021,15
1438,2022,14
1439,2011,13
1439,2012,14
1439,2013,14
1439,2014,14
1439,2015,13
1439,2016,13
1439,2017,13
1439,2018,14
1439,2019,16
1439,2020,16
1439,2021,16
1439,2022,15
1440,2011,7
1440,2012,8
1440,2013,8
1440,2014,8
1440,2015,7
1440,2016,7
1440,2017,7
1440,2018,7
1440,2019,7
1440,2020,8
1440,2021,8
1440,2022,7
1441,2011,5
1441,2012,5
1441,2013,5
1441,2014,5
1441,2015,5
1441,2016,5
1441,2017,5
1441,2018,5
1441,2019,5
1441,2020,6
1441,2021,6
1441,2022,5
1442,2011,10
1442,2012,10
1442,2013,11
1442,2014,11
1442,2015,10
1442,2016,10
1442,2017,11
1442,2018,10
1442,2019,10
1442,2020,10
1442,2021,10
1442,2022,10
1443,2011,6
1443,2012,7
1443,2013,6
1443,2014,6
1443,2015,7
1443,2016,7
1443,2017,6
1443,2018,6
1443,2019,7
1443,2020,6
1443,2021,7
1443,2022,6
1444,2011,10
1444,2012,11
1444,2013,11
1444,2014,11
1444,2015,10
1444,2016,10
1444,2017,11
1444,2018,10
1444,2019,10
1444,2020,10
1444,2021,11
1444,2022,10
1445,2011,12
1445,2012,13
1445,2013,13
1445,2014,13
1445,2015,12
1445,2016,13
1445,2017,13
1445,2018,13
1445,2019,14
1445,2020,14
1445,2021,14
1445,2022,13
1446,2011,8
1446,2012,8
1446,2013,8
1446,2014,9
1446,2015,10
1446,2016,10
1446,2017,11
1446,2018,11
1446,2019,11
1446,2020,11
1446,2021,11
1446,2022,10
1447,2011,16
1447,2012,16
1447,2013,17
1447,2014,17
1447,2015,18
1447,2016,18
1447,2017,19
1447,2018,19
1447,2019,19
1447,2020,19
1447,2021,20
1447,2022,18
1452,2011,8
1452,2012,8
1452,2013,9
1452,2014,9
1452,2015,10
1452,2016,10
1452,2017,11
1452,2018,10
1452,2019,11
1452,2020,11
1452,2021,11
1452,2022,9
1460,2011,18
1460,2012,15
1460,2013,15
1460,2014,15
1460,2015,16
1460,2016,17
1460,2017,19
1460,2018,19
1460,2019,19
1460,2020,19
1460,2021,19
1460,2022,18
1461,2011,19
1461,2012,16
1461,2013,17
1461,2014,17
1461,2015,17
1461,2016,18
1461,2017,20
1461,2018,19
1461,2019,19
1461,2020,19
1461,2021,19
1461,2022,18
1462,2011,11
1462,2012,11
1462,2013,12
1462,2014,12
1462,2015,12
1462,2016,10
1462,2017,11
1462,2018,10
1462,2019,10
1462,2020,11
1462,2021,12
1462,2022,10
1463,2011,10
1463,2012,9
1463,2013,9
1463,2014,10
1463,2015,11
1463,2016,10
1463,2017,10
1463,2018,10
1463,2019,11
1463,2020,11
1463,2021,11
1463,2022,11
1465,2011,11
1465,2012,11
1465,2013,11
1465,2014,12
1465,2015,13
1465,2016,13
1465,2017,13
1465,2018,13
1465,2019,13
1465,2020,14
1465,2021,14
1465,2022,14
1466,2011,9
1466,2012,10
1466,2013,11
1466,2014,12
1466,2015,12
1466,2016,11
1466,2017,11
1466,2018,11
1466,2019,11
1466,2020,12
1466,2021,13
1466,2022,11
1470,2011,11
1470,2012,12
1470,2013,13
1470,2014,14
1470,2015,13
1470,2016,14
1470,2017,13
1470,2018,13
1470,2019,13
1470,2020,14
1470,2021,14
1470,2022,13
1471,2011,9
1471,2012,11
1471,2013,11
1471,2014,11
1471,2015,11
1471,2016,11
1471,2017,10
1471,2018,10
1471,2019,11
1471,2020,11
1471,2021,11
1471,2022,10
1472,2011,12
1472,2012,12
1472,2013,13
1472,2014,14
1472,2015,14
1472,2016,15
1472,2017,14
1472,2018,14
1472,2019,15
1472,2020,16
1472,2021,16
1472,2022,14
1473,2011,16
1473,2012,15
1473,2013,16
1473,2014,17
1473,2015,17
1473,2016,18
1473,2017,19
1473,2018,18
1473,2019,18
1473,2020,18
1473,2021,19
1473,2022,17
1480,2011,16
1480,2012,16
1480,2013,16
1480,2014,16
1480,2015,15
1480,2016,15
1480,2017,15
1480,2018,14
1480,2019,15
1480,2020,15
1480,2021,15
1480,2022,14
1481,2011,7
1481,2012,7
1481,2013,7
1481,2014,7
1481,2015,7
1481,2016,7
1481,2017,7
1481,2018,7
1481,2019,7
1481,2020,7
1481,2021,7
1481,2022,6
1482,2011,6
1482,2012,7
1482,2013,7
1482,2014,6
1482,2015,6
1482,2016,6
1482,2017,6
1482,2018,6
1482,2019,7
1482,2020,7
1482,2021,7
1482,2022,6
1484,2011,11
1484,2012,10
1484,2013,10
1484,2014,11
1484,2015,11
1484,2016,12
1484,2017,12
1484,2018,13
1484,2019,14
1484,2020,14
1484,2021,13
1484,2022,12
1485,2011,13
1485,2012,13
1485,2013,13
1485,2014,14
1485,2015,14
1485,2016,13
1485,2017,14
1485,2018,14
1485,2019,15
1485,2020,15
1485,2021,15
1485,2022,14
1486,2011,17
1486,2012,14
1486,2013,15
1486,2014,16
1486,2015,10
1486,2016,10
1486,2017,11
1486,2018,11
1486,2019,11
1486,2020,13
1486,2021,13
1486,2022,10
1487,2011,12
1487,2012,13
1487,2013,13
1487,2014,14
1487,2015,14
1487,2016,14
1487,2017,14
1487,2018,13
1487,2019,15
1487,2020,15
1487,2021,15
1487,2022,14
1488,2011,16
1488,2012,16
1488,2013,16
1488,2014,17
1488,2015,16
1488,2016,15
1488,2017,15
1488,2018,15
1488,2019,16
1488,2020,17
1488,2021,17
1488,2022,15
1489,2011,9
1489,2012,9
1489,2013,9
1489,2014,10
1489,2015,9
1489,2016,9
1489,2017,9
1489,2018,9
1489,2019,10
1489,2020,10
1489,2021,10
1489,2022,9
1490,2011,12
1490,2012,12
1490,2013,13
1490,2014,13
1490,2015,13
1490,2016,12
1490,2017,13
1490,2018,12
1490,2019,13
1490,2020,13
1490,2021,13
1490,2022,13
1491,2011,10
1491,2012,10
1491,2013,10
1491,2014,10
1491,2015,10
1491,2016,10
1491,2017,10
1491,2018,10
1491,2019,10
1491,2020,10
1491,2021,10
1491,2022,10
1492,2011,15
1492,2012,14
1492,2013,16
1492,2014,16
1492,2015,17
1492,2016,17
1492,2017,17
1492,2018,18
1492,2019,19
1492,2020,20
1492,2021,19
1492,2022,17
1493,2011,11
1493,2012,11
1493,2013,12
1493,2014,12
1493,2015,12
1493,2016,11
1493,2017,12
1493,2018,11
1493,2019,12
1493,2020,12
1493,2021,11
1493,2022,11
1494,2011,9
1494,2012,10
1494,2013,10
1494,2014,11
1494,2015,10
1494,2016,10
1494,2017,10
1494,2018,10
1494,2019,10
1494,2020,11
1494,2021,11
1494,2022,9
1495,2011,12
1495,2012,13
1495,2013,13
1495,2014,14
1495,2015,14
1495,2016,13
1495,2017,14
1495,2018,13
1495,2019,14
1495,2020,15
1495,2021,15
1495,2022,13
1496,2011,11
1496,2012,12
1496,2013,12
1496,2014,12
1496,2015,12
1496,2016,12
1496,2017,12
1496,2018,11
1496,2019,12
1496,2020,12
1496,2021,12
1496,2022,11
1497,2011,11
1497,2012,11
1497,2013,11
1497,2014,12
1497,2015,11
1497,2016,10
1497,2017,12
1497,2018,11
1497,2019,12
1497,2020,13
1497,2021,12
1497,2022,11
1498,2011,12
1498,2012,12
1498,2013,12
1498,2014,11
1498,2015,13
1498,2016,12
1498,2017,13
1498,2018,13
1498,2019,13
1498,2020,13
1498,2021,13
1498,2022,12
1499,2011,13
1499,2012,13
1499,2013,14
1499,2014,15
1499,2015,15
1499,2016,14
1499,2017,15
1499,2018,14
1499,2019,16
1499,2020,17
1499,2021,16
1499,2022,15
1715,2011,12
1715,2012,10
1715,2013,11
1715,2014,11
1715,2015,11
1715,2016,10
1715,2017,11
1715,2018,10
1715,2019,11
1715,2020,11
1715,2021,11
1715,2022,10
1730,2011,23
1730,2012,20
1730,2013,20
1730,2014,21
1730,2015,14
1730,2016,15
1730,2017,16
1730,2018,16
1730,2019,16
1730,2020,19
1730,2021,20
1730,2022,16
1737,2011,16
1737,2012,14
1737,2013,15
1737,2014,15
1737,2015,13
1737,2016,14
1737,2017,14
1737,2018,14
1737,2019,15
1737,2020,15
1737,2021,15
1737,2022,14
1760,2011,15
1760,2012,14
1760,2013,15
1760,2014,16
1760,2015,16
1760,2016,16
1760,2017,17
1760,2018,16
1760,2019,15
1760,2020,16
1760,2021,14
1760,2022,13
1761,2011,8
1761,2012,7
1761,2013,7
1761,2014,7
1761,2015,6
1761,2016,6
1761,2017,6
1761,2018,7
1761,2019,7
1761,2020,7
1761,2021,8
1761,2022,7
1762,2011,18
1762,2012,15
1762,2013,16
1762,2014,16
1762,2015,17
1762,2016,17
1762,2017,20
1762,2018,20
1762,2019,18
1762,2020,19
1762,2021,19
1762,2022,18
1763,2011,13
1763,2012,12
1763,2013,12
1763,2014,13
1763,2015,12
1763,2016,13
1763,2017,13
1763,2018,12
1763,2019,12
1763,2020,12
1763,2021,13
1763,2022,12
1764,2011,14
1764,2012,14
1764,2013,14
1764,2014,15
1764,2015,15
1764,2016,15
1764,2017,14
1764,2018,14
1764,2019,15
1764,2020,16
1764,2021,16
1764,2022,15
1765,2011,26
1765,2012,18
1765,2013,18
1765,2014,18
1765,2015,13
1765,2016,12
1765,2017,13
1765,2018,14
1765,2019,13
1765,2020,15
1765,2021,15
1765,2022,12
1766,2011,15
1766,2012,12
1766,2013,13
1766,2014,13
1766,2015,13
1766,2016,13
1766,2017,14
1766,2018,13
1766,2019,14
1766,2020,15
1766,2021,14
1766,2022,14
1780,2011,15
1780,2012,14
1780,2013,14
1780,2014,14
1780,2015,13
1780,2016,13
1780,2017,14
1780,2018,14
1780,2019,14
1780,2020,15
1780,2021,15
1780,2022,14
1781,2011,16
1781,2012,15
1781,2013,16
1781,2014,17
1781,2015,16
1781,2016,17
1781,2017,18
1781,2018,17
1781,2019,17
1781,2020,18
1781,2021,18
1781,2022,17
1782,2011,16
1782,2012,16
1782,2013,17
1782,2014,19
1782,2015,20
1782,2016,20
1782,2017,21
1782,2018,22
1782,2019,23
1782,2020,23
1782,2021,22
1782,2022,22
1783,2011,16
1783,2012,15
1783,2013,15
1783,2014,16
1783,2015,15
1783,2016,15
1783,2017,16
1783,2018,16
1783,2019,17
1783,2020,17
1783,2021,18
1783,2022,17
1784,2011,15
1784,2012,14
1784,2013,14
1784,2014,14
1784,2015,13
1784,2016,13
1784,2017,14
1784,2018,14
1784,2019,14
1784,2020,14
1784,2021,15
1784,2022,13
1785,2011,15
1785,2012,14
1785,2013,14
1785,2014,16
1785,2015,17
1785,2016,16
1785,2017,17
1785,2018,18
1785,2019,18
1785,2020,20
1785,2021,19
1785,2022,18
1814,2011,10
1814,2012,10
1814,2013,10
1814,2014,11
1814,2015,11
1814,2016,10
1814,2017,10
1814,2018,10
1814,2019,10
1814,2020,11
1814,2021,11
1814,2022,9
1860,2011,9
1860,2012,9
1860,2013,10
1860,2014,12
1860,2015,14
1860,2016,14
1860,2017,16
1860,2018,15
1860,2019,17
1860,2020,16
1860,2021,17
1860,2022,16
1861,2011,11
1861,2012,12
1861,2013,13
1861,2014,13
1861,2015,13
1861,2016,14
1861,2017,14
1861,2018,15
1861,2019,15
1861,2020,15
1861,2021,15
1861,2022,14
1862,2011,11
1862,2012,12
1862,2013,13
1862,2014,14
1862,2015,15
1862,2016,15
1862,2017,16
1862,2018,17
1862,2019,17
1862,2020,17
1862,2021,18
1862,2022,17
1863,2011,14
1863,2012,15
1863,2013,15
1863,2014,16
1863,2015,18
1863,2016,18
1863,2017,19
1863,2018,19
1863,2019,22
1863,2020,22
1863,2021,24
1863,2022,21
1864,2011,18
1864,2012,17
1864,2013,18
1864,2014,18
1864,2015,21
1864,2016,21
1864,2017,22
1864,2018,21
1864,2019,23
1864,2020,24
1864,2021,23
1864,2022,22
1880,2011,15
1880,2012,15
1880,2013,15
1880,2014,16
1880,2015,15
1880,2016,15
1880,2017,15
1880,2018,15
1880,2019,16
1880,2020,16
1880,2021,16
1880,2022,15
1881,2011,10
1881,2012,10
1881,2013,10
1881,2014,11
1881,2015,11
1881,2016,10
1881,2017,11
1881,2018,11
1881,2019,11
1881,2020,12
1881,2021,12
1881,2022,11
1882,2011,10
1882,2012,10
1882,2013,10
1882,2014,10
1882,2015,11
1882,2016,12
1882,2017,12
1882,2018,11
1882,2019,12
1882,2020,12
1882,2021,12
1882,2022,11
1883,2011,12
1883,2012,12
1883,2013,13
1883,2014,14
1883,2015,14
1883,2016,15
1883,2017,15
1883,2018,15
1883,2019,15
1883,2020,15
1883,2021,15
1883,2022,14
1884,2011,12
1884,2012,12
1884,2013,12
1884,2014,13
1884,2015,14
1884,2016,14
1884,2017,14
1884,2018,14
1884,2019,15
1884,2020,15
1884,2021,15
1884,2022,14
1885,2011,13
1885,2012,13
1885,2013,14
1885,2014,15
1885,2015,15
1885,2016,15
1885,2017,15
1885,2018,16
1885,2019,16
1885,2020,17
1885,2021,16
1885,2022,15
1904,2011,14
1904,2012,15
1904,2013,15
1904,2014,16
1904,2015,17
1904,2016,15
1904,2017,14
1904,2018,15
1904,2019,16
1904,2020,15
1904,2021,17
1904,2022,16
1907,2011,10
1907,2012,10
1907,2013,11
1907,2014,11
1907,2015,11
1907,2016,11
1907,2017,11
1907,2018,11
1907,2019,12
1907,2020,12
1907,2021,12
1907,2022,11
1960,2011,11
1960,2012,12
1960,2013,14
1960,2014,14
1960,2015,15
1960,2016,14
1960,2017,17
1960,2018,17
1960,2019,18
1960,2020,18
1960,2021,17
1960,2022,16
1961,2011,13
1961,2012,14
1961,2013,14
1961,2014,14
1961,2015,14
1961,2016,13
1961,2017,14
1961,2018,13
1961,2019,15
1961,2020,14
1961,2021,14
1961,2022,13
1962,2011,13
1962,2012,14
1962,2013,13
1962,2014,14
1962,2015,15
1962,2016,15
1962,2017,16
1962,2018,15
1962,2019,16
1962,2020,17
1962,2021,18
1962,2022,18
1980,2011,13
1980,2012,12
1980,2013,12
1980,2014,13
1980,2015,13
1980,2016,12
1980,2017,13
1980,2018,13
1980,2019,13
1980,2020,14
1980,2021,14
1980,2022,13
1981,2011,12
1981,2012,13
1981,2013,13
1981,2014,14
1981,2015,14
1981,2016,13
1981,2017,14
1981,2018,14
1981,2019,14
1981,2020,14
1981,2021,15
1981,2022,14
1982,2011,14
1982,2012,14
1982,2013,14
1982,2014,16
1982,2015,17
1982,2016,18
1982,2017,18
1982,2018,18
1982,2019,18
1982,2020,19
1982,2021,20
1982,2022,19
1983,2011,13
1983,2012,14
1983,2013,15
1983,2014,15
1983,2015,15
1983,2016,15
1983,2017,15
1983,2018,15
1983,2019,16
1983,2020,17
1983,2021,16
1983,2022,15
1984,2011,14
1984,2012,15
1984,2013,15
1984,2014,15
1984,2015,16
1984,2016,16
1984,2017,15
1984,2018,15
1984,2019,15
1984,2020,16
1984,2021,16
1984,2022,14
2021,2011,15
2021,2012,13
2021,2013,14
2021,2014,15
2021,2015,13
2021,2016,12
2021,2017,13
2021,2018,14
2021,2019,14
2021,2020,14
2021,2021,14
2021,2022,12
2023,2011,13
2023,2012,12
2023,2013,13
2023,2014,14
2023,2015,12
2023,2016,11
2023,2017,12
2023,2018,12
2023,2019,12
2023,2020,11
2023,2021,11
2023,2022,10
2026,2011,9
2026,2012,9
2026,2013,9
2026,2014,9
2026,2015,9
2026,2016,10
2026,2017,9
2026,2018,9
2026,2019,9
2026,2020,8
2026,2021,9
2026,2022,8
2029,2011,10
2029,2012,9
2029,2013,10
2029,2014,10
2029,2015,9
2029,2016,10
2029,2017,11
2029,2018,11
2029,2019,11
2029,2020,11
2029,2021,11
2029,2022,10
2031,2011,12
2031,2012,12
2031,2013,11
2031,2014,12
2031,2015,12
2031,2016,11
2031,2017,11
2031,2018,11
2031,2019,12
2031,2020,12
2031,2021,12
2031,2022,11
2034,2011,18
2034,2012,17
2034,2013,17
2034,2014,17
2034,2015,16
2034,2016,15
2034,2017,16
2034,2018,16
2034,2019,16
2034,2020,16
2034,2021,16
2034,2022,15
2039,2011,15
2039,2012,13
2039,2013,13
2039,2014,14
2039,2015,13
2039,2016,11
2039,2017,13
2039,2018,13
2039,2019,14
2039,2020,13
2039,2021,14
2039,2022,12
2061,2011,10
2061,2012,10
2061,2013,10
2061,2014,11
2061,2015,11
2061,2016,11
2061,2017,12
2061,2018,12
2061,2019,13
2061,2020,12
2061,2021,13
2061,2022,12
2062,2011,11
2062,2012,10
2062,2013,10
2062,2014,10
2062,2015,10
2062,2016,10
2062,2017,10
2062,2018,10
2062,2019,10
2062,2020,10
2062,2021,11
2062,2022,10
2080,2011,11
2080,2012,11
2080,2013,11
2080,2014,12
2080,2015,12
2080,2016,12
2080,2017,12
2080,2018,12
2080,2019,12
2080,2020,12
2080,2021,12
2080,2022,11
2081,2011,15
2081,2012,15
2081,2013,15
2081,2014,16
2081,2015,16
2081,2016,17
2081,2017,17
2081,2018,17
2081,2019,17
2081,2020,18
2081,2021,18
2081,2022,16
2082,2011,9
2082,2012,9
2082,2013,10
2082,2014,10
2082,2015,10
2082,2016,10
2082,2017,10
2082,2018,9
2082,2019,10
2082,2020,10
2082,2021,10
2082,2022,10
2083,2011,12
2083,2012,14
2083,2013,14
2083,2014,15
2083,2015,15
2083,2016,15
2083,2017,16
2083,2018,16
2083,2019,17
2083,2020,17
2083,2021,17
2083,2022,16
2084,2011,12
2084,2012,12
2084,2013,13
2084,2014,14
2084,2015,15
2084,2016,17
2084,2017,17
2084,2018,17
2084,2019,17
2084,2020,17
2084,2021,17
2084,2022,16
2085,2011,13
2085,2012,13
2085,2013,13
2085,2014,13
2085,2015,14
2085,2016,15
2085,2017,16
2085,2018,17
2085,2019,17
2085,2020,18
2085,2021,18
2085,2022,17
2101,2011,12
2101,2012,14
2101,2013,14
2101,2014,15
2101,2015,16
2101,2016,17
2101,2017,17
2101,2018,17
2101,2019,19
2101,2020,16
2101,2021,17
2101,2022,16
2104,2011,11
2104,2012,12
2104,2013,13
2104,2014,13
2104,2015,14
2104,2016,14
2104,2017,14
2104,2018,14
2104,2019,15
2104,2020,15
2104,2021,15
2104,2022,15
2121,2011,10
2121,2012,11
2121,2013,12
2121,2014,12
2121,2015,13
2121,2016,13
2121,2017,12
2121,2018,12
2121,2019,14
2121,2020,14
2121,2021,14
2121,2022,13
2132,2011,14
2132,2012,14
2132,2013,14
2132,2014,15
2132,2015,15
2132,2016,13
2132,2017,15
2132,2018,15
2132,2019,16
2132,2020,16
2132,2021,16
2132,2022,15
2161,2011,13
2161,2012,13
2161,2013,14
2161,2014,14
2161,2015,16
2161,2016,15
2161,2017,16
2161,2018,16
2161,2019,16
2161,2020,15
2161,2021,15
2161,2022,14
2180,2011,13
2180,2012,13
2180,2013,14
2180,2014,15
2180,2015,15
2180,2016,14
2180,2017,15
2180,2018,14
2180,2019,15
2180,2020,15
2180,2021,15
2180,2022,15
2181,2011,12
2181,2012,13
2181,2013,14
2181,2014,14
2181,2015,15
2181,2016,15
2181,2017,16
2181,2018,16
2181,2019,17
2181,2020,17
2181,2021,17
2181,2022,16
2182,2011,13
2182,2012,12
2182,2013,13
2182,2014,14
2182,2015,15
2182,2016,15
2182,2017,15
2182,2018,15
2182,2019,17
2182,2020,16
2182,2021,17
2182,2022,16
2183,2011,13
2183,2012,14
2183,2013,15
2183,2014,17
2183,2015,17
2183,2016,17
2183,2017,17
2183,2018,17
2183,2019,18
2183,2020,18
2183,2021,17
2183,2022,17
2184,2011,12
2184,2012,12
2184,2013,12
2184,2014,13
2184,2015,13
2184,2016,13
2184,2017,13
2184,2018,13
2184,2019,13
2184,2020,13
2184,2021,12
2184,2022,12
2260,2011,12
2260,2012,13
2260,2013,14
2260,2014,14
2260,2015,14
2260,2016,13
2260,2017,14
2260,2018,14
2260,2019,15
2260,2020,14
2260,2021,15
2260,2022,14
2262,2011,11
2262,2012,11
2262,2013,11
2262,2014,11
2262,2015,12
2262,2016,11
2262,2017,11
2262,2018,11
2262,2019,12
2262,2020,12
2262,2021,12
2262,2022,11
2280,2011,14
2280,2012,15
2280,2013,15
2280,2014,16
2280,2015,16
2280,2016,17
2280,2017,18
2280,2018,18
2280,2019,19
2280,2020,18
2280,2021,18
2280,2022,17
2281,2011,11
2281,2012,12
2281,2013,11
2281,2014,12
2281,2015,11
2281,2016,12
2281,2017,11
2281,2018,12
2281,2019,12
2281,2020,12
2281,2021,12
2281,2022,12
2282,2011,14
2282,2012,15
2282,2013,15
2282,2014,15
2282,2015,16
2282,2016,17
2282,2017,18
2282,2018,19
2282,2019,18
2282,2020,19
2282,2021,18
2282,2022,17
2283,2011,15
2283,2012,15
2283,2013,15
2283,2014,16
2283,2015,16
2283,2016,17
2283,2017,18
2283,2018,17
2283,2019,18
2283,2020,17
2283,2021,17
2283,2022,17
2284,2011,9
2284,2012,9
2284,2013,9
2284,2014,9
2284,2015,9
2284,2016,10
2284,2017,11
2284,2018,11
2284,2019,12
2284,2020,12
2284,2021,12
2284,2022,11
2303,2011,13
2303,2012,14
2303,2013,14
2303,2014,13
2303,2015,15
2303,2016,15
2303,2017,16
2303,2018,15
2303,2019,17
2303,2020,16
2303,2021,16
2303,2022,17
2305,2011,15
2305,2012,16
2305,2013,16
2305,2014,17
2305,2015,18
2305,2016,17
2305,2017,17
2305,2018,18
2305,2019,18
2305,2020,17
2305,2021,17
2305,2022,17
2309,2011,11
2309,2012,11
2309,2013,11
2309,2014,10
2309,2015,11
2309,2016,10
2309,2017,10
2309,2018,10
2309,2019,10
2309,2020,10
2309,2021,11
2309,2022,10
2313,2011,15
2313,2012,15
2313,2013,15
2313,2014,15
2313,2015,15
2313,2016,15
2313,2017,15
2313,2018,16
2313,2019,16
2313,2020,16
2313,2021,16
2313,2022,15
2321,2011,14
2321,2012,13
2321,2013,14
2321,2014,14
2321,2015,12
2321,2016,12
2321,2017,12
2321,2018,12
2321,2019,12
2321,2020,13
2321,2021,12
2321,2022,10
2326,2011,15
2326,2012,15
2326,2013,13
2326,2014,14
2326,2015,15
2326,2016,13
2326,2017,16
2326,2018,15
2326,2019,15
2326,2020,14
2326,2021,15
2326,2022,15
2361,2011,12
2361,2012,12
2361,2013,13
2361,2014,13
2361,2015,12
2361,2016,12
2361,2017,12
2361,2018,12
2361,2019,13
2361,2020,13
2361,2021,13
2361,2022,12
2380,2011,12
2380,2012,12
2380,2013,12
2380,2014,13
2380,2015,13
2380,2016,12
2380,2017,13
2380,2018,12
2380,2019,13
2380,2020,13
2380,2021,13
2380,2022,12
2401,2011,10
2401,2012,12
2401,2013,13
2401,2014,13
2401,2015,14
2401,2016,12
2401,2017,12
2401,2018,13
2401,2019,12
2401,2020,13
2401,2021,13
2401,2022,13
2403,2011,14
2403,2012,13
2403,2013,14
2403,2014,14
2403,2015,14
2403,2016,14
2403,2017,12
2403,2018,13
2403,2019,14
2403,2020,13
2403,2021,14
2403,2022,14
2404,2011,12
2404,2012,12
2404,2013,12
2404,2014,12
2404,2015,12
2404,2016,12
2404,2017,14
2404,2018,13
2404,2019,12
2404,2020,13
2404,2021,14
2404,2022,13
2409,2011,10
2409,2012,11
2409,2013,10
2409,2014,10
2409,2015,12
2409,2016,12
2409,2017,12
2409,2018,12
2409,2019,11
2409,2020,10
2409,2021,10
2409,2022,10
2417,2011,9
2417,2012,10
2417,2013,10
2417,2014,12
2417,2015,14
2417,2016,12
2417,2017,14
2417,2018,12
2417,2019,13
2417,2020,13
2417,2021,13
2417,2022,12
2418,2011,9
2418,2012,10
2418,2013,9
2418,2014,11
2418,2015,10
2418,2016,10
2418,2017,11
2418,2018,12
2418,2019,13
2418,2020,11
2418,2021,12
2418,2022,12
2421,2011,11
2421,2012,11
2421,2013,12
2421,2014,12
2421,2015,13
2421,2016,12
2421,2017,12
2421,2018,14
2421,2019,14
2421,2020,14
2421,2021,15
2421,2022,12
2422,2011,11
2422,2012,15
2422,2013,14
2422,2014,14
2422,2015,13
2422,2016,12
2422,2017,11
2422,2018,13
2422,2019,14
2422,2020,13
2422,2021,12
2422,2022,14
2425,2011,12
2425,2012,10
2425,2013,11
2425,2014,12
2425,2015,12
2425,2016,14
2425,2017,14
2425,2018,13
2425,2019,14
2425,2020,13
2425,2021,13
2425,2022,13
2460,2011,11
2460,2012,10
2460,2013,11
2460,2014,10
2460,2015,11
2460,2016,11
2460,2017,12
2460,2018,12
2460,2019,12
2460,2020,11
2460,2021,11
2460,2022,10
2462,2011,16
2462,2012,17
2462,2013,16
2462,2014,16
2462,2015,15
2462,2016,15
2462,2017,16
2462,2018,15
2462,2019,16
2462,2020,15
2462,2021,16
2462,2022,16
2463,2011,16
2463,2012,14
2463,2013,14
2463,2014,15
2463,2015,16
2463,2016,15
2463,2017,18
2463,2018,17
2463,2019,17
2463,2020,17
2463,2021,19
2463,2022,18
2480,2011,14
2480,2012,14
2480,2013,14
2480,2014,14
2480,2015,14
2480,2016,13
2480,2017,14
2480,2018,14
2480,2019,14
2480,2020,15
2480,2021,15
2480,2022,14
2481,2011,10
2481,2012,11
2481,2013,12
2481,2014,13
2481,2015,12
2481,2016,12
2481,2017,13
2481,2018,13
2481,2019,14
2481,2020,13
2481,2021,14
2481,2022,13
2482,2011,10
2482,2012,10
2482,2013,10
2482,2014,10
2482,2015,11
2482,2016,11
2482,2017,11
2482,2018,11
2482,2019,11
2482,2020,11
2482,2021,11
2482,2022,9
2505,2011,9
2505,2012,10
2505,2013,10
2505,2014,10
2505,2015,11
2505,2016,10
2505,2017,12
2505,2018,11
2505,2019,11
2505,2020,12
2505,2021,12
2505,2022,11
2506,2011,13
2506,2012,10
2506,2013,9
2506,2014,9
2506,2015,9
2506,2016,9
2506,2017,10
2506,2018,10
2506,2019,11
2506,2020,10
2506,2021,10
2506,2022,9
2510,2011,13
2510,2012,13
2510,2013,12
2510,2014,12
2510,2015,13
2510,2016,14
2510,2017,14
2510,2018,14
2510,2019,14
2510,2020,13
2510,2021,13
2510,2022,12
2513,2011,11
2513,2012,12
2513,2013,12
2513,2014,12
2513,2015,13
2513,2016,11
2513,2017,12
2513,2018,11
2513,2019,13
2513,2020,11
2513,2021,12
2513,2022,12
2514,2011,10
2514,2012,10
2514,2013,10
2514,2014,11
2514,2015,11
2514,2016,11
2514,2017,11
2514,2018,11
2514,2019,12
2514,2020,11
2514,2021,12
2514,2022,11
2518,2011,14
2518,2012,13
2518,2013,13
2518,2014,15
2518,2015,15
2518,2016,14
2518,2017,16
2518,2018,14
2518,2019,16
2518,2020,15
2518,2021,13
2518,2022,14
2521,2011,11
2521,2012,11
2521,2013,11
2521,2014,11
2521,2015,12
2521,2016,13
2521,2017,15
2521,2018,14
2521,2019,13
2521,2020,13
2521,2021,11
2521,2022,11
2523,2011,6
2523,2012,6
2523,2013,6
2523,2014,7
2523,2015,7
2523,2016,7
2523,2017,7
2523,2018,7
2523,2019,7
2523,2020,7
2523,2021,7
2523,2022,7
2560,2011,11
2560,2012,12
2560,2013,12
2560,2014,13
2560,2015,13
2560,2016,13
2560,2017,14
2560,2018,13
2560,2019,14
2560,2020,14
2560,2021,14
2560,2022,12
2580,2011,12
2580,2012,11
2580,2013,12
2580,2014,12
2580,2015,11
2580,2016,12
2580,2017,12
2580,2018,12
2580,2019,12
2580,2020,12
2580,2021,13
2580,2022,12
2581,2011,9
2581,2012,9
2581,2013,9
2581,2014,10
2581,2015,9
2581,2016,10
2581,2017,10
2581,2018,10
2581,2019,10
2581,2020,10
2581,2021,10
2581,2022,9
2582,2011,11
2582,2012,11
2582,2013,10
2582,2014,11
2582,2015,11
2582,2016,11
2582,2017,11
2582,2018,11
2582,2019,12
2582,2020,11
2582,2021,12
2582,2022,10
2583,2011,15
2583,2012,15
2583,2013,16
2583,2014,17
2583,2015,18
2583,2016,17
2583,2017,18
2583,2018,18
2583,2019,18
2583,2020,17
2583,2021,19
2583,2022,16
2584,2011,6
2584,2012,6
2584,2013,6
2584,2014,6
2584,2015,7
2584,2016,7
2584,2017,8
2584,2018,8
2584,2019,8
2584,2020,8
2584,2021,8
2584,2022,7
