kommun,year,befolkning_utaneuropafodda_antal
0114,2010,4315
0114,2011,4733
0114,2012,4999
0114,2013,5406
0114,2014,5607
0114,2015,6068
0114,2016,6752
0114,2017,7271
0114,2018,7920
0114,2019,8678
0114,2020,9091
0114,2021,9706
0114,2022,10508
0114,2023,11141
0115,2010,1427
0115,2011,1525
0115,2012,1598
0115,2013,1663
0115,2014,1701
0115,2015,1751
0115,2016,1893
0115,2017,2066
0115,2018,2158
0115,2019,2449
0115,2020,2453
0115,2021,2524
0115,2022,2720
0115,2023,2742
0117,2010,1824
0117,2011,1912
0117,2012,2018
0117,2013,2059
0117,2014,2181
0117,2015,2354
0117,2016,2614
0117,2017,2913
0117,2018,3132
0117,2019,3268
0117,2020,3396
0117,2021,3618
0117,2022,3792
0117,2023,3786
0120,2010,1254
0120,2011,1344
0120,2012,1412
0120,2013,1443
0120,2014,1528
0120,2015,1649
0120,2016,1857
0120,2017,2247
0120,2018,2509
0120,2019,2617
0120,2020,2655
0120,2021,2656
0120,2022,2692
0120,2023,2726
0123,2010,8718
0123,2011,9353
0123,2012,9877
0123,2013,10470
0123,2014,11265
0123,2015,12060
0123,2016,13182
0123,2017,14329
0123,2018,15733
0123,2019,16813
0123,2020,17878
0123,2021,19134
0123,2022,20529
0123,2023,21287
0125,2010,807
0125,2011,860
0125,2012,931
0125,2013,947
0125,2014,1003
0125,2015,1033
0125,2016,1139
0125,2017,1288
0125,2018,1515
0125,2019,1568
0125,2020,1547
0125,2021,1612
0125,2022,1609
0125,2023,1615
0126,2010,12632
0126,2011,13224
0126,2012,13885
0126,2013,14468
0126,2014,14984
0126,2015,15522
0126,2016,16316
0126,2017,17408
0126,2018,18419
0126,2019,18949
0126,2020,19292
0126,2021,19628
0126,2022,20155
0126,2023,20017
0127,2010,15111
0127,2011,16097
0127,2012,17018
0127,2013,17742
0127,2014,18427
0127,2015,18844
0127,2016,19748
0127,2017,20715
0127,2018,21680
0127,2019,22842
0127,2020,23311
0127,2021,23888
0127,2022,24093
0127,2023,24507
0128,2010,1019
0128,2011,1081
0128,2012,1142
0128,2013,1204
0128,2014,1347
0128,2015,1488
0128,2016,1631
0128,2017,1746
0128,2018,1792
0128,2019,1877
0128,2020,2027
0128,2021,2185
0128,2022,2256
0128,2023,2352
0136,2010,6842
0136,2011,7302
0136,2012,7748
0136,2013,8058
0136,2014,8576
0136,2015,8966
0136,2016,9691
0136,2017,10533
0136,2018,11241
0136,2019,12048
0136,2020,12598
0136,2021,13277
0136,2022,14169
0136,2023,15006
0138,2010,2528
0138,2011,2630
0138,2012,2701
0138,2013,2793
0138,2014,2928
0138,2015,3082
0138,2016,3340
0138,2017,3555
0138,2018,3951
0138,2019,4219
0138,2020,4347
0138,2021,4524
0138,2022,4582
0138,2023,4625
0139,2010,2392
0139,2011,2535
0139,2012,2675
0139,2013,2789
0139,2014,3039
0139,2015,3250
0139,2016,3630
0139,2017,3967
0139,2018,4564
0139,2019,4991
0139,2020,5494
0139,2021,6012
0139,2022,6596
0139,2023,7018
0140,2010,229
0140,2011,230
0140,2012,237
0140,2013,258
0140,2014,292
0140,2015,331
0140,2016,374
0140,2017,423
0140,2018,470
0140,2019,509
0140,2020,562
0140,2021,641
0140,2022,706
0140,2023,809
0160,2010,3931
0160,2011,4197
0160,2012,4313
0160,2013,4589
0160,2014,4839
0160,2015,5184
0160,2016,5672
0160,2017,6071
0160,2018,6563
0160,2019,6782
0160,2020,7094
0160,2021,7602
0160,2022,8035
0160,2023,8543
0162,2010,1806
0162,2011,1957
0162,2012,1941
0162,2013,2056
0162,2014,2084
0162,2015,2147
0162,2016,2321
0162,2017,2538
0162,2018,2739
0162,2019,2691
0162,2020,2664
0162,2021,2734
0162,2022,2723
0162,2023,2703
0163,2010,7309
0163,2011,7748
0163,2012,8215
0163,2013,8689
0163,2014,9286
0163,2015,9692
0163,2016,10367
0163,2017,11187
0163,2018,11914
0163,2019,12793
0163,2020,13017
0163,2021,13744
0163,2022,14771
0163,2023,15312
0180,2010,105239
0180,2011,110307
0180,2012,114946
0180,2013,119016
0180,2014,121969
0180,2015,124741
0180,2016,129237
0180,2017,136225
0180,2018,142280
0180,2019,147704
0180,2020,148463
0180,2021,151793
0180,2022,155027
0180,2023,155667
0181,2010,14763
0181,2011,15963
0181,2012,17147
0181,2013,18520
0181,2014,19867
0181,2015,20975
0181,2016,22079
0181,2017,23114
0181,2018,24283
0181,2019,25471
0181,2020,26563
0181,2021,27769
0181,2022,28973
0181,2023,29607
0182,2010,7089
0182,2011,7341
0182,2012,7584
0182,2013,7923
0182,2014,8251
0182,2015,8556
0182,2016,9146
0182,2017,9945
0182,2018,10559
0182,2019,10604
0182,2020,10576
0182,2021,10776
0182,2022,10975
0182,2023,11175
0183,2010,5901
0183,2011,6256
0183,2012,6683
0183,2013,7326
0183,2014,7795
0183,2015,8422
0183,2016,9068
0183,2017,9606
0183,2018,10042
0183,2019,10725
0183,2020,10895
0183,2021,11252
0183,2022,11660
0183,2023,12282
0184,2010,9329
0184,2011,10015
0184,2012,10451
0184,2013,10632
0184,2014,10990
0184,2015,11510
0184,2016,12343
0184,2017,13377
0184,2018,14264
0184,2019,15062
0184,2020,15746
0184,2021,16670
0184,2022,17532
0184,2023,17705
0186,2010,2645
0186,2011,2767
0186,2012,2872
0186,2013,3061
0186,2014,3156
0186,2015,3349
0186,2016,3664
0186,2017,3840
0186,2018,4054
0186,2019,4129
0186,2020,4033
0186,2021,4060
0186,2022,4097
0186,2023,4061
0187,2010,400
0187,2011,433
0187,2012,434
0187,2013,443
0187,2014,434
0187,2015,452
0187,2016,504
0187,2017,548
0187,2018,567
0187,2019,558
0187,2020,549
0187,2021,559
0187,2022,532
0187,2023,518
0188,2010,1659
0188,2011,1742
0188,2012,1827
0188,2013,1943
0188,2014,2158
0188,2015,2437
0188,2016,2702
0188,2017,3072
0188,2018,3442
0188,2019,3679
0188,2020,3841
0188,2021,3901
0188,2022,4008
0188,2023,4035
0191,2010,5052
0191,2011,5630
0191,2012,6182
0191,2013,6739
0191,2014,7289
0191,2015,7843
0191,2016,8698
0191,2017,9431
0191,2018,10202
0191,2019,10796
0191,2020,11419
0191,2021,11957
0191,2022,12930
0191,2023,13490
0192,2010,1198
0192,2011,1251
0192,2012,1330
0192,2013,1411
0192,2014,1434
0192,2015,1540
0192,2016,1647
0192,2017,1942
0192,2018,2114
0192,2019,2235
0192,2020,2343
0192,2021,2619
0192,2022,2801
0192,2023,2882
0305,2010,702
0305,2011,757
0305,2012,796
0305,2013,816
0305,2014,851
0305,2015,926
0305,2016,1101
0305,2017,1228
0305,2018,1373
0305,2019,1471
0305,2020,1432
0305,2021,1497
0305,2022,1597
0305,2023,1716
0319,2010,387
0319,2011,439
0319,2012,472
0319,2013,503
0319,2014,572
0319,2015,719
0319,2016,883
0319,2017,902
0319,2018,939
0319,2019,944
0319,2020,918
0319,2021,895
0319,2022,896
0319,2023,876
0330,2010,557
0330,2011,589
0330,2012,644
0330,2013,690
0330,2014,755
0330,2015,852
0330,2016,967
0330,2017,1130
0330,2018,1279
0330,2019,1340
0330,2020,1406
0330,2021,1580
0330,2022,1686
0330,2023,1836
0331,2010,395
0331,2011,403
0331,2012,398
0331,2013,436
0331,2014,496
0331,2015,587
0331,2016,679
0331,2017,732
0331,2018,763
0331,2019,837
0331,2020,854
0331,2021,908
0331,2022,958
0331,2023,935
0360,2010,684
0360,2011,716
0360,2012,733
0360,2013,778
0360,2014,890
0360,2015,1098
0360,2016,1280
0360,2017,1426
0360,2018,1569
0360,2019,1599
0360,2020,1757
0360,2021,1818
0360,2022,1774
0360,2023,1685
0380,2010,19549
0380,2011,20185
0380,2012,20632
0380,2013,21379
0380,2014,21731
0380,2015,22753
0380,2016,24850
0380,2017,27624
0380,2018,30105
0380,2019,32603
0380,2020,33676
0380,2021,35037
0380,2022,36697
0380,2023,37284
0381,2010,1604
0381,2011,1706
0381,2012,1754
0381,2013,1991
0381,2014,2216
0381,2015,2572
0381,2016,3077
0381,2017,3454
0381,2018,3776
0381,2019,4113
0381,2020,4506
0381,2021,4983
0381,2022,5142
0381,2023,5216
0382,2010,440
0382,2011,463
0382,2012,486
0382,2013,506
0382,2014,552
0382,2015,629
0382,2016,748
0382,2017,808
0382,2018,884
0382,2019,931
0382,2020,942
0382,2021,1000
0382,2022,1019
0382,2023,1009
0428,2010,320
0428,2011,371
0428,2012,429
0428,2013,607
0428,2014,677
0428,2015,686
0428,2016,818
0428,2017,927
0428,2018,935
0428,2019,932
0428,2020,951
0428,2021,891
0428,2022,833
0428,2023,796
0461,2010,308
0461,2011,332
0461,2012,349
0461,2013,362
0461,2014,396
0461,2015,436
0461,2016,552
0461,2017,577
0461,2018,620
0461,2019,656
0461,2020,657
0461,2021,667
0461,2022,675
0461,2023,680
0480,2010,2482
0480,2011,2564
0480,2012,2739
0480,2013,3198
0480,2014,3502
0480,2015,3874
0480,2016,4387
0480,2017,4746
0480,2018,5046
0480,2019,5403
0480,2020,5662
0480,2021,5834
0480,2022,5934
0480,2023,5992
0481,2010,517
0481,2011,550
0481,2012,604
0481,2013,706
0481,2014,929
0481,2015,1139
0481,2016,1397
0481,2017,1461
0481,2018,1555
0481,2019,1549
0481,2020,1595
0481,2021,1581
0481,2022,1526
0481,2023,1493
0482,2010,1017
0482,2011,1125
0482,2012,1182
0482,2013,1420
0482,2014,1608
0482,2015,1918
0482,2016,2346
0482,2017,2444
0482,2018,2406
0482,2019,2400
0482,2020,2338
0482,2021,2332
0482,2022,2214
0482,2023,2022
0483,2010,2330
0483,2011,2396
0483,2012,2558
0483,2013,2854
0483,2014,3189
0483,2015,3444
0483,2016,3770
0483,2017,4120
0483,2018,4437
0483,2019,4589
0483,2020,4628
0483,2021,4652
0483,2022,4574
0483,2023,4544
0484,2010,9903
0484,2011,10829
0484,2012,11777
0484,2013,12789
0484,2014,14090
0484,2015,15183
0484,2016,16618
0484,2017,17558
0484,2018,18577
0484,2019,19479
0484,2020,19778
0484,2021,20230
0484,2022,20554
0484,2023,20695
0486,2010,1092
0486,2011,1184
0486,2012,1268
0486,2013,1421
0486,2014,1608
0486,2015,1715
0486,2016,1995
0486,2017,2103
0486,2018,2298
0486,2019,2522
0486,2020,2748
0486,2021,2977
0486,2022,3002
0486,2023,3060
0488,2010,244
0488,2011,252
0488,2012,268
0488,2013,299
0488,2014,344
0488,2015,383
0488,2016,476
0488,2017,527
0488,2018,598
0488,2019,705
0488,2020,802
0488,2021,804
0488,2022,812
0488,2023,791
0509,2010,107
0509,2011,113
0509,2012,133
0509,2013,146
0509,2014,185
0509,2015,215
0509,2016,290
0509,2017,326
0509,2018,333
0509,2019,305
0509,2020,294
0509,2021,279
0509,2022,272
0509,2023,252
0512,2010,55
0512,2011,74
0512,2012,64
0512,2013,88
0512,2014,107
0512,2015,131
0512,2016,149
0512,2017,171
0512,2018,186
0512,2019,177
0512,2020,158
0512,2021,150
0512,2022,164
0512,2023,136
0513,2010,238
0513,2011,272
0513,2012,301
0513,2013,371
0513,2014,403
0513,2015,433
0513,2016,468
0513,2017,517
0513,2018,532
0513,2019,532
0513,2020,534
0513,2021,538
0513,2022,566
0513,2023,566
0560,2010,111
0560,2011,111
0560,2012,137
0560,2013,182
0560,2014,203
0560,2015,229
0560,2016,272
0560,2017,304
0560,2018,314
0560,2019,323
0560,2020,297
0560,2021,300
0560,2022,283
0560,2023,284
0561,2010,248
0561,2011,269
0561,2012,268
0561,2013,280
0561,2014,344
0561,2015,420
0561,2016,488
0561,2017,530
0561,2018,498
0561,2019,513
0561,2020,497
0561,2021,516
0561,2022,529
0561,2023,509
0562,2010,642
0562,2011,693
0562,2012,807
0562,2013,963
0562,2014,1156
0562,2015,1323
0562,2016,1572
0562,2017,1560
0562,2018,1694
0562,2019,1859
0562,2020,1852
0562,2021,1926
0562,2022,1934
0562,2023,1961
0563,2010,220
0563,2011,250
0563,2012,221
0563,2013,278
0563,2014,322
0563,2015,454
0563,2016,578
0563,2017,687
0563,2018,709
0563,2019,656
0563,2020,530
0563,2021,489
0563,2022,451
0563,2023,427
0580,2010,12436
0580,2011,12732
0580,2012,13011
0580,2013,13559
0580,2014,14118
0580,2015,14378
0580,2016,15574
0580,2017,16765
0580,2018,18030
0580,2019,19068
0580,2020,19750
0580,2021,20378
0580,2022,20993
0580,2023,21147
0581,2010,9294
0581,2011,9591
0581,2012,10304
0581,2013,11419
0581,2014,12563
0581,2015,13680
0581,2016,15281
0581,2017,16360
0581,2018,17017
0581,2019,17739
0581,2020,18099
0581,2021,18671
0581,2022,19066
0581,2023,19249
0582,2010,255
0582,2011,255
0582,2012,273
0582,2013,288
0582,2014,306
0582,2015,322
0582,2016,403
0582,2017,460
0582,2018,514
0582,2019,571
0582,2020,564
0582,2021,572
0582,2022,591
0582,2023,556
0583,2010,1746
0583,2011,1783
0583,2012,1947
0583,2013,2314
0583,2014,2705
0583,2015,3126
0583,2016,3471
0583,2017,3750
0583,2018,3976
0583,2019,4059
0583,2020,4105
0583,2021,4155
0583,2022,4159
0583,2023,4136
0584,2010,154
0584,2011,161
0584,2012,157
0584,2013,168
0584,2014,189
0584,2015,222
0584,2016,251
0584,2017,295
0584,2018,321
0584,2019,303
0584,2020,293
0584,2021,296
0584,2022,295
0584,2023,296
0586,2010,816
0586,2011,855
0586,2012,934
0586,2013,1014
0586,2014,1131
0586,2015,1264
0586,2016,1440
0586,2017,1672
0586,2018,1837
0586,2019,2014
0586,2020,2082
0586,2021,2168
0586,2022,2296
0586,2023,2340
0604,2010,159
0604,2011,187
0604,2012,194
0604,2013,197
0604,2014,248
0604,2015,326
0604,2016,378
0604,2017,464
0604,2018,495
0604,2019,498
0604,2020,499
0604,2021,524
0604,2022,486
0604,2023,483
0617,2010,769
0617,2011,766
0617,2012,786
0617,2013,871
0617,2014,1016
0617,2015,1080
0617,2016,1174
0617,2017,1254
0617,2018,1283
0617,2019,1278
0617,2020,1272
0617,2021,1266
0617,2022,1247
0617,2023,1191
0642,2010,175
0642,2011,182
0642,2012,178
0642,2013,187
0642,2014,215
0642,2015,255
0642,2016,296
0642,2017,357
0642,2018,377
0642,2019,378
0642,2020,389
0642,2021,386
0642,2022,408
0642,2023,418
0643,2010,246
0643,2011,258
0643,2012,294
0643,2013,305
0643,2014,312
0643,2015,325
0643,2016,398
0643,2017,478
0643,2018,536
0643,2019,578
0643,2020,574
0643,2021,604
0643,2022,606
0643,2023,617
0662,2010,1272
0662,2011,1244
0662,2012,1302
0662,2013,1452
0662,2014,1584
0662,2015,2179
0662,2016,2662
0662,2017,2900
0662,2018,3174
0662,2019,3297
0662,2020,3305
0662,2021,3347
0662,2022,3382
0662,2023,3331
0665,2010,546
0665,2011,576
0665,2012,591
0665,2013,595
0665,2014,626
0665,2015,693
0665,2016,843
0665,2017,900
0665,2018,933
0665,2019,1058
0665,2020,1119
0665,2021,1119
0665,2022,1177
0665,2023,1179
0680,2010,9133
0680,2011,9341
0680,2012,9675
0680,2013,10230
0680,2014,11073
0680,2015,11657
0680,2016,12760
0680,2017,13955
0680,2018,15135
0680,2019,16341
0680,2020,16985
0680,2021,17693
0680,2022,18605
0680,2023,19002
0682,2010,1553
0682,2011,1661
0682,2012,1804
0682,2013,2104
0682,2014,2575
0682,2015,3103
0682,2016,3488
0682,2017,3761
0682,2018,3942
0682,2019,4006
0682,2020,4045
0682,2021,4162
0682,2022,4232
0682,2023,4160
0683,2010,1381
0683,2011,1440
0683,2012,1552
0683,2013,1709
0683,2014,1898
0683,2015,2071
0683,2016,2420
0683,2017,2606
0683,2018,2803
0683,2019,2968
0683,2020,3021
0683,2021,3141
0683,2022,3194
0683,2023,3132
0684,2010,415
0684,2011,474
0684,2012,536
0684,2013,696
0684,2014,946
0684,2015,1039
0684,2016,1161
0684,2017,1298
0684,2018,1381
0684,2019,1394
0684,2020,1417
0684,2021,1423
0684,2022,1469
0684,2023,1428
0685,2010,809
0685,2011,876
0685,2012,940
0685,2013,1104
0685,2014,1328
0685,2015,1562
0685,2016,1905
0685,2017,2136
0685,2018,2261
0685,2019,2315
0685,2020,2400
0685,2021,2502
0685,2022,2509
0685,2023,2481
0686,2010,369
0686,2011,437
0686,2012,502
0686,2013,583
0686,2014,664
0686,2015,847
0686,2016,1197
0686,2017,1493
0686,2018,1581
0686,2019,1634
0686,2020,1634
0686,2021,1639
0686,2022,1639
0686,2023,1538
0687,2010,695
0687,2011,748
0687,2012,749
0687,2013,830
0687,2014,989
0687,2015,1112
0687,2016,1331
0687,2017,1550
0687,2018,1679
0687,2019,1795
0687,2020,1833
0687,2021,1804
0687,2022,1818
0687,2023,1839
0760,2010,327
0760,2011,396
0760,2012,521
0760,2013,608
0760,2014,619
0760,2015,720
0760,2016,869
0760,2017,962
0760,2018,1031
0760,2019,1090
0760,2020,1076
0760,2021,1076
0760,2022,1059
0760,2023,970
0761,2010,487
0761,2011,462
0761,2012,497
0761,2013,661
0761,2014,969
0761,2015,1293
0761,2016,1502
0761,2017,1560
0761,2018,1619
0761,2019,1560
0761,2020,1490
0761,2021,1440
0761,2022,1350
0761,2023,1253
0763,2010,302
0763,2011,334
0763,2012,356
0763,2013,448
0763,2014,609
0763,2015,772
0763,2016,922
0763,2017,966
0763,2018,977
0763,2019,993
0763,2020,1023
0763,2021,957
0763,2022,958
0763,2023,925
0764,2010,631
0764,2011,731
0764,2012,876
0764,2013,1171
0764,2014,1394
0764,2015,1554
0764,2016,1758
0764,2017,1796
0764,2018,1924
0764,2019,1973
0764,2020,1994
0764,2021,2015
0764,2022,2014
0764,2023,1959
0765,2010,772
0765,2011,833
0765,2012,916
0765,2013,977
0765,2014,1123
0765,2015,1320
0765,2016,1708
0765,2017,2204
0765,2018,2498
0765,2019,2677
0765,2020,2772
0765,2021,2760
0765,2022,2804
0765,2023,2697
0767,2010,264
0767,2011,268
0767,2012,290
0767,2013,338
0767,2014,395
0767,2015,598
0767,2016,840
0767,2017,1018
0767,2018,1123
0767,2019,1174
0767,2020,1185
0767,2021,1165
0767,2022,1088
0767,2023,1072
0780,2010,6208
0780,2011,6461
0780,2012,6664
0780,2013,7250
0780,2014,7755
0780,2015,8144
0780,2016,8845
0780,2017,9642
0780,2018,10255
0780,2019,10853
0780,2020,11059
0780,2021,11555
0780,2022,11935
0780,2023,11876
0781,2010,761
0781,2011,788
0781,2012,852
0781,2013,941
0781,2014,1107
0781,2015,1279
0781,2016,1581
0781,2017,1795
0781,2018,1932
0781,2019,1973
0781,2020,1995
0781,2021,2039
0781,2022,2100
0781,2023,2091
0821,2010,195
0821,2011,211
0821,2012,234
0821,2013,301
0821,2014,441
0821,2015,619
0821,2016,872
0821,2017,929
0821,2018,953
0821,2019,888
0821,2020,767
0821,2021,700
0821,2022,638
0821,2023,582
0834,2010,182
0834,2011,168
0834,2012,159
0834,2013,186
0834,2014,218
0834,2015,290
0834,2016,422
0834,2017,410
0834,2018,427
0834,2019,412
0834,2020,391
0834,2021,367
0834,2022,336
0834,2023,327
0840,2010,233
0840,2011,244
0840,2012,278
0840,2013,308
0840,2014,328
0840,2015,400
0840,2016,651
0840,2017,632
0840,2018,652
0840,2019,660
0840,2020,668
0840,2021,672
0840,2022,685
0840,2023,659
0860,2010,376
0860,2011,402
0860,2012,490
0860,2013,669
0860,2014,856
0860,2015,1157
0860,2016,1868
0860,2017,1833
0860,2018,1698
0860,2019,1592
0860,2020,1460
0860,2021,1437
0860,2022,1439
0860,2023,1415
0861,2010,273
0861,2011,315
0861,2012,343
0861,2013,495
0861,2014,622
0861,2015,732
0861,2016,990
0861,2017,1093
0861,2018,1137
0861,2019,1128
0861,2020,1069
0861,2021,980
0861,2022,957
0861,2023,904
0862,2010,254
0862,2011,269
0862,2012,262
0862,2013,293
0862,2014,364
0862,2015,456
0862,2016,699
0862,2017,790
0862,2018,871
0862,2019,963
0862,2020,971
0862,2021,970
0862,2022,949
0862,2023,858
0880,2010,2885
0880,2011,3014
0880,2012,3132
0880,2013,3307
0880,2014,3668
0880,2015,4087
0880,2016,4557
0880,2017,5015
0880,2018,5491
0880,2019,5920
0880,2020,6238
0880,2021,6543
0880,2022,6827
0880,2023,6969
0881,2010,512
0881,2011,562
0881,2012,577
0881,2013,662
0881,2014,1026
0881,2015,1272
0881,2016,1954
0881,2017,2016
0881,2018,2058
0881,2019,2093
0881,2020,2080
0881,2021,2099
0881,2022,2109
0881,2023,2110
0882,2010,837
0882,2011,908
0882,2012,965
0882,2013,1032
0882,2014,1192
0882,2015,1423
0882,2016,1948
0882,2017,1894
0882,2018,2090
0882,2019,2157
0882,2020,2258
0882,2021,2332
0882,2022,2311
0882,2023,2284
0883,2010,851
0883,2011,911
0883,2012,984
0883,2013,1193
0883,2014,1303
0883,2015,1567
0883,2016,2019
0883,2017,2132
0883,2018,2207
0883,2019,2227
0883,2020,2208
0883,2021,2207
0883,2022,2278
0883,2023,2203
0884,2010,442
0884,2011,474
0884,2012,523
0884,2013,574
0884,2014,647
0884,2015,808
0884,2016,1074
0884,2017,1206
0884,2018,1326
0884,2019,1307
0884,2020,1290
0884,2021,1246
0884,2022,1231
0884,2023,1201
0885,2010,204
0885,2011,200
0885,2012,344
0885,2013,265
0885,2014,373
0885,2015,428
0885,2016,681
0885,2017,600
0885,2018,612
0885,2019,589
0885,2020,565
0885,2021,553
0885,2022,537
0885,2023,503
0980,2010,1162
0980,2011,1213
0980,2012,1245
0980,2013,1274
0980,2014,1342
0980,2015,1487
0980,2016,1847
0980,2017,2080
0980,2018,2418
0980,2019,2593
0980,2020,2659
0980,2021,2794
0980,2022,2918
0980,2023,2935
1060,2010,300
1060,2011,310
1060,2012,377
1060,2013,436
1060,2014,639
1060,2015,855
1060,2016,1165
1060,2017,1244
1060,2018,1335
1060,2019,1318
1060,2020,1257
1060,2021,1202
1060,2022,1153
1060,2023,1107
1080,2010,3850
1080,2011,3908
1080,2012,3412
1080,2013,3484
1080,2014,3807
1080,2015,4519
1080,2016,5108
1080,2017,5300
1080,2018,5292
1080,2019,5426
1080,2020,5395
1080,2021,5446
1080,2022,5505
1080,2023,5261
1081,2010,1301
1081,2011,1128
1081,2012,1176
1081,2013,1368
1081,2014,1732
1081,2015,2345
1081,2016,2939
1081,2017,3353
1081,2018,3573
1081,2019,3626
1081,2020,3463
1081,2021,3311
1081,2022,3315
1081,2023,3231
1082,2010,957
1082,2011,1037
1082,2012,1153
1082,2013,1333
1082,2014,1566
1082,2015,1833
1082,2016,2180
1082,2017,2356
1082,2018,2550
1082,2019,2733
1082,2020,2741
1082,2021,2762
1082,2022,2739
1082,2023,2673
1083,2010,348
1083,2011,339
1083,2012,338
1083,2013,373
1083,2014,524
1083,2015,638
1083,2016,831
1083,2017,879
1083,2018,913
1083,2019,890
1083,2020,833
1083,2021,833
1083,2022,854
1083,2023,853
1214,2010,372
1214,2011,378
1214,2012,411
1214,2013,484
1214,2014,581
1214,2015,672
1214,2016,832
1214,2017,872
1214,2018,903
1214,2019,964
1214,2020,933
1214,2021,926
1214,2022,928
1214,2023,939
1230,2010,691
1230,2011,725
1230,2012,774
1230,2013,827
1230,2014,884
1230,2015,915
1230,2016,1033
1230,2017,1228
1230,2018,1345
1230,2019,1484
1230,2020,1555
1230,2021,1645
1230,2022,1829
1230,2023,1870
1231,2010,1743
1231,2011,1799
1231,2012,1864
1231,2013,1902
1231,2014,1962
1231,2015,2075
1231,2016,2206
1231,2017,2496
1231,2018,2620
1231,2019,2882
1231,2020,2891
1231,2021,3025
1231,2022,3102
1231,2023,3156
1233,2010,556
1233,2011,589
1233,2012,596
1233,2013,620
1233,2014,662
1233,2015,711
1233,2016,809
1233,2017,1016
1233,2018,1162
1233,2019,1077
1233,2020,1035
1233,2021,1050
1233,2022,1103
1233,2023,1072
1256,2010,317
1256,2011,349
1256,2012,416
1256,2013,623
1256,2014,849
1256,2015,1202
1256,2016,1647
1256,2017,1915
1256,2018,2071
1256,2019,2095
1256,2020,2034
1256,2021,1966
1256,2022,1739
1256,2023,1641
1257,2010,194
1257,2011,213
1257,2012,241
1257,2013,293
1257,2014,323
1257,2015,428
1257,2016,562
1257,2017,589
1257,2018,668
1257,2019,700
1257,2020,759
1257,2021,716
1257,2022,678
1257,2023,666
1260,2010,606
1260,2011,615
1260,2012,639
1260,2013,656
1260,2014,773
1260,2015,838
1260,2016,1042
1260,2017,1270
1260,2018,1397
1260,2019,1473
1260,2020,1471
1260,2021,1588
1260,2022,1610
1260,2023,1653
1261,2010,608
1261,2011,634
1261,2012,662
1261,2013,695
1261,2014,776
1261,2015,857
1261,2016,1001
1261,2017,1159
1261,2018,1317
1261,2019,1421
1261,2020,1493
1261,2021,1565
1261,2022,1627
1261,2023,1661
1262,2010,549
1262,2011,576
1262,2012,614
1262,2013,665
1262,2014,692
1262,2015,704
1262,2016,834
1262,2017,951
1262,2018,1121
1262,2019,1168
1262,2020,1167
1262,2021,1168
1262,2022,1226
1262,2023,1178
1263,2010,420
1263,2011,437
1263,2012,471
1263,2013,525
1263,2014,550
1263,2015,581
1263,2016,720
1263,2017,859
1263,2018,948
1263,2019,1007
1263,2020,1046
1263,2021,1121
1263,2022,1149
1263,2023,1167
1264,2010,349
1264,2011,353
1264,2012,362
1264,2013,391
1264,2014,446
1264,2015,499
1264,2016,647
1264,2017,798
1264,2018,855
1264,2019,884
1264,2020,872
1264,2021,887
1264,2022,905
1264,2023,921
1265,2010,274
1265,2011,297
1265,2012,322
1265,2013,339
1265,2014,406
1265,2015,415
1265,2016,481
1265,2017,583
1265,2018,608
1265,2019,622
1265,2020,628
1265,2021,613
1265,2022,627
1265,2023,641
1266,2010,405
1266,2011,431
1266,2012,475
1266,2013,484
1266,2014,508
1266,2015,554
1266,2016,627
1266,2017,749
1266,2018,747
1266,2019,757
1266,2020,695
1266,2021,670
1266,2022,641
1266,2023,647
1267,2010,345
1267,2011,373
1267,2012,382
1267,2013,380
1267,2014,397
1267,2015,425
1267,2016,503
1267,2017,617
1267,2018,659
1267,2019,674
1267,2020,657
1267,2021,640
1267,2022,647
1267,2023,658
1270,2010,206
1270,2011,212
1270,2012,261
1270,2013,285
1270,2014,332
1270,2015,442
1270,2016,572
1270,2017,651
1270,2018,736
1270,2019,784
1270,2020,759
1270,2021,797
1270,2022,804
1270,2023,798
1272,2010,299
1272,2011,361
1272,2012,396
1272,2013,467
1272,2014,566
1272,2015,684
1272,2016,791
1272,2017,903
1272,2018,1049
1272,2019,1070
1272,2020,1065
1272,2021,1082
1272,2022,1050
1272,2023,1003
1273,2010,464
1273,2011,520
1273,2012,546
1273,2013,556
1273,2014,683
1273,2015,803
1273,2016,1019
1273,2017,1128
1273,2018,1209
1273,2019,1178
1273,2020,1166
1273,2021,1173
1273,2022,1181
1273,2023,1166
1275,2010,498
1275,2011,542
1275,2012,490
1275,2013,535
1275,2014,607
1275,2015,647
1275,2016,851
1275,2017,861
1275,2018,995
1275,2019,1054
1275,2020,1071
1275,2021,1139
1275,2022,1095
1275,2023,1021
1276,2010,331
1276,2011,349
1276,2012,371
1276,2013,376
1276,2014,431
1276,2015,519
1276,2016,704
1276,2017,875
1276,2018,1016
1276,2019,1044
1276,2020,998
1276,2021,1002
1276,2022,1057
1276,2023,1019
1277,2010,772
1277,2011,781
1277,2012,813
1277,2013,869
1277,2014,1000
1277,2015,1216
1277,2016,1491
1277,2017,1742
1277,2018,1739
1277,2019,1724
1277,2020,1806
1277,2021,1852
1277,2022,1896
1277,2023,1915
1278,2010,364
1278,2011,379
1278,2012,404
1278,2013,429
1278,2014,481
1278,2015,572
1278,2016,730
1278,2017,833
1278,2018,854
1278,2019,882
1278,2020,877
1278,2021,843
1278,2022,866
1278,2023,804
1280,2010,39164
1280,2011,40845
1280,2012,42747
1280,2013,44809
1280,2014,46815
1280,2015,48646
1280,2016,52412
1280,2017,55986
1280,2018,59441
1280,2019,62161
1280,2020,63933
1280,2021,66059
1280,2022,68522
1280,2023,70202
1281,2010,9506
1281,2011,9792
1281,2012,10129
1281,2013,10400
1281,2014,10854
1281,2015,10618
1281,2016,11417
1281,2017,12767
1281,2018,14020
1281,2019,14947
1281,2020,15416
1281,2021,15960
1281,2022,16534
1281,2023,16735
1282,2010,2644
1282,2011,2717
1282,2012,2811
1282,2013,3100
1282,2014,3484
1282,2015,3779
1282,2016,4098
1282,2017,4450
1282,2018,4595
1282,2019,4659
1282,2020,4735
1282,2021,4801
1282,2022,4945
1282,2023,4989
1283,2010,9333
1283,2011,9802
1283,2012,10388
1283,2013,10861
1283,2014,12131
1283,2015,13554
1283,2016,15267
1283,2017,17170
1283,2018,18710
1283,2019,20097
1283,2020,21051
1283,2021,21938
1283,2022,22965
1283,2023,23429
1284,2010,660
1284,2011,677
1284,2012,720
1284,2013,735
1284,2014,769
1284,2015,857
1284,2016,1075
1284,2017,1166
1284,2018,1298
1284,2019,1419
1284,2020,1433
1284,2021,1460
1284,2022,1502
1284,2023,1497
1285,2010,1296
1285,2011,1366
1285,2012,1402
1285,2013,1483
1285,2014,1630
1285,2015,1740
1285,2016,2001
1285,2017,2308
1285,2018,2583
1285,2019,2839
1285,2020,3072
1285,2021,3291
1285,2022,3371
1285,2023,3363
1286,2010,556
1286,2011,582
1286,2012,608
1286,2013,634
1286,2014,718
1286,2015,837
1286,2016,1142
1286,2017,1210
1286,2018,1347
1286,2019,1363
1286,2020,1461
1286,2021,1522
1286,2022,1583
1286,2023,1599
1287,2010,1067
1287,2011,1169
1287,2012,1214
1287,2013,1285
1287,2014,1426
1287,2015,1634
1287,2016,1837
1287,2017,2157
1287,2018,2291
1287,2019,2405
1287,2020,2504
1287,2021,2634
1287,2022,2755
1287,2023,2827
1290,2010,5276
1290,2011,5532
1290,2012,5912
1290,2013,6422
1290,2014,7038
1290,2015,7472
1290,2016,8028
1290,2017,8710
1290,2018,9197
1290,2019,9783
1290,2020,10175
1290,2021,10427
1290,2022,10601
1290,2023,10600
1291,2010,446
1291,2011,438
1291,2012,474
1291,2013,552
1291,2014,706
1291,2015,899
1291,2016,1309
1291,2017,1287
1291,2018,1284
1291,2019,1298
1291,2020,1239
1291,2021,1216
1291,2022,1199
1291,2023,1144
1292,2010,1035
1292,2011,1088
1292,2012,1151
1292,2013,1267
1292,2014,1402
1292,2015,1480
1292,2016,1695
1292,2017,1939
1292,2018,2084
1292,2019,2167
1292,2020,2212
1292,2021,2285
1292,2022,2352
1292,2023,2444
1293,2010,1932
1293,2011,2044
1293,2012,2162
1293,2013,2301
1293,2014,2696
1293,2015,3022
1293,2016,3645
1293,2017,4005
1293,2018,4251
1293,2019,4354
1293,2020,4435
1293,2021,4559
1293,2022,4591
1293,2023,4585
1315,2010,334
1315,2011,378
1315,2012,406
1315,2013,503
1315,2014,745
1315,2015,1047
1315,2016,1444
1315,2017,1515
1315,2018,1503
1315,2019,1486
1315,2020,1361
1315,2021,1280
1315,2022,1233
1315,2023,1165
1380,2010,3984
1380,2011,4035
1380,2012,4245
1380,2013,4578
1380,2014,5363
1380,2015,6119
1380,2016,7098
1380,2017,7745
1380,2018,8553
1380,2019,9319
1380,2020,9769
1380,2021,10289
1380,2022,10716
1380,2023,11023
1381,2010,425
1381,2011,478
1381,2012,535
1381,2013,593
1381,2014,846
1381,2015,1124
1381,2016,1417
1381,2017,1628
1381,2018,1744
1381,2019,1816
1381,2020,1756
1381,2021,1742
1381,2022,1709
1381,2023,1644
1382,2010,1446
1382,2011,1456
1382,2012,1514
1382,2013,1773
1382,2014,1986
1382,2015,2291
1382,2016,2949
1382,2017,2951
1382,2018,3161
1382,2019,3383
1382,2020,3565
1382,2021,3697
1382,2022,3688
1382,2023,3689
1383,2010,1403
1383,2011,1439
1383,2012,1501
1383,2013,1689
1383,2014,1750
1383,2015,1910
1383,2016,2262
1383,2017,2490
1383,2018,2725
1383,2019,2925
1383,2020,2971
1383,2021,3130
1383,2022,3235
1383,2023,3287
1384,2010,1601
1384,2011,1682
1384,2012,1774
1384,2013,1903
1384,2014,2003
1384,2015,2163
1384,2016,2451
1384,2017,2971
1384,2018,3416
1384,2019,3661
1384,2020,3741
1384,2021,3861
1384,2022,4030
1384,2023,3965
1401,2010,1284
1401,2011,1331
1401,2012,1388
1401,2013,1457
1401,2014,1516
1401,2015,1584
1401,2016,1770
1401,2017,1926
1401,2018,2152
1401,2019,2143
1401,2020,2229
1401,2021,2392
1401,2022,2531
1401,2023,2535
1402,2010,2172
1402,2011,2238
1402,2012,2337
1402,2013,2417
1402,2014,2536
1402,2015,2739
1402,2016,2909
1402,2017,3249
1402,2018,3669
1402,2019,3997
1402,2020,4095
1402,2021,4293
1402,2022,4525
1402,2023,4711
1407,2010,214
1407,2011,220
1407,2012,215
1407,2013,219
1407,2014,236
1407,2015,230
1407,2016,285
1407,2017,353
1407,2018,420
1407,2019,427
1407,2020,415
1407,2021,437
1407,2022,403
1407,2023,386
1415,2010,721
1415,2011,765
1415,2012,783
1415,2013,848
1415,2014,882
1415,2015,991
1415,2016,1123
1415,2017,1275
1415,2018,1372
1415,2019,1495
1415,2020,1544
1415,2021,1612
1415,2022,1645
1415,2023,1640
1419,2010,280
1419,2011,290
1419,2012,333
1419,2013,362
1419,2014,384
1419,2015,397
1419,2016,492
1419,2017,553
1419,2018,581
1419,2019,608
1419,2020,617
1419,2021,654
1419,2022,678
1419,2023,653
1421,2010,252
1421,2011,274
1421,2012,285
1421,2013,305
1421,2014,335
1421,2015,364
1421,2016,442
1421,2017,486
1421,2018,490
1421,2019,532
1421,2020,552
1421,2021,548
1421,2022,555
1421,2023,553
1427,2010,199
1427,2011,199
1427,2012,208
1427,2013,219
1427,2014,233
1427,2015,262
1427,2016,353
1427,2017,379
1427,2018,405
1427,2019,437
1427,2020,427
1427,2021,419
1427,2022,442
1427,2023,432
1430,2010,167
1430,2011,192
1430,2012,192
1430,2013,238
1430,2014,319
1430,2015,360
1430,2016,540
1430,2017,575
1430,2018,606
1430,2019,586
1430,2020,609
1430,2021,560
1430,2022,567
1430,2023,572
1435,2010,282
1435,2011,283
1435,2012,300
1435,2013,343
1435,2014,382
1435,2015,454
1435,2016,557
1435,2017,678
1435,2018,729
1435,2019,725
1435,2020,713
1435,2021,730
1435,2022,731
1435,2023,688
1438,2010,88
1438,2011,103
1438,2012,99
1438,2013,156
1438,2014,158
1438,2015,199
1438,2016,225
1438,2017,244
1438,2018,251
1438,2019,228
1438,2020,216
1438,2021,222
1438,2022,187
1438,2023,185
1439,2010,168
1439,2011,171
1439,2012,168
1439,2013,212
1439,2014,223
1439,2015,287
1439,2016,386
1439,2017,396
1439,2018,399
1439,2019,413
1439,2020,406
1439,2021,378
1439,2022,344
1439,2023,330
1440,2010,1227
1440,2011,1273
1440,2012,1338
1440,2013,1409
1440,2014,1541
1440,2015,1656
1440,2016,1882
1440,2017,2116
1440,2018,2338
1440,2019,2528
1440,2020,2672
1440,2021,2746
1440,2022,2904
1440,2023,2961
1441,2010,1273
1441,2011,1287
1441,2012,1338
1441,2013,1381
1441,2014,1447
1441,2015,1512
1441,2016,1646
1441,2017,1993
1441,2018,2192
1441,2019,2323
1441,2020,2339
1441,2021,2432
1441,2022,2438
1441,2023,2448
1442,2010,396
1442,2011,420
1442,2012,451
1442,2013,482
1442,2014,530
1442,2015,593
1442,2016,691
1442,2017,781
1442,2018,864
1442,2019,918
1442,2020,975
1442,2021,1050
1442,2022,1062
1442,2023,1073
1443,2010,207
1443,2011,215
1443,2012,224
1443,2013,242
1443,2014,250
1443,2015,260
1443,2016,321
1443,2017,371
1443,2018,421
1443,2019,448
1443,2020,445
1443,2021,452
1443,2022,466
1443,2023,414
1444,2010,110
1444,2011,106
1444,2012,126
1444,2013,128
1444,2014,139
1444,2015,157
1444,2016,183
1444,2017,195
1444,2018,209
1444,2019,213
1444,2020,198
1444,2021,191
1444,2022,191
1444,2023,183
1445,2010,98
1445,2011,101
1445,2012,129
1445,2013,136
1445,2014,161
1445,2015,174
1445,2016,186
1445,2017,203
1445,2018,242
1445,2019,283
1445,2020,270
1445,2021,270
1445,2022,275
1445,2023,247
1446,2010,71
1446,2011,77
1446,2012,93
1446,2013,144
1446,2014,176
1446,2015,213
1446,2016,365
1446,2017,384
1446,2018,376
1446,2019,345
1446,2020,343
1446,2021,328
1446,2022,337
1446,2023,328
1447,2010,192
1447,2011,228
1447,2012,285
1447,2013,322
1447,2014,397
1447,2015,422
1447,2016,521
1447,2017,514
1447,2018,535
1447,2019,528
1447,2020,505
1447,2021,510
1447,2022,476
1447,2023,426
1452,2010,324
1452,2011,362
1452,2012,387
1452,2013,432
1452,2014,526
1452,2015,560
1452,2016,713
1452,2017,762
1452,2018,809
1452,2019,850
1452,2020,830
1452,2021,846
1452,2022,839
1452,2023,830
1460,2010,213
1460,2011,257
1460,2012,275
1460,2013,356
1460,2014,449
1460,2015,556
1460,2016,887
1460,2017,954
1460,2018,1011
1460,2019,1015
1460,2020,899
1460,2021,835
1460,2022,783
1460,2023,728
1461,2010,226
1461,2011,223
1461,2012,243
1461,2013,280
1461,2014,395
1461,2015,672
1461,2016,902
1461,2017,918
1461,2018,935
1461,2019,941
1461,2020,917
1461,2021,921
1461,2022,919
1461,2023,894
1462,2010,397
1462,2011,398
1462,2012,435
1462,2013,490
1462,2014,551
1462,2015,612
1462,2016,727
1462,2017,819
1462,2018,880
1462,2019,931
1462,2020,983
1462,2021,1030
1462,2022,967
1462,2023,1003
1463,2010,866
1463,2011,931
1463,2012,991
1463,2013,1046
1463,2014,1132
1463,2015,1217
1463,2016,1447
1463,2017,1631
1463,2018,1813
1463,2019,1892
1463,2020,1930
1463,2021,1941
1463,2022,1976
1463,2023,2009
1465,2010,269
1465,2011,293
1465,2012,321
1465,2013,400
1465,2014,451
1465,2015,555
1465,2016,709
1465,2017,676
1465,2018,718
1465,2019,723
1465,2020,755
1465,2021,729
1465,2022,706
1465,2023,703
1466,2010,223
1466,2011,249
1466,2012,262
1466,2013,288
1466,2014,335
1466,2015,361
1466,2016,425
1466,2017,428
1466,2018,432
1466,2019,445
1466,2020,419
1466,2021,430
1466,2022,431
1466,2023,423
1470,2010,354
1470,2011,388
1470,2012,407
1470,2013,437
1470,2014,489
1470,2015,535
1470,2016,627
1470,2017,700
1470,2018,734
1470,2019,772
1470,2020,811
1470,2021,825
1470,2022,840
1470,2023,801
1471,2010,322
1471,2011,340
1471,2012,351
1471,2013,386
1471,2014,460
1471,2015,524
1471,2016,696
1471,2017,689
1471,2018,717
1471,2019,724
1471,2020,712
1471,2021,733
1471,2022,745
1471,2023,743
1472,2010,471
1472,2011,493
1472,2012,519
1472,2013,602
1472,2014,778
1472,2015,946
1472,2016,1091
1472,2017,1143
1472,2018,1204
1472,2019,1252
1472,2020,1270
1472,2021,1253
1472,2022,1246
1472,2023,1208
1473,2010,168
1473,2011,180
1473,2012,237
1473,2013,291
1473,2014,409
1473,2015,576
1473,2016,776
1473,2017,797
1473,2018,760
1473,2019,798
1473,2020,779
1473,2021,724
1473,2022,720
1473,2023,686
1480,2010,59838
1480,2011,62377
1480,2012,64643
1480,2013,67636
1480,2014,71413
1480,2015,74481
1480,2016,79532
1480,2017,85077
1480,2018,90761
1480,2019,95334
1480,2020,98010
1480,2021,101497
1480,2022,107576
1480,2023,111141
1481,2010,4018
1481,2011,4202
1481,2012,4322
1481,2013,4518
1481,2014,4855
1481,2015,5008
1481,2016,5404
1481,2017,6131
1481,2018,6726
1481,2019,7127
1481,2020,7342
1481,2021,7567
1481,2022,7722
1481,2023,7949
1482,2010,1294
1482,2011,1341
1482,2012,1381
1482,2013,1448
1482,2014,1537
1482,2015,1591
1482,2016,1752
1482,2017,2013
1482,2018,2367
1482,2019,2638
1482,2020,2746
1482,2021,2919
1482,2022,3004
1482,2023,3045
1484,2010,520
1484,2011,523
1484,2012,564
1484,2013,628
1484,2014,671
1484,2015,825
1484,2016,1017
1484,2017,1117
1484,2018,1165
1484,2019,1186
1484,2020,1162
1484,2021,1106
1484,2022,1123
1484,2023,1079
1485,2010,2677
1485,2011,2778
1485,2012,2975
1485,2013,3303
1485,2014,3699
1485,2015,4186
1485,2016,4963
1485,2017,5409
1485,2018,5804
1485,2019,6163
1485,2020,6328
1485,2021,6496
1485,2022,6522
1485,2023,6452
1486,2010,420
1486,2011,503
1486,2012,574
1486,2013,657
1486,2014,726
1486,2015,832
1486,2016,1038
1486,2017,1119
1486,2018,1223
1486,2019,1286
1486,2020,1358
1486,2021,1359
1486,2022,1411
1486,2023,1488
1487,2010,968
1487,2011,1047
1487,2012,1179
1487,2013,1506
1487,2014,1989
1487,2015,2469
1487,2016,3065
1487,2017,3171
1487,2018,3349
1487,2019,3525
1487,2020,3458
1487,2021,3465
1487,2022,3497
1487,2023,3428
1488,2010,3942
1488,2011,4143
1488,2012,4361
1488,2013,4992
1488,2014,5401
1488,2015,5699
1488,2016,6214
1488,2017,6591
1488,2018,7026
1488,2019,7350
1488,2020,7628
1488,2021,7675
1488,2022,7849
1488,2023,7863
1489,2010,1281
1489,2011,1372
1489,2012,1510
1489,2013,1619
1489,2014,1798
1489,2015,1931
1489,2016,2147
1489,2017,2311
1489,2018,2499
1489,2019,2616
1489,2020,2693
1489,2021,2728
1489,2022,2796
1489,2023,2852
1490,2010,7794
1490,2011,8052
1490,2012,8406
1490,2013,9072
1490,2014,9662
1490,2015,10589
1490,2016,11640
1490,2017,12532
1490,2018,13304
1490,2019,14088
1490,2020,14623
1490,2021,15223
1490,2022,15714
1490,2023,15915
1491,2010,695
1491,2011,760
1491,2012,833
1491,2013,909
1491,2014,957
1491,2015,1079
1491,2016,1276
1491,2017,1448
1491,2018,1510
1491,2019,1581
1491,2020,1607
1491,2021,1657
1491,2022,1703
1491,2023,1716
1492,2010,398
1492,2011,411
1492,2012,443
1492,2013,536
1492,2014,724
1492,2015,1038
1492,2016,1290
1492,2017,1354
1492,2018,1443
1492,2019,1385
1492,2020,1340
1492,2021,1250
1492,2022,1194
1492,2023,1122
1493,2010,662
1493,2011,661
1493,2012,730
1493,2013,881
1493,2014,886
1493,2015,951
1493,2016,1090
1493,2017,1160
1493,2018,1225
1493,2019,1314
1493,2020,1333
1493,2021,1373
1493,2022,1456
1493,2023,1449
1494,2010,1083
1494,2011,1154
1494,2012,1220
1494,2013,1334
1494,2014,1498
1494,2015,1599
1494,2016,1825
1494,2017,2096
1494,2018,2282
1494,2019,2418
1494,2020,2542
1494,2021,2613
1494,2022,2676
1494,2023,2724
1495,2010,654
1495,2011,676
1495,2012,757
1495,2013,1017
1495,2014,1212
1495,2015,1333
1495,2016,1644
1495,2017,1620
1495,2018,1715
1495,2019,1805
1495,2020,1808
1495,2021,1794
1495,2022,1790
1495,2023,1740
1496,2010,2758
1496,2011,2851
1496,2012,2995
1496,2013,3307
1496,2014,3576
1496,2015,3820
1496,2016,4223
1496,2017,4652
1496,2018,4967
1496,2019,5254
1496,2020,5407
1496,2021,5624
1496,2022,5820
1496,2023,5949
1497,2010,146
1497,2011,165
1497,2012,185
1497,2013,189
1497,2014,210
1497,2015,290
1497,2016,326
1497,2017,348
1497,2018,375
1497,2019,385
1497,2020,376
1497,2021,377
1497,2022,380
1497,2023,379
1498,2010,242
1498,2011,260
1498,2012,306
1498,2013,367
1498,2014,498
1498,2015,580
1498,2016,695
1498,2017,727
1498,2018,763
1498,2019,768
1498,2020,730
1498,2021,733
1498,2022,723
1498,2023,713
1499,2010,1362
1499,2011,1461
1499,2012,1565
1499,2013,1942
1499,2014,2208
1499,2015,2508
1499,2016,2825
1499,2017,3056
1499,2018,3196
1499,2019,3395
1499,2020,3399
1499,2021,3465
1499,2022,3451
1499,2023,3419
1715,2010,248
1715,2011,258
1715,2012,284
1715,2013,296
1715,2014,333
1715,2015,343
1715,2016,370
1715,2017,416
1715,2018,452
1715,2019,485
1715,2020,474
1715,2021,472
1715,2022,455
1715,2023,456
1730,2010,158
1730,2011,169
1730,2012,203
1730,2013,229
1730,2014,270
1730,2015,336
1730,2016,407
1730,2017,499
1730,2018,548
1730,2019,601
1730,2020,613
1730,2021,606
1730,2022,649
1730,2023,666
1737,2010,210
1737,2011,226
1737,2012,253
1737,2013,272
1737,2014,375
1737,2015,434
1737,2016,752
1737,2017,575
1737,2018,534
1737,2019,540
1737,2020,528
1737,2021,520
1737,2022,480
1737,2023,497
1760,2010,217
1760,2011,227
1760,2012,220
1760,2013,270
1760,2014,328
1760,2015,295
1760,2016,349
1760,2017,356
1760,2018,319
1760,2019,231
1760,2020,207
1760,2021,183
1760,2022,164
1760,2023,142
1761,2010,296
1761,2011,299
1761,2012,310
1761,2013,327
1761,2014,319
1761,2015,348
1761,2016,383
1761,2017,470
1761,2018,517
1761,2019,551
1761,2020,553
1761,2021,564
1761,2022,600
1761,2023,611
1762,2010,59
1762,2011,56
1762,2012,69
1762,2013,74
1762,2014,81
1762,2015,140
1762,2016,234
1762,2017,234
1762,2018,246
1762,2019,217
1762,2020,196
1762,2021,170
1762,2022,164
1762,2023,152
1763,2010,262
1763,2011,278
1763,2012,310
1763,2013,334
1763,2014,396
1763,2015,408
1763,2016,483
1763,2017,519
1763,2018,550
1763,2019,541
1763,2020,544
1763,2021,549
1763,2022,548
1763,2023,562
1764,2010,189
1764,2011,177
1764,2012,206
1764,2013,242
1764,2014,311
1764,2015,358
1764,2016,489
1764,2017,483
1764,2018,466
1764,2019,474
1764,2020,474
1764,2021,474
1764,2022,463
1764,2023,459
1765,2010,223
1765,2011,228
1765,2012,252
1765,2013,379
1765,2014,359
1765,2015,419
1765,2016,548
1765,2017,592
1765,2018,607
1765,2019,671
1765,2020,669
1765,2021,689
1765,2022,665
1765,2023,645
1766,2010,177
1766,2011,187
1766,2012,195
1766,2013,212
1766,2014,329
1766,2015,517
1766,2016,739
1766,2017,686
1766,2018,657
1766,2019,667
1766,2020,650
1766,2021,604
1766,2022,589
1766,2023,587
1780,2010,4341
1780,2011,4389
1780,2012,4540
1780,2013,4769
1780,2014,5003
1780,2015,5332
1780,2016,5944
1780,2017,6545
1780,2018,7095
1780,2019,7726
1780,2020,8111
1780,2021,8402
1780,2022,8801
1780,2023,9013
1781,2010,768
1781,2011,803
1781,2012,917
1781,2013,1150
1781,2014,1427
1781,2015,1704
1781,2016,2112
1781,2017,2116
1781,2018,2065
1781,2019,2069
1781,2020,2065
1781,2021,2061
1781,2022,1997
1781,2023,1925
1782,2010,347
1782,2011,431
1782,2012,547
1782,2013,677
1782,2014,771
1782,2015,928
1782,2016,1329
1782,2017,1222
1782,2018,1355
1782,2019,1276
1782,2020,1222
1782,2021,1136
1782,2022,1105
1782,2023,970
1783,2010,216
1783,2011,235
1783,2012,256
1783,2013,387
1783,2014,400
1783,2015,474
1783,2016,630
1783,2017,626
1783,2018,637
1783,2019,651
1783,2020,608
1783,2021,591
1783,2022,566
1783,2023,542
1784,2010,814
1784,2011,858
1784,2012,882
1784,2013,964
1784,2014,1076
1784,2015,1167
1784,2016,1375
1784,2017,1447
1784,2018,1489
1784,2019,1506
1784,2020,1515
1784,2021,1481
1784,2022,1474
1784,2023,1491
1785,2010,322
1785,2011,372
1785,2012,421
1785,2013,561
1785,2014,759
1785,2015,930
1785,2016,1253
1785,2017,1368
1785,2018,1371
1785,2019,1344
1785,2020,1308
1785,2021,1242
1785,2022,1178
1785,2023,1134
1814,2010,77
1814,2011,76
1814,2012,80
1814,2013,91
1814,2014,107
1814,2015,130
1814,2016,180
1814,2017,230
1814,2018,280
1814,2019,294
1814,2020,293
1814,2021,297
1814,2022,293
1814,2023,299
1860,2010,93
1860,2011,98
1860,2012,136
1860,2013,231
1860,2014,353
1860,2015,422
1860,2016,521
1860,2017,513
1860,2018,524
1860,2019,545
1860,2020,539
1860,2021,526
1860,2022,546
1860,2023,546
1861,2010,651
1861,2011,714
1861,2012,771
1861,2013,810
1861,2014,882
1861,2015,1031
1861,2016,1241
1861,2017,1529
1861,2018,1626
1861,2019,1662
1861,2020,1645
1861,2021,1661
1861,2022,1641
1861,2023,1649
1862,2010,285
1862,2011,311
1862,2012,358
1862,2013,396
1862,2014,487
1862,2015,576
1862,2016,685
1862,2017,769
1862,2018,807
1862,2019,836
1862,2020,821
1862,2021,829
1862,2022,822
1862,2023,793
1863,2010,379
1863,2011,377
1863,2012,365
1863,2013,404
1863,2014,448
1863,2015,595
1863,2016,782
1863,2017,857
1863,2018,829
1863,2019,885
1863,2020,809
1863,2021,771
1863,2022,675
1863,2023,620
1864,2010,96
1864,2011,118
1864,2012,150
1864,2013,255
1864,2014,381
1864,2015,442
1864,2016,569
1864,2017,548
1864,2018,471
1864,2019,428
1864,2020,369
1864,2021,341
1864,2022,323
1864,2023,297
1880,2010,11004
1880,2011,11337
1880,2012,12011
1880,2013,12640
1880,2014,13361
1880,2015,13918
1880,2016,14926
1880,2017,16483
1880,2018,17817
1880,2019,18896
1880,2020,19385
1880,2021,19873
1880,2022,20421
1880,2023,20872
1881,2010,977
1881,2011,1000
1881,2012,1103
1881,2013,1146
1881,2014,1236
1881,2015,1273
1881,2016,1391
1881,2017,1504
1881,2018,1598
1881,2019,1679
1881,2020,1746
1881,2021,1818
1881,2022,1904
1881,2023,1948
1882,2010,126
1882,2011,131
1882,2012,138
1882,2013,248
1882,2014,270
1882,2015,354
1882,2016,521
1882,2017,474
1882,2018,516
1882,2019,544
1882,2020,560
1882,2021,567
1882,2022,577
1882,2023,564
1883,2010,1183
1883,2011,1268
1883,2012,1424
1883,2013,1659
1883,2014,1978
1883,2015,2303
1883,2016,2667
1883,2017,2773
1883,2018,2895
1883,2019,3018
1883,2020,2951
1883,2021,2998
1883,2022,3005
1883,2023,3015
1884,2010,414
1884,2011,444
1884,2012,448
1884,2013,466
1884,2014,495
1884,2015,633
1884,2016,831
1884,2017,904
1884,2018,910
1884,2019,898
1884,2020,879
1884,2021,849
1884,2022,834
1884,2023,787
1885,2010,1168
1885,2011,1273
1885,2012,1332
1885,2013,1612
1885,2014,1723
1885,2015,2050
1885,2016,2295
1885,2017,2298
1885,2018,2324
1885,2019,2307
1885,2020,2230
1885,2021,2195
1885,2022,2116
1885,2023,2062
1904,2010,74
1904,2011,89
1904,2012,111
1904,2013,182
1904,2014,217
1904,2015,268
1904,2016,252
1904,2017,253
1904,2018,243
1904,2019,256
1904,2020,239
1904,2021,241
1904,2022,243
1904,2023,243
1907,2010,327
1907,2011,328
1907,2012,356
1907,2013,393
1907,2014,467
1907,2015,539
1907,2016,607
1907,2017,605
1907,2018,626
1907,2019,642
1907,2020,645
1907,2021,658
1907,2022,649
1907,2023,634
1960,2010,257
1960,2011,266
1960,2012,321
1960,2013,428
1960,2014,520
1960,2015,641
1960,2016,754
1960,2017,926
1960,2018,985
1960,2019,1018
1960,2020,1017
1960,2021,981
1960,2022,973
1960,2023,973
1961,2010,699
1961,2011,752
1961,2012,855
1961,2013,967
1961,2014,1016
1961,2015,1095
1961,2016,1195
1961,2017,1247
1961,2018,1381
1961,2019,1459
1961,2020,1463
1961,2021,1484
1961,2022,1515
1961,2023,1533
1962,2010,151
1962,2011,173
1962,2012,182
1962,2013,255
1962,2014,399
1962,2015,465
1962,2016,516
1962,2017,530
1962,2018,547
1962,2019,515
1962,2020,528
1962,2021,514
1962,2022,467
1962,2023,428
1980,2010,12973
1980,2011,13528
1980,2012,14176
1980,2013,15075
1980,2014,16081
1980,2015,16814
1980,2016,18542
1980,2017,20291
1980,2018,21721
1980,2019,23147
1980,2020,24161
1980,2021,25210
1980,2022,26366
1980,2023,27303
1981,2010,840
1981,2011,859
1981,2012,938
1981,2013,1067
1981,2014,1172
1981,2015,1333
1981,2016,1572
1981,2017,1825
1981,2018,2004
1981,2019,2067
1981,2020,2141
1981,2021,2208
1981,2022,2198
1981,2023,2161
1982,2010,794
1982,2011,875
1982,2012,992
1982,2013,1277
1982,2014,1601
1982,2015,1755
1982,2016,1949
1982,2017,1941
1982,2018,2003
1982,2019,1989
1982,2020,1990
1982,2021,2096
1982,2022,2207
1982,2023,2214
1983,2010,1362
1983,2011,1449
1983,2012,1562
1983,2013,1918
1983,2014,2101
1983,2015,2296
1983,2016,2572
1983,2017,2728
1983,2018,2917
1983,2019,2969
1983,2020,3008
1983,2021,3056
1983,2022,3065
1983,2023,3016
1984,2010,462
1984,2011,499
1984,2012,558
1984,2013,688
1984,2014,844
1984,2015,1065
1984,2016,1126
1984,2017,1154
1984,2018,1263
1984,2019,1287
1984,2020,1276
1984,2021,1306
1984,2022,1266
1984,2023,1219
2021,2010,91
2021,2011,108
2021,2012,114
2021,2013,146
2021,2014,144
2021,2015,207
2021,2016,355
2021,2017,335
2021,2018,297
2021,2019,295
2021,2020,319
2021,2021,320
2021,2022,338
2021,2023,330
2023,2010,268
2023,2011,265
2023,2012,284
2023,2013,295
2023,2014,317
2023,2015,373
2023,2016,502
2023,2017,539
2023,2018,530
2023,2019,563
2023,2020,585
2023,2021,600
2023,2022,602
2023,2023,563
2026,2010,182
2026,2011,192
2026,2012,210
2026,2013,217
2026,2014,234
2026,2015,255
2026,2016,283
2026,2017,285
2026,2018,338
2026,2019,351
2026,2020,344
2026,2021,313
2026,2022,338
2026,2023,299
2029,2010,325
2029,2011,356
2029,2012,371
2029,2013,412
2029,2014,473
2029,2015,523
2029,2016,703
2029,2017,717
2029,2018,802
2029,2019,804
2029,2020,789
2029,2021,797
2029,2022,793
2029,2023,793
2031,2010,146
2031,2011,156
2031,2012,164
2031,2013,177
2031,2014,179
2031,2015,221
2031,2016,311
2031,2017,295
2031,2018,318
2031,2019,330
2031,2020,339
2031,2021,372
2031,2022,375
2031,2023,363
2034,2010,218
2034,2011,234
2034,2012,243
2034,2013,279
2034,2014,316
2034,2015,369
2034,2016,494
2034,2017,555
2034,2018,559
2034,2019,561
2034,2020,529
2034,2021,508
2034,2022,501
2034,2023,472
2039,2010,88
2039,2011,111
2039,2012,122
2039,2013,139
2039,2014,170
2039,2015,196
2039,2016,238
2039,2017,263
2039,2018,307
2039,2019,306
2039,2020,301
2039,2021,304
2039,2022,311
2039,2023,280
2061,2010,279
2061,2011,293
2061,2012,325
2061,2013,372
2061,2014,421
2061,2015,451
2061,2016,561
2061,2017,550
2061,2018,567
2061,2019,548
2061,2020,508
2061,2021,502
2061,2022,473
2061,2023,456
2062,2010,339
2062,2011,349
2062,2012,356
2062,2013,399
2062,2014,416
2062,2015,508
2062,2016,617
2062,2017,699
2062,2018,745
2062,2019,815
2062,2020,841
2062,2021,884
2062,2022,905
2062,2023,894
2080,2010,2127
2080,2011,2235
2080,2012,2386
2080,2013,2516
2080,2014,2647
2080,2015,2795
2080,2016,3170
2080,2017,3559
2080,2018,3786
2080,2019,3932
2080,2020,3906
2080,2021,3939
2080,2022,3859
2080,2023,3866
2081,2010,3860
2081,2011,3865
2081,2012,4012
2081,2013,4548
2081,2014,5147
2081,2015,5538
2081,2016,6109
2081,2017,6516
2081,2018,6756
2081,2019,7001
2081,2020,6961
2081,2021,6976
2081,2022,6952
2081,2023,6833
2082,2010,235
2082,2011,265
2082,2012,301
2082,2013,338
2082,2014,358
2082,2015,378
2082,2016,401
2082,2017,447
2082,2018,444
2082,2019,472
2082,2020,503
2082,2021,520
2082,2022,543
2082,2023,527
2083,2010,395
2083,2011,428
2083,2012,533
2083,2013,574
2083,2014,741
2083,2015,976
2083,2016,1264
2083,2017,1362
2083,2018,1303
2083,2019,1361
2083,2020,1325
2083,2021,1322
2083,2022,1272
2083,2023,1206
2084,2010,778
2084,2011,791
2084,2012,878
2084,2013,1170
2084,2014,1573
2084,2015,2328
2084,2016,2732
2084,2017,2814
2084,2018,2831
2084,2019,2828
2084,2020,2764
2084,2021,2631
2084,2022,2568
2084,2023,2497
2085,2010,1354
2085,2011,1348
2085,2012,1505
2085,2013,1678
2085,2014,2028
2085,2015,2500
2085,2016,3143
2085,2017,3260
2085,2018,3439
2085,2019,3511
2085,2020,3391
2085,2021,3374
2085,2022,3371
2085,2023,3528
2101,2010,203
2101,2011,235
2101,2012,256
2101,2013,287
2101,2014,335
2101,2015,470
2101,2016,537
2101,2017,580
2101,2018,593
2101,2019,577
2101,2020,552
2101,2021,531
2101,2022,499
2101,2023,449
2104,2010,407
2104,2011,404
2104,2012,434
2104,2013,469
2104,2014,521
2104,2015,584
2104,2016,705
2104,2017,767
2104,2018,770
2104,2019,773
2104,2020,792
2104,2021,788
2104,2022,731
2104,2023,697
2121,2010,205
2121,2011,230
2121,2012,258
2121,2013,329
2121,2014,481
2121,2015,644
2121,2016,766
2121,2017,754
2121,2018,834
2121,2019,860
2121,2020,838
2121,2021,824
2121,2022,782
2121,2023,722
2132,2010,250
2132,2011,296
2132,2012,339
2132,2013,354
2132,2014,405
2132,2015,446
2132,2016,493
2132,2017,485
2132,2018,525
2132,2019,492
2132,2020,479
2132,2021,469
2132,2022,467
2132,2023,439
2161,2010,557
2161,2011,645
2161,2012,757
2161,2013,934
2161,2014,1072
2161,2015,1222
2161,2016,1359
2161,2017,1389
2161,2018,1413
2161,2019,1389
2161,2020,1347
2161,2021,1292
2161,2022,1246
2161,2023,1196
2180,2010,6539
2180,2011,6587
2180,2012,7070
2180,2013,7988
2180,2014,8978
2180,2015,9259
2180,2016,9903
2180,2017,10464
2180,2018,10933
2180,2019,11574
2180,2020,11902
2180,2021,12096
2180,2022,12235
2180,2023,12303
2181,2010,2142
2181,2011,2363
2181,2012,2538
2181,2013,2865
2181,2014,3373
2181,2015,4007
2181,2016,4671
2181,2017,5056
2181,2018,5168
2181,2019,5314
2181,2020,5359
2181,2021,5353
2181,2022,5385
2181,2023,5150
2182,2010,907
2182,2011,951
2182,2012,1029
2182,2013,1345
2182,2014,1551
2182,2015,1899
2182,2016,2286
2182,2017,2291
2182,2018,2332
2182,2019,2432
2182,2020,2415
2182,2021,2386
2182,2022,2358
2182,2023,2207
2183,2010,913
2183,2011,958
2183,2012,1045
2183,2013,1232
2183,2014,1568
2183,2015,1945
2183,2016,2274
2183,2017,2406
2183,2018,2421
2183,2019,2380
2183,2020,2324
2183,2021,2287
2183,2022,2259
2183,2023,2170
2184,2010,1162
2184,2011,1233
2184,2012,1341
2184,2013,1463
2184,2014,1613
2184,2015,1691
2184,2016,1957
2184,2017,2023
2184,2018,2160
2184,2019,2289
2184,2020,2316
2184,2021,2351
2184,2022,2330
2184,2023,2312
2260,2010,214
2260,2011,217
2260,2012,221
2260,2013,254
2260,2014,288
2260,2015,318
2260,2016,402
2260,2017,439
2260,2018,435
2260,2019,397
2260,2020,355
2260,2021,354
2260,2022,335
2260,2023,324
2262,2010,685
2262,2011,781
2262,2012,843
2262,2013,911
2262,2014,923
2262,2015,961
2262,2016,1014
2262,2017,1074
2262,2018,1089
2262,2019,1076
2262,2020,1127
2262,2021,1124
2262,2022,1126
2262,2023,1069
2280,2010,1101
2280,2011,1176
2280,2012,1244
2280,2013,1519
2280,2014,1860
2280,2015,2272
2280,2016,2622
2280,2017,2751
2280,2018,2756
2280,2019,2783
2280,2020,2724
2280,2021,2687
2280,2022,2692
2280,2023,2594
2281,2010,4388
2281,2011,4603
2281,2012,4928
2281,2013,5311
2281,2014,5686
2281,2015,5896
2281,2016,6343
2281,2017,6721
2281,2018,6973
2281,2019,7385
2281,2020,7530
2281,2021,7689
2281,2022,7755
2281,2023,7734
2282,2010,439
2282,2011,478
2282,2012,507
2282,2013,684
2282,2014,810
2282,2015,983
2282,2016,1338
2282,2017,1354
2282,2018,1398
2282,2019,1438
2282,2020,1386
2282,2021,1281
2282,2022,1208
2282,2023,1124
2283,2010,668
2283,2011,714
2283,2012,792
2283,2013,942
2283,2014,1160
2283,2015,1355
2283,2016,1608
2283,2017,1706
2283,2018,1666
2283,2019,1492
2283,2020,1400
2283,2021,1371
2283,2022,1299
2283,2023,1266
2284,2010,1731
2284,2011,1817
2284,2012,1931
2284,2013,2070
2284,2014,2294
2284,2015,2665
2284,2016,3078
2284,2017,3424
2284,2018,3496
2284,2019,3634
2284,2020,3562
2284,2021,3500
2284,2022,3430
2284,2023,3358
2303,2010,113
2303,2011,126
2303,2012,166
2303,2013,219
2303,2014,249
2303,2015,287
2303,2016,393
2303,2017,434
2303,2018,369
2303,2019,341
2303,2020,299
2303,2021,303
2303,2022,287
2303,2023,260
2305,2010,274
2305,2011,294
2305,2012,337
2305,2013,350
2305,2014,386
2305,2015,450
2305,2016,505
2305,2017,534
2305,2018,462
2305,2019,423
2305,2020,382
2305,2021,379
2305,2022,370
2305,2023,353
2309,2010,285
2309,2011,295
2309,2012,324
2309,2013,447
2309,2014,425
2309,2015,532
2309,2016,611
2309,2017,672
2309,2018,635
2309,2019,623
2309,2020,605
2309,2021,585
2309,2022,561
2309,2023,545
2313,2010,419
2313,2011,526
2313,2012,582
2313,2013,621
2313,2014,633
2313,2015,632
2313,2016,803
2313,2017,833
2313,2018,802
2313,2019,817
2313,2020,780
2313,2021,767
2313,2022,731
2313,2023,634
2321,2010,187
2321,2011,225
2321,2012,266
2321,2013,336
2321,2014,428
2321,2015,549
2321,2016,791
2321,2017,882
2321,2018,925
2321,2019,936
2321,2020,931
2321,2021,867
2321,2022,805
2321,2023,774
2326,2010,148
2326,2011,184
2326,2012,188
2326,2013,251
2326,2014,265
2326,2015,288
2326,2016,390
2326,2017,409
2326,2018,373
2326,2019,339
2326,2020,354
2326,2021,362
2326,2022,371
2326,2023,362
2361,2010,224
2361,2011,248
2361,2012,279
2361,2013,403
2361,2014,419
2361,2015,486
2361,2016,563
2361,2017,613
2361,2018,599
2361,2019,567
2361,2020,554
2361,2021,541
2361,2022,521
2361,2023,509
2380,2010,1874
2380,2011,1894
2380,2012,2010
2380,2013,2414
2380,2014,2676
2380,2015,2903
2380,2016,3244
2380,2017,3606
2380,2018,3909
2380,2019,4254
2380,2020,4339
2380,2021,4425
2380,2022,4594
2380,2023,4642
2401,2010,171
2401,2011,200
2401,2012,217
2401,2013,240
2401,2014,309
2401,2015,339
2401,2016,376
2401,2017,393
2401,2018,429
2401,2019,448
2401,2020,421
2401,2021,440
2401,2022,415
2401,2023,412
2403,2010,99
2403,2011,119
2403,2012,139
2403,2013,157
2403,2014,170
2403,2015,190
2403,2016,203
2403,2017,210
2403,2018,225
2403,2019,212
2403,2020,190
2403,2021,207
2403,2022,201
2403,2023,179
2404,2010,83
2404,2011,90
2404,2012,112
2404,2013,130
2404,2014,182
2404,2015,197
2404,2016,248
2404,2017,270
2404,2018,313
2404,2019,337
2404,2020,336
2404,2021,336
2404,2022,312
2404,2023,304
2409,2010,159
2409,2011,182
2409,2012,197
2409,2013,208
2409,2014,235
2409,2015,270
2409,2016,292
2409,2017,322
2409,2018,325
2409,2019,332
2409,2020,329
2409,2021,319
2409,2022,341
2409,2023,328
2417,2010,146
2417,2011,160
2417,2012,184
2417,2013,217
2417,2014,241
2417,2015,259
2417,2016,267
2417,2017,265
2417,2018,260
2417,2019,244
2417,2020,215
2417,2021,214
2417,2022,212
2417,2023,207
2418,2010,101
2418,2011,95
2418,2012,92
2418,2013,100
2418,2014,128
2418,2015,154
2418,2016,160
2418,2017,197
2418,2018,218
2418,2019,226
2418,2020,218
2418,2021,221
2418,2022,223
2418,2023,221
2421,2010,90
2421,2011,100
2421,2012,129
2421,2013,159
2421,2014,186
2421,2015,209
2421,2016,240
2421,2017,299
2421,2018,347
2421,2019,334
2421,2020,349
2421,2021,324
2421,2022,312
2421,2023,292
2422,2010,131
2422,2011,176
2422,2012,181
2422,2013,130
2422,2014,159
2422,2015,152
2422,2016,178
2422,2017,163
2422,2018,151
2422,2019,135
2422,2020,119
2422,2021,118
2422,2022,117
2422,2023,104
2425,2010,124
2425,2011,140
2425,2012,122
2425,2013,116
2425,2014,139
2425,2015,172
2425,2016,178
2425,2017,166
2425,2018,135
2425,2019,129
2425,2020,113
2425,2021,114
2425,2022,107
2425,2023,82
2460,2010,237
2460,2011,241
2460,2012,272
2460,2013,296
2460,2014,343
2460,2015,375
2460,2016,436
2460,2017,487
2460,2018,511
2460,2019,515
2460,2020,554
2460,2021,542
2460,2022,538
2460,2023,539
2462,2010,230
2462,2011,238
2462,2012,269
2462,2013,298
2462,2014,345
2462,2015,366
2462,2016,388
2462,2017,408
2462,2018,379
2462,2019,366
2462,2020,339
2462,2021,354
2462,2022,358
2462,2023,342
2463,2010,78
2463,2011,83
2463,2012,101
2463,2013,105
2463,2014,117
2463,2015,143
2463,2016,180
2463,2017,143
2463,2018,136
2463,2019,133
2463,2020,132
2463,2021,135
2463,2022,113
2463,2023,110
2480,2010,6624
2480,2011,6768
2480,2012,6793
2480,2013,7030
2480,2014,7260
2480,2015,7275
2480,2016,7995
2480,2017,8995
2480,2018,9670
2480,2019,10402
2480,2020,10754
2480,2021,11002
2480,2022,11383
2480,2023,11513
2481,2010,484
2481,2011,525
2481,2012,570
2481,2013,615
2481,2014,661
2481,2015,707
2481,2016,769
2481,2017,867
2481,2018,907
2481,2019,932
2481,2020,944
2481,2021,946
2481,2022,955
2481,2023,946
2482,2010,2451
2482,2011,2640
2482,2012,2845
2482,2013,3148
2482,2014,3423
2482,2015,3595
2482,2016,3911
2482,2017,4276
2482,2018,4335
2482,2019,4401
2482,2020,4506
2482,2021,4810
2482,2022,5316
2482,2023,6771
2505,2010,161
2505,2011,179
2505,2012,190
2505,2013,227
2505,2014,270
2505,2015,287
2505,2016,305
2505,2017,359
2505,2018,334
2505,2019,322
2505,2020,287
2505,2021,295
2505,2022,282
2505,2023,271
2506,2010,95
2506,2011,98
2506,2012,104
2506,2013,114
2506,2014,128
2506,2015,134
2506,2016,148
2506,2017,131
2506,2018,128
2506,2019,133
2506,2020,98
2506,2021,100
2506,2022,105
2506,2023,94
2510,2010,173
2510,2011,157
2510,2012,179
2510,2013,206
2510,2014,262
2510,2015,312
2510,2016,406
2510,2017,398
2510,2018,337
2510,2019,314
2510,2020,307
2510,2021,291
2510,2022,285
2510,2023,270
2513,2010,147
2513,2011,151
2513,2012,165
2513,2013,178
2513,2014,203
2513,2015,233
2513,2016,224
2513,2017,265
2513,2018,234
2513,2019,262
2513,2020,272
2513,2021,262
2513,2022,237
2513,2023,243
2514,2010,304
2514,2011,327
2514,2012,365
2514,2013,390
2514,2014,430
2514,2015,465
2514,2016,550
2514,2017,634
2514,2018,638
2514,2019,670
2514,2020,673
2514,2021,709
2514,2022,739
2514,2023,721
2518,2010,141
2518,2011,153
2518,2012,164
2518,2013,186
2518,2014,223
2518,2015,242
2518,2016,269
2518,2017,288
2518,2018,295
2518,2019,234
2518,2020,213
2518,2021,193
2518,2022,161
2518,2023,140
2521,2010,103
2521,2011,103
2521,2012,114
2521,2013,143
2521,2014,176
2521,2015,221
2521,2016,293
2521,2017,335
2521,2018,300
2521,2019,326
2521,2020,283
2521,2021,266
2521,2022,245
2521,2023,247
2523,2010,489
2523,2011,533
2523,2012,569
2523,2013,641
2523,2014,630
2523,2015,667
2523,2016,722
2523,2017,803
2523,2018,874
2523,2019,901
2523,2020,956
2523,2021,1033
2523,2022,1086
2523,2023,1120
2560,2010,239
2560,2011,275
2560,2012,275
2560,2013,298
2560,2014,328
2560,2015,356
2560,2016,417
2560,2017,519
2560,2018,465
2560,2019,444
2560,2020,454
2560,2021,445
2560,2022,438
2560,2023,415
2580,2010,3104
2580,2011,3147
2580,2012,3322
2580,2013,3436
2580,2014,3686
2580,2015,3730
2580,2016,4067
2580,2017,4540
2580,2018,4860
2580,2019,5166
2580,2020,5340
2580,2021,5560
2580,2022,5812
2580,2023,5931
2581,2010,735
2581,2011,799
2581,2012,843
2581,2013,924
2581,2014,991
2581,2015,1064
2581,2016,1395
2581,2017,1656
2581,2018,1623
2581,2019,1710
2581,2020,1791
2581,2021,1814
2581,2022,1864
2581,2023,1882
2582,2010,766
2582,2011,920
2582,2012,1083
2582,2013,1295
2582,2014,1333
2582,2015,1373
2582,2016,1475
2582,2017,1697
2582,2018,1609
2582,2019,1652
2582,2020,1683
2582,2021,1742
2582,2022,1769
2582,2023,1807
2583,2010,151
2583,2011,187
2583,2012,211
2583,2013,247
2583,2014,261
2583,2015,338
2583,2016,449
2583,2017,542
2583,2018,555
2583,2019,547
2583,2020,511
2583,2021,503
2583,2022,519
2583,2023,493
2584,2010,540
2584,2011,596
2584,2012,656
2584,2013,767
2584,2014,819
2584,2015,892
2584,2016,1060
2584,2017,1170
2584,2018,1214
2584,2019,1260
2584,2020,1303
2584,2021,1363
2584,2022,1369
2584,2023,1429
